date,corn,soybean
2005-01-03,201.75,537.25
2005-01-04,201.0,529.75
2005-01-05,201.5,534.0
2005-01-06,208.75,541.75
2005-01-07,206.75,551.75
2005-01-10,206.75,560.0
2005-01-11,206.75,557.5
2005-01-12,200.5,554.0
2005-01-13,200.0,557.5
2005-01-14,197.25,542.0
2005-01-18,196.0,513.5
2005-01-19,196.75,517.75
2005-01-20,197.75,523.25
2005-01-21,197.0,516.75
2005-01-24,197.75,520.0
2005-01-25,199.0,526.0
2005-01-26,198.75,523.0
2005-01-27,195.75,515.75
2005-01-28,195.75,514.0
2005-01-31,197.0,514.75
2005-02-01,197.0,507.0
2005-02-02,195.25,505.25
2005-02-03,195.0,502.0
2005-02-04,195.0,499.5
2005-02-07,196.25,501.25
2005-02-08,194.75,503.5
2005-02-09,195.0,510.75
2005-02-10,198.25,516.0
2005-02-11,198.25,525.75
2005-02-14,200.5,535.75
2005-02-15,200.0,535.25
2005-02-16,197.0,535.0
2005-02-17,199.25,552.0
2005-02-18,200.0,552.5
2005-02-22,207.5,577.0
2005-02-23,205.75,576.75
2005-02-24,205.75,569.0
2005-02-25,211.5,597.5
2005-02-28,214.5,615.5
2005-03-01,211.0,605.0
2005-03-02,210.25,618.75
2005-03-03,209.5,620.0
2005-03-04,209.0,622.75
2005-03-07,205.5,608.5
2005-03-08,206.75,619.5
2005-03-09,209.25,624.0
2005-03-10,212.5,633.25
2005-03-11,217.5,656.75
2005-03-14,214.5,654.0
2005-03-15,228.5,681.0
2005-03-16,225.5,673.5
2005-03-17,223.5,671.5
2005-03-18,219.75,649.0
2005-03-21,214.5,626.5
2005-03-22,214.0,627.25
2005-03-23,210.75,623.25
2005-03-24,210.5,628.75
2005-03-28,212.75,625.75
2005-03-29,213.0,624.0
2005-03-30,212.5,641.0
2005-03-31,213.0,627.5
2005-04-01,212.75,614.0
2005-04-04,209.75,615.0
2005-04-05,205.5,617.5
2005-04-06,207.25,623.25
2005-04-07,205.5,623.5
2005-04-08,204.0,612.0
2005-04-11,205.75,616.75
2005-04-12,206.75,617.5
2005-04-13,205.75,623.25
2005-04-14,207.5,617.0
2005-04-15,206.25,616.25
2005-04-18,204.25,609.5
2005-04-19,209.5,631.0
2005-04-20,210.75,630.75
2005-04-21,211.25,637.75
2005-04-22,209.25,633.0
2005-04-25,213.25,635.25
2005-04-26,213.0,636.75
2005-04-27,208.25,627.25
2005-04-28,204.5,618.0
2005-04-29,204.75,619.25
2005-05-02,200.5,619.25
2005-05-03,197.0,618.75
2005-05-04,198.0,620.0
2005-05-05,199.75,623.5
2005-05-06,200.5,635.0
2005-05-09,199.75,632.0
2005-05-10,200.25,628.25
2005-05-11,198.25,628.0
2005-05-12,196.25,619.75
2005-05-13,195.25,603.75
2005-05-16,207.0,623.5
2005-05-17,207.5,620.75
2005-05-18,210.75,633.25
2005-05-19,209.5,629.25
2005-05-20,213.25,632.0
2005-05-23,224.5,640.0
2005-05-24,221.25,645.5
2005-05-25,222.75,666.5
2005-05-26,225.0,676.0
2005-05-27,221.25,667.75
2005-05-31,222.0,680.25
2005-06-01,224.5,685.25
2005-06-02,217.0,668.5
2005-06-03,218.25,675.25
2005-06-06,220.75,677.75
2005-06-07,220.25,674.75
2005-06-08,216.0,667.5
2005-06-09,215.5,673.25
2005-06-10,210.0,666.25
2005-06-13,215.0,680.5
2005-06-14,219.0,689.75
2005-06-15,224.25,702.5
2005-06-16,225.75,700.75
2005-06-17,229.0,724.0
2005-06-20,235.5,739.0
2005-06-21,232.25,735.25
2005-06-22,229.5,737.0
2005-06-23,226.5,725.75
2005-06-24,232.75,744.5
2005-06-27,221.5,694.5
2005-06-28,218.5,666.75
2005-06-29,216.5,672.0
2005-06-30,212.25,651.75
2005-07-01,216.5,673.5
2005-07-05,231.0,712.25
2005-07-06,230.75,696.25
2005-07-07,233.75,692.0
2005-07-08,226.25,675.5
2005-07-11,226.75,688.0
2005-07-12,227.0,698.5
2005-07-13,237.25,711.5
2005-07-14,245.25,723.0
2005-07-15,257.75,721.0
2005-07-18,260.0,717.25
2005-07-19,248.5,682.5
2005-07-20,241.5,684.5
2005-07-21,234.0,669.5
2005-07-22,233.5,669.25
2005-07-25,230.5,669.75
2005-07-26,234.25,676.0
2005-07-27,236.5,673.75
2005-07-28,241.0,684.25
2005-07-29,236.5,671.75
2005-08-01,231.75,673.0
2005-08-02,232.5,689.5
2005-08-03,227.0,670.0
2005-08-04,224.5,671.25
2005-08-05,220.5,658.5
2005-08-08,222.0,660.5
2005-08-09,218.75,643.0
2005-08-10,223.0,643.5
2005-08-11,225.0,641.0
2005-08-12,217.75,643.0
2005-08-15,210.5,612.75
2005-08-16,209.5,616.75
2005-08-17,213.0,615.0
2005-08-18,211.25,609.75
2005-08-19,210.25,597.25
2005-08-22,212.5,607.25
2005-08-23,210.5,610.75
2005-08-24,208.75,602.5
2005-08-25,206.25,587.0
2005-08-26,203.75,591.0
2005-08-29,204.75,594.0
2005-08-30,203.5,599.75
2005-08-31,201.5,586.75
2005-09-01,207.75,595.75
2005-09-02,203.5,588.5
2005-09-06,207.5,604.75
2005-09-07,204.25,595.0
2005-09-08,202.75,590.5
2005-09-09,203.0,580.5
2005-09-12,198.5,575.0
2005-09-13,198.5,576.0
2005-09-14,195.0,569.5
2005-09-15,206.5,568.75
2005-09-16,206.25,571.25
2005-09-19,206.25,576.0
2005-09-20,206.75,572.0
2005-09-21,206.5,577.75
2005-09-22,208.25,580.5
2005-09-23,207.25,574.0
2005-09-26,204.5,567.5
2005-09-27,203.25,557.5
2005-09-28,203.25,562.75
2005-09-29,203.5,560.5
2005-09-30,205.5,573.25
2005-10-03,208.75,581.0
2005-10-04,205.75,562.5
2005-10-05,204.75,563.5
2005-10-06,204.25,564.25
2005-10-07,202.5,564.25
2005-10-10,202.0,555.5
2005-10-11,202.5,563.5
2005-10-12,205.75,589.0
2005-10-13,203.5,588.25
2005-10-14,203.5,589.5
2005-10-17,203.75,591.25
2005-10-18,202.0,584.5
2005-10-19,201.75,589.25
2005-10-20,202.75,585.0
2005-10-21,201.5,572.25
2005-10-24,199.5,575.0
2005-10-25,199.5,578.0
2005-10-26,198.25,571.5
2005-10-27,197.75,571.0
2005-10-28,197.0,565.0
2005-10-31,196.25,564.75
2005-11-01,196.75,574.5
2005-11-02,196.0,573.5
2005-11-03,196.25,591.75
2005-11-04,195.5,580.5
2005-11-07,194.75,571.5
2005-11-08,195.25,574.25
2005-11-09,195.25,578.25
2005-11-10,193.75,577.0
2005-11-11,195.5,593.0
2005-11-14,196.75,590.25
2005-11-15,195.75,592.25
2005-11-16,192.75,576.75
2005-11-17,192.25,579.25
2005-11-18,191.25,569.75
2005-11-21,191.5,572.25
2005-11-22,191.5,572.25
2005-11-23,190.75,562.0
2005-11-24,190.75,562.0
2005-11-25,189.75,554.25
2005-11-28,187.75,558.25
2005-11-29,186.25,554.0
2005-11-30,187.5,558.0
2005-12-01,189.25,559.75
2005-12-02,189.75,562.75
2005-12-05,193.5,573.25
2005-12-06,190.75,564.0
2005-12-07,187.0,559.0
2005-12-08,188.25,566.75
2005-12-09,189.75,568.75
2005-12-12,194.25,584.0
2005-12-13,195.5,597.5
2005-12-14,194.25,592.5
2005-12-15,204.75,587.25
2005-12-16,207.5,592.25
2005-12-19,208.75,608.5
2005-12-20,209.75,605.25
2005-12-21,210.0,606.5
2005-12-22,212.75,612.75
2005-12-23,214.0,613.0
2005-12-27,215.5,611.5
2005-12-28,216.25,611.0
2005-12-29,211.0,597.75
2005-12-30,215.75,602.0
2006-01-03,220.0,617.5
2006-01-04,218.25,621.0
2006-01-05,215.5,608.0
2006-01-06,214.25,600.5
2006-01-09,211.0,584.0
2006-01-10,213.25,578.25
2006-01-11,214.5,574.5
2006-01-12,212.75,562.0
2006-01-13,213.5,565.0
2006-01-17,208.75,571.25
2006-01-18,205.75,565.75
2006-01-19,205.0,565.0
2006-01-20,205.0,568.0
2006-01-23,208.25,574.5
2006-01-24,213.25,571.25
2006-01-25,216.5,567.0
2006-01-26,217.0,573.0
2006-01-27,218.75,589.25
2006-01-30,217.75,598.75
2006-01-31,218.75,594.25
2006-02-01,216.5,579.5
2006-02-02,220.5,584.0
2006-02-03,225.25,594.75
2006-02-06,222.75,587.0
2006-02-07,218.0,574.0
2006-02-08,221.25,578.0
2006-02-09,225.5,587.75
2006-02-10,221.25,582.25
2006-02-13,220.75,584.25
2006-02-14,218.75,583.25
2006-02-15,222.0,587.0
2006-02-16,223.5,591.5
2006-02-17,226.5,601.25
2006-02-21,226.0,587.5
2006-02-22,221.5,574.0
2006-02-23,223.0,571.75
2006-02-24,227.75,577.25
2006-02-27,227.5,579.5
2006-02-28,228.0,580.25
2006-03-01,224.25,577.5
2006-03-02,228.5,591.0
2006-03-03,228.75,593.25
2006-03-06,223.0,587.0
2006-03-07,221.0,578.0
2006-03-08,219.0,572.25
2006-03-09,223.25,576.5
2006-03-10,226.0,578.25
2006-03-13,220.5,573.5
2006-03-14,218.75,574.75
2006-03-15,229.25,584.25
2006-03-16,224.5,576.25
2006-03-17,221.5,576.5
2006-03-20,218.25,572.5
2006-03-21,223.5,575.25
2006-03-22,222.5,577.0
2006-03-23,219.25,574.75
2006-03-24,218.75,573.75
2006-03-27,221.75,579.5
2006-03-28,222.25,581.5
2006-03-29,224.25,582.5
2006-03-30,227.75,587.75
2006-03-31,236.0,571.5
2006-04-03,236.5,565.0
2006-04-04,234.5,558.75
2006-04-05,236.25,561.5
2006-04-06,241.5,564.0
2006-04-07,243.0,557.75
2006-04-10,241.25,555.25
2006-04-11,242.0,562.5
2006-04-12,237.0,560.5
2006-04-13,236.25,563.0
2006-04-17,236.5,571.5
2006-04-18,239.25,575.5
2006-04-19,238.5,574.0
2006-04-20,235.75,571.25
2006-04-21,236.5,569.75
2006-04-24,232.75,574.25
2006-04-25,231.0,579.5
2006-04-26,231.5,575.75
2006-04-27,231.25,575.25
2006-04-28,238.25,587.25
2006-05-01,238.0,593.25
2006-05-02,233.25,590.5
2006-05-03,232.25,592.75
2006-05-04,229.75,590.75
2006-05-05,230.75,594.5
2006-05-08,227.0,586.0
2006-05-09,228.5,592.5
2006-05-10,230.0,593.25
2006-05-11,237.75,602.75
2006-05-12,248.25,600.0
2006-05-15,260.0,604.5
2006-05-16,259.0,602.75
2006-05-17,263.0,604.0
2006-05-18,260.25,598.0
2006-05-19,252.75,587.0
2006-05-22,254.5,582.5
2006-05-23,253.0,586.75
2006-05-24,249.5,582.5
2006-05-25,253.25,584.25
2006-05-26,254.0,582.5
2006-05-30,254.5,583.5
2006-05-31,251.25,579.5
2006-06-01,254.5,586.75
2006-06-02,259.5,609.0
2006-06-05,253.0,603.25
2006-06-06,247.75,593.5
2006-06-07,251.0,597.0
2006-06-08,245.5,587.75
2006-06-09,242.0,585.75
2006-06-12,247.5,600.0
2006-06-13,243.25,595.75
2006-06-14,237.0,589.5
2006-06-15,233.0,592.5
2006-06-16,235.5,600.25
2006-06-19,229.75,584.5
2006-06-20,229.75,585.25
2006-06-21,232.75,586.25
2006-06-22,230.5,583.0
2006-06-23,228.25,580.5
2006-06-26,223.0,569.5
2006-06-27,225.25,578.0
2006-06-28,226.0,578.5
2006-06-29,228.5,581.75
2006-06-30,235.5,594.75
2006-07-03,243.25,601.5
2006-07-05,239.5,594.5
2006-07-06,245.25,608.5
2006-07-07,241.0,602.0
2006-07-10,247.75,603.0
2006-07-11,253.75,607.0
2006-07-12,259.25,603.0
2006-07-13,252.5,597.5
2006-07-14,253.5,602.0
2006-07-17,251.75,590.0
2006-07-18,246.5,589.0
2006-07-19,244.75,585.75
2006-07-20,242.5,584.25
2006-07-21,237.25,577.0
2006-07-24,239.0,583.25
2006-07-25,239.5,585.25
2006-07-26,236.0,581.75
2006-07-27,237.75,574.0
2006-07-28,237.25,576.5
2006-07-31,239.0,579.5
2006-08-01,240.5,573.5
2006-08-02,247.25,581.75
2006-08-03,245.0,576.0
2006-08-04,245.0,577.5
2006-08-07,239.75,563.25
2006-08-08,235.75,557.5
2006-08-09,239.75,562.0
2006-08-10,238.75,557.0
2006-08-11,224.75,551.0
2006-08-14,222.0,549.75
2006-08-15,222.0,556.5
2006-08-16,221.5,552.25
2006-08-17,219.0,551.5
2006-08-18,219.75,547.0
2006-08-21,221.0,548.25
2006-08-22,219.5,549.25
2006-08-23,223.5,552.25
2006-08-24,227.5,551.5
2006-08-25,225.0,543.0
2006-08-28,224.5,537.75
2006-08-29,222.75,537.0
2006-08-30,228.5,542.0
2006-08-31,232.0,542.25
2006-09-01,230.0,538.5
2006-09-05,228.75,541.25
2006-09-06,226.25,534.0
2006-09-07,230.75,538.5
2006-09-08,231.75,537.0
2006-09-11,228.75,532.0
2006-09-12,223.5,527.25
2006-09-13,224.0,530.0
2006-09-14,223.0,532.0
2006-09-15,241.75,549.75
2006-09-18,247.75,553.0
2006-09-19,246.5,544.25
2006-09-20,249.0,549.25
2006-09-21,257.25,558.0
2006-09-22,255.25,549.25
2006-09-25,254.75,545.0
2006-09-26,259.0,546.75
2006-09-27,253.75,542.5
2006-09-28,264.25,552.75
2006-09-29,262.5,547.5
2006-10-02,267.75,545.25
2006-10-03,264.0,542.5
2006-10-04,274.25,555.25
2006-10-05,271.75,565.5
2006-10-06,271.0,564.0
2006-10-09,289.5,574.5
2006-10-10,275.5,560.5
2006-10-11,284.0,562.25
2006-10-12,298.25,579.75
2006-10-13,314.5,591.5
2006-10-16,316.75,589.0
2006-10-17,321.0,600.5
2006-10-18,315.5,604.5
2006-10-19,316.0,608.0
2006-10-20,312.75,606.5
2006-10-23,318.25,617.5
2006-10-24,324.25,623.5
2006-10-25,327.0,622.0
2006-10-26,327.0,627.75
2006-10-27,332.5,635.5
2006-10-30,329.5,639.75
2006-10-31,320.75,630.25
2006-11-01,333.5,645.0
2006-11-02,344.75,648.25
2006-11-03,342.25,649.0
2006-11-06,343.5,649.25
2006-11-07,351.0,654.75
2006-11-08,357.75,666.25
2006-11-09,350.0,657.5
2006-11-10,343.25,651.25
2006-11-13,342.5,646.5
2006-11-14,357.75,656.0
2006-11-15,358.25,663.75
2006-11-16,351.5,656.5
2006-11-17,355.25,660.5
2006-11-20,360.0,667.5
2006-11-21,361.25,673.0
2006-11-22,362.75,674.0
2006-11-23,362.75,674.0
2006-11-24,369.25,684.25
2006-11-27,371.5,688.0
2006-11-28,368.75,686.25
2006-11-29,370.25,682.25
2006-11-30,377.0,685.5
2006-12-01,374.0,677.0
2006-12-04,362.75,659.25
2006-12-05,366.25,664.25
2006-12-06,353.0,654.25
2006-12-07,358.5,662.0
2006-12-08,354.25,656.0
2006-12-11,355.5,666.75
2006-12-12,359.0,663.0
2006-12-13,354.5,661.0
2006-12-14,358.75,662.75
2006-12-15,369.0,657.5
2006-12-18,365.75,648.0
2006-12-19,373.0,653.5
2006-12-20,372.75,648.25
2006-12-21,377.75,650.25
2006-12-22,384.0,659.5
2006-12-26,388.0,671.5
2006-12-27,386.75,669.5
2006-12-28,388.5,675.75
2006-12-29,390.25,683.5
2007-01-03,370.5,669.25
2007-01-04,362.25,662.75
2007-01-05,368.25,668.0
2007-01-08,363.5,665.0
2007-01-09,354.5,653.5
2007-01-10,360.25,653.75
2007-01-11,376.5,664.0
2007-01-12,396.5,706.0
2007-01-16,403.0,708.5
2007-01-17,408.0,722.0
2007-01-18,412.25,716.25
2007-01-19,406.75,717.75
2007-01-22,404.25,717.25
2007-01-23,409.0,727.25
2007-01-24,400.75,715.0
2007-01-25,407.0,713.25
2007-01-26,405.5,710.5
2007-01-29,400.0,709.5
2007-01-30,404.75,721.0
2007-01-31,404.0,719.5
2007-02-01,398.0,721.5
2007-02-02,402.0,736.75
2007-02-05,402.0,740.0
2007-02-06,396.5,738.75
2007-02-07,392.25,741.0
2007-02-08,399.75,743.75
2007-02-09,406.25,749.25
2007-02-12,404.75,745.25
2007-02-13,411.0,755.0
2007-02-14,408.25,750.5
2007-02-15,407.5,758.75
2007-02-16,417.0,767.0
2007-02-20,415.25,771.0
2007-02-21,426.25,781.25
2007-02-22,434.5,783.75
2007-02-23,430.25,778.25
2007-02-26,425.5,778.75
2007-02-27,411.0,763.5
2007-02-28,425.25,773.25
2007-03-01,417.25,746.25
2007-03-02,411.0,739.0
2007-03-05,417.25,735.75
2007-03-06,412.5,733.0
2007-03-07,415.75,742.75
2007-03-08,412.0,745.0
2007-03-09,408.25,746.5
2007-03-12,399.75,752.25
2007-03-13,397.0,744.0
2007-03-14,389.5,736.5
2007-03-15,397.75,750.5
2007-03-16,399.5,753.5
2007-03-19,398.0,759.5
2007-03-20,405.25,764.75
2007-03-21,409.75,766.5
2007-03-22,409.5,771.75
2007-03-23,403.25,769.5
2007-03-26,391.0,758.5
2007-03-27,392.5,757.0
2007-03-28,388.5,770.75
2007-03-29,394.5,778.25
2007-03-30,374.5,761.25
2007-04-02,354.75,779.0
2007-04-03,346.25,763.75
2007-04-04,359.25,761.0
2007-04-05,366.0,760.5
2007-04-09,363.5,749.0
2007-04-10,369.0,742.5
2007-04-11,360.75,746.5
2007-04-12,358.75,738.25
2007-04-13,369.0,738.0
2007-04-16,364.25,736.0
2007-04-17,353.25,724.0
2007-04-18,363.5,715.5
2007-04-19,371.25,718.25
2007-04-20,360.5,723.25
2007-04-23,352.25,721.25
2007-04-24,360.5,709.75
2007-04-25,371.25,721.5
2007-04-26,364.75,718.25
2007-04-27,364.25,723.0
2007-04-30,358.0,728.5
2007-05-01,367.5,741.25
2007-05-02,372.0,734.25
2007-05-03,379.75,733.75
2007-05-04,381.25,733.5
2007-05-07,369.5,729.0
2007-05-08,353.75,726.0
2007-05-09,357.25,733.75
2007-05-10,345.75,733.0
2007-05-11,361.0,750.0
2007-05-14,358.0,762.25
2007-05-15,371.5,778.0
2007-05-16,376.0,792.75
2007-05-17,373.0,792.75
2007-05-18,371.25,792.5
2007-05-21,381.0,800.5
2007-05-22,369.5,793.25
2007-05-23,368.5,800.5
2007-05-24,376.5,805.25
2007-05-25,376.0,812.5
2007-05-29,364.75,797.5
2007-05-30,382.25,808.25
2007-05-31,390.25,806.25
2007-06-01,386.75,817.5
2007-06-04,383.75,815.75
2007-06-05,380.25,828.25
2007-06-06,374.75,822.25
2007-06-07,384.75,832.0
2007-06-08,382.0,821.5
2007-06-11,396.0,830.0
2007-06-12,393.5,826.5
2007-06-13,404.5,825.75
2007-06-14,409.5,827.5
2007-06-15,419.0,847.25
2007-06-18,416.0,855.25
2007-06-19,396.0,829.0
2007-06-20,394.25,839.0
2007-06-21,385.0,818.5
2007-06-22,367.5,797.0
2007-06-25,357.75,804.25
2007-06-26,356.5,807.0
2007-06-27,343.75,803.5
2007-06-28,339.5,809.75
2007-06-29,329.5,850.0
2007-07-02,330.5,865.0
2007-07-03,320.0,850.5
2007-07-05,324.0,854.5
2007-07-06,334.5,864.75
2007-07-09,332.5,870.0
2007-07-10,338.0,889.0
2007-07-11,336.0,891.0
2007-07-12,344.0,910.0
2007-07-13,341.5,913.0
2007-07-16,334.75,871.75
2007-07-17,322.5,833.75
2007-07-18,327.0,851.25
2007-07-19,321.25,856.0
2007-07-20,318.25,850.25
2007-07-23,310.0,816.25
2007-07-24,311.5,820.25
2007-07-25,311.5,815.0
2007-07-26,317.5,821.5
2007-07-27,321.0,815.5
2007-07-30,323.5,822.75
2007-07-31,325.75,834.0
2007-08-01,319.0,825.75
2007-08-02,324.0,831.0
2007-08-03,326.5,839.0
2007-08-06,325.75,826.0
2007-08-07,335.25,838.5
2007-08-08,341.0,855.0
2007-08-09,332.25,858.0
2007-08-10,333.0,850.0
2007-08-13,331.0,861.0
2007-08-14,327.5,850.0
2007-08-15,328.0,839.0
2007-08-16,321.5,799.25
2007-08-17,328.5,811.5
2007-08-20,331.75,811.75
2007-08-21,338.5,815.75
2007-08-22,347.5,831.25
2007-08-23,345.25,842.0
2007-08-24,341.5,849.0
2007-08-27,335.75,856.5
2007-08-28,327.25,855.25
2007-08-29,322.75,858.5
2007-08-30,322.75,870.5
2007-08-31,324.0,868.0
2007-09-04,336.75,892.5
2007-09-05,328.75,889.0
2007-09-06,323.25,878.0
2007-09-07,331.25,891.0
2007-09-10,329.75,903.5
2007-09-11,324.5,905.0
2007-09-12,339.75,925.0
2007-09-13,330.75,928.0
2007-09-14,336.5,941.0
2007-09-17,352.25,968.5
2007-09-18,352.25,969.5
2007-09-19,358.25,971.0
2007-09-20,369.25,988.5
2007-09-21,376.5,979.0
2007-09-24,373.5,978.75
2007-09-25,371.75,973.0
2007-09-26,375.0,990.75
2007-09-27,386.75,1009.0
2007-09-28,373.0,991.25
2007-10-01,368.75,991.5
2007-10-02,348.75,943.75
2007-10-03,344.5,951.0
2007-10-04,342.25,954.25
2007-10-05,342.25,940.5
2007-10-08,339.75,925.5
2007-10-09,342.5,950.25
2007-10-10,347.25,968.25
2007-10-11,343.75,981.5
2007-10-12,351.0,976.75
2007-10-15,362.0,987.0
2007-10-16,360.5,977.5
2007-10-17,358.0,974.25
2007-10-18,367.25,991.5
2007-10-19,370.25,983.25
2007-10-22,364.5,976.5
2007-10-23,361.0,981.75
2007-10-24,356.5,976.25
2007-10-25,366.25,994.75
2007-10-26,372.0,995.5
2007-10-29,376.0,1011.0
2007-10-30,370.25,992.0
2007-10-31,375.5,1010.0
2007-11-01,368.75,990.75
2007-11-02,377.0,1001.75
2007-11-05,375.25,1005.75
2007-11-06,385.75,1029.5
2007-11-07,384.25,1023.75
2007-11-08,389.5,1028.0
2007-11-09,386.75,1043.0
2007-11-12,379.0,1032.75
2007-11-13,374.75,1044.25
2007-11-14,383.0,1066.0
2007-11-15,374.75,1078.75
2007-11-16,379.5,1077.75
2007-11-19,377.5,1070.5
2007-11-20,381.25,1087.0
2007-11-21,382.0,1084.0
2007-11-23,389.0,1100.25
2007-11-26,385.75,1103.75
2007-11-27,383.5,1091.0
2007-11-28,387.25,1096.75
2007-11-29,383.5,1098.0
2007-11-30,384.5,1080.0
2007-12-03,386.0,1078.75
2007-12-04,394.0,1091.5
2007-12-05,394.0,1099.5
2007-12-06,394.75,1098.75
2007-12-07,399.5,1119.75
2007-12-10,400.5,1125.75
2007-12-11,406.5,1135.5
2007-12-12,416.75,1151.5
2007-12-13,418.75,1146.0
2007-12-14,420.0,1157.0
2007-12-17,438.75,1156.75
2007-12-18,432.0,1149.75
2007-12-19,434.75,1159.0
2007-12-20,437.5,1160.75
2007-12-21,443.5,1177.5
2007-12-24,444.0,1181.0
2007-12-26,452.25,1220.75
2007-12-27,454.75,1212.5
2007-12-28,452.0,1207.75
2007-12-31,455.5,1199.0
2008-01-02,462.5,1232.5
2008-01-03,466.0,1251.5
2008-01-04,466.75,1249.0
2008-01-07,466.25,1236.0
2008-01-08,478.75,1256.5
2008-01-09,477.25,1249.0
2008-01-10,475.0,1244.0
2008-01-11,495.0,1286.0
2008-01-14,512.0,1297.0
2008-01-15,509.0,1301.5
2008-01-16,502.5,1277.0
2008-01-17,502.0,1271.0
2008-01-18,498.25,1263.0
2008-01-22,489.0,1239.5
2008-01-23,469.25,1189.5
2008-01-24,489.25,1230.5
2008-01-25,498.25,1243.0
2008-01-28,502.25,1253.75
2008-01-29,501.0,1266.75
2008-01-30,498.5,1275.75
2008-01-31,501.25,1274.5
2008-02-01,500.5,1287.25
2008-02-04,510.5,1326.0
2008-02-05,509.25,1323.0
2008-02-06,501.5,1318.5
2008-02-07,499.5,1331.5
2008-02-08,508.0,1339.0
2008-02-11,503.5,1326.0
2008-02-12,497.75,1321.0
2008-02-13,497.0,1328.5
2008-02-14,511.0,1368.0
2008-02-15,514.75,1373.75
2008-02-19,520.0,1398.5
2008-02-20,523.5,1397.75
2008-02-21,524.5,1405.75
2008-02-22,522.25,1420.0
2008-02-25,533.25,1452.0
2008-02-26,530.5,1466.75
2008-02-27,525.0,1459.0
2008-02-28,543.25,1498.5
2008-02-29,546.0,1522.0
2008-03-03,555.5,1544.5
2008-03-04,543.0,1494.0
2008-03-05,557.0,1490.5
2008-03-06,557.0,1443.0
2008-03-07,533.5,1341.0
2008-03-10,555.5,1388.0
2008-03-11,564.0,1392.5
2008-03-12,556.75,1379.0
2008-03-13,559.75,1387.0
2008-03-14,545.5,1340.0
2008-03-17,539.25,1302.75
2008-03-18,547.25,1307.0
2008-03-19,527.25,1257.0
2008-03-20,507.5,1207.0
2008-03-24,524.75,1257.0
2008-03-25,544.75,1307.0
2008-03-26,552.25,1352.0
2008-03-27,555.5,1327.25
2008-03-28,560.5,1267.25
2008-03-31,567.25,1197.25
2008-04-01,584.0,1211.0
2008-04-02,595.75,1243.0
2008-04-03,600.0,1257.0
2008-04-04,598.0,1277.0
2008-04-07,590.0,1255.0
2008-04-08,591.25,1251.5
2008-04-09,605.0,1313.0
2008-04-10,594.25,1356.0
2008-04-11,584.25,1332.5
2008-04-14,591.75,1372.5
2008-04-15,606.0,1380.0
2008-04-16,603.5,1344.75
2008-04-17,603.5,1350.5
2008-04-18,599.5,1361.5
2008-04-21,580.25,1315.5
2008-04-22,594.25,1374.75
2008-04-23,587.75,1372.0
2008-04-24,576.25,1348.75
2008-04-25,577.25,1325.75
2008-04-28,600.0,1283.5
2008-04-29,591.25,1279.5
2008-04-30,600.25,1301.75
2008-05-01,605.5,1258.75
2008-05-02,602.0,1292.5
2008-05-05,582.0,1273.0
2008-05-06,594.75,1264.5
2008-05-07,601.5,1297.25
2008-05-08,618.75,1298.25
2008-05-09,618.5,1349.5
2008-05-12,603.5,1335.0
2008-05-13,597.5,1374.5
2008-05-14,589.75,1371.0
2008-05-15,599.0,1347.5
2008-05-16,591.0,1378.0
2008-05-19,586.75,1333.0
2008-05-20,589.75,1331.5
2008-05-21,607.25,1349.0
2008-05-22,595.75,1324.75
2008-05-23,599.75,1368.0
2008-05-27,598.0,1347.75
2008-05-28,592.5,1372.75
2008-05-29,582.25,1322.75
2008-05-30,599.25,1363.5
2008-06-02,615.75,1365.5
2008-06-03,608.0,1359.5
2008-06-04,614.5,1389.0
2008-06-05,643.25,1452.0
2008-06-06,650.75,1457.5
2008-06-09,657.25,1452.0
2008-06-10,673.25,1446.5
2008-06-11,703.25,1516.5
2008-06-12,709.0,1536.5
2008-06-13,731.75,1560.0
2008-06-16,732.5,1534.0
2008-06-17,742.25,1558.0
2008-06-18,746.25,1556.0
2008-06-19,727.75,1545.5
2008-06-20,721.25,1532.5
2008-06-23,724.25,1515.0
2008-06-24,712.5,1501.0
2008-06-25,730.0,1537.5
2008-06-26,753.75,1574.25
2008-06-27,754.75,1581.5
2008-06-30,724.75,1605.0
2008-07-01,719.5,1628.0
2008-07-02,748.75,1645.75
2008-07-03,746.0,1658.0
2008-07-07,716.5,1589.0
2008-07-08,692.75,1561.0
2008-07-09,683.0,1578.0
2008-07-10,675.25,1609.5
2008-07-11,680.0,1630.5
2008-07-14,657.0,1595.0
2008-07-15,648.25,1542.0
2008-07-16,658.5,1573.0
2008-07-17,631.25,1521.0
2008-07-18,609.5,1470.0
2008-07-21,589.25,1409.5
2008-07-22,573.5,1416.75
2008-07-23,571.5,1394.25
2008-07-24,573.0,1385.0
2008-07-25,577.25,1398.75
2008-07-28,582.0,1400.25
2008-07-29,594.0,1384.25
2008-07-30,601.5,1394.0
2008-07-31,587.5,1395.75
2008-08-01,565.0,1357.75
2008-08-04,535.5,1287.0
2008-08-05,525.25,1262.5
2008-08-06,508.0,1220.5
2008-08-07,522.25,1243.0
2008-08-08,498.5,1199.0
2008-08-11,497.25,1215.0
2008-08-12,509.0,1220.0
2008-08-13,539.0,1270.0
2008-08-14,557.75,1245.5
2008-08-15,529.75,1211.5
2008-08-18,553.0,1279.0
2008-08-19,564.75,1267.0
2008-08-20,575.25,1293.75
2008-08-21,597.75,1341.0
2008-08-22,586.5,1321.0
2008-08-25,580.25,1339.25
2008-08-26,575.25,1337.5
2008-08-27,577.5,1348.0
2008-08-28,570.0,1332.5
2008-08-29,568.25,1332.0
2008-09-02,553.0,1301.5
2008-09-03,546.5,1251.0
2008-09-04,549.25,1234.0
2008-09-05,531.5,1180.0
2008-09-08,533.0,1194.5
2008-09-09,529.5,1209.0
2008-09-10,522.5,1181.5
2008-09-11,522.25,1216.0
2008-09-12,547.5,1490.0
2008-09-15,562.0,1179.0
2008-09-16,532.25,1124.0
2008-09-17,554.0,1139.0
2008-09-18,527.25,1116.0
2008-09-19,542.25,1143.5
2008-09-22,558.5,1205.0
2008-09-23,560.25,1187.0
2008-09-24,563.0,1187.0
2008-09-25,558.25,1183.0
2008-09-26,543.0,1164.0
2008-09-29,513.0,1094.0
2008-09-30,487.5,1045.0
2008-10-01,484.0,1053.0
2008-10-02,454.0,1004.0
2008-10-03,454.0,992.0
2008-10-06,424.0,922.0
2008-10-07,417.0,926.0
2008-10-08,427.5,964.0
2008-10-09,438.25,980.0
2008-10-10,408.25,910.0
2008-10-13,411.5,928.0
2008-10-14,411.25,896.0
2008-10-15,388.0,858.0
2008-10-16,384.5,867.0
2008-10-17,403.0,894.0
2008-10-20,418.5,929.0
2008-10-21,411.0,908.0
2008-10-22,385.0,859.0
2008-10-23,390.25,884.5
2008-10-24,372.75,863.75
2008-10-27,385.25,893.0
2008-10-28,390.75,878.75
2008-10-29,420.75,937.25
2008-10-30,409.5,934.0
2008-10-31,401.5,925.25
2008-11-03,403.0,928.25
2008-11-04,413.0,949.5
2008-11-05,390.25,894.75
2008-11-06,378.0,899.5
2008-11-07,375.5,911.75
2008-11-10,383.5,940.0
2008-11-11,374.25,908.0
2008-11-12,369.5,885.25
2008-11-13,377.0,887.0
2008-11-14,380.25,878.0
2008-11-17,385.75,906.5
2008-11-18,380.0,902.0
2008-11-19,378.75,897.0
2008-11-20,363.75,856.0
2008-11-21,338.5,840.0
2008-11-24,354.5,884.0
2008-11-25,353.5,883.0
2008-11-26,354.0,886.0
2008-11-28,349.5,883.0
2008-12-01,332.75,846.0
2008-12-02,332.5,827.0
2008-12-03,332.0,830.0
2008-12-04,318.25,811.0
2008-12-05,293.5,783.5
2008-12-08,314.25,820.5
2008-12-09,312.25,813.0
2008-12-10,326.75,829.5
2008-12-11,338.0,856.5
2008-12-12,359.5,854.0
2008-12-15,375.25,846.0
2008-12-16,394.0,858.5
2008-12-17,389.5,864.0
2008-12-18,389.5,869.5
2008-12-19,380.75,868.25
2008-12-22,381.75,886.5
2008-12-23,394.75,901.0
2008-12-24,398.0,915.75
2008-12-26,412.25,951.75
2008-12-29,393.5,938.5
2008-12-30,396.25,945.75
2008-12-31,407.0,972.25
2009-01-02,412.25,970.0
2009-01-05,411.25,983.75
2009-01-06,427.5,1014.25
2009-01-07,416.5,990.0
2009-01-08,406.75,989.0
2009-01-09,410.75,1037.5
2009-01-12,380.75,954.0
2009-01-13,362.5,969.5
2009-01-14,366.5,978.0
2009-01-15,365.25,994.5
2009-01-16,391.0,1020.0
2009-01-20,383.5,992.0
2009-01-21,390.25,1020.5
2009-01-22,387.5,1012.0
2009-01-23,390.5,1009.0
2009-01-26,393.75,1009.0
2009-01-27,377.5,976.0
2009-01-28,384.5,982.5
2009-01-29,381.75,970.5
2009-01-30,379.0,980.0
2009-02-02,370.5,959.5
2009-02-03,361.75,946.0
2009-02-04,358.25,949.5
2009-02-05,371.25,980.0
2009-02-06,377.25,1001.0
2009-02-09,377.5,1002.0
2009-02-10,376.75,994.0
2009-02-11,368.5,978.0
2009-02-12,366.25,968.5
2009-02-13,363.25,955.5
2009-02-17,349.25,903.0
2009-02-18,349.25,887.5
2009-02-19,353.25,884.5
2009-02-20,350.25,862.5
2009-02-23,351.75,872.75
2009-02-24,354.25,881.0
2009-02-25,363.75,878.0
2009-02-26,362.0,869.25
2009-02-27,350.75,874.5
2009-03-02,343.5,848.5
2009-03-03,343.5,863.0
2009-03-04,355.25,875.5
2009-03-05,349.25,862.5
2009-03-06,352.75,879.0
2009-03-09,357.25,881.0
2009-03-10,366.75,889.0
2009-03-11,356.0,875.0
2009-03-12,376.75,899.0
2009-03-13,375.0,882.5
2009-03-16,391.5,911.0
2009-03-17,390.5,913.0
2009-03-18,388.25,915.0
2009-03-19,396.5,940.5
2009-03-20,396.5,952.0
2009-03-23,395.5,955.5
2009-03-24,393.75,967.0
2009-03-25,385.75,951.0
2009-03-26,390.75,944.0
2009-03-27,387.0,917.0
2009-03-30,386.25,904.5
2009-03-31,404.75,952.0
2009-04-01,396.0,952.0
2009-04-02,402.5,977.0
2009-04-03,404.5,995.5
2009-04-06,405.5,994.0
2009-04-07,396.25,989.5
2009-04-08,397.0,1006.0
2009-04-09,390.25,1007.0
2009-04-13,387.5,1021.5
2009-04-14,394.25,1036.0
2009-04-15,384.5,1035.0
2009-04-16,385.75,1058.5
2009-04-17,376.25,1051.0
2009-04-20,369.5,1018.5
2009-04-21,374.0,1038.0
2009-04-22,373.5,1046.0
2009-04-23,381.0,1037.75
2009-04-24,377.0,1040.25
2009-04-27,372.25,1004.75
2009-04-28,375.0,989.5
2009-04-29,393.0,1034.0
2009-04-30,396.25,1070.0
2009-05-01,406.25,1102.0
2009-05-04,398.0,1115.25
2009-05-05,398.5,1116.0
2009-05-06,400.75,1135.0
2009-05-07,404.75,1119.0
2009-05-08,414.0,1134.0
2009-05-11,413.5,1130.0
2009-05-12,419.5,1137.5
2009-05-13,419.5,1150.0
2009-05-14,421.5,1166.0
2009-05-15,417.25,1130.5
2009-05-18,421.5,1146.5
2009-05-19,425.75,1162.0
2009-05-20,426.0,1169.0
2009-05-21,424.0,1175.0
2009-05-22,430.25,1166.0
2009-05-26,427.5,1185.5
2009-05-27,426.0,1187.0
2009-05-28,428.75,1179.0
2009-05-29,436.25,1184.0
2009-06-01,445.75,1218.5
2009-06-02,449.5,1209.0
2009-06-03,432.5,1182.0
2009-06-04,448.5,1230.0
2009-06-05,444.0,1225.5
2009-06-08,435.0,1232.5
2009-06-09,444.0,1243.5
2009-06-10,435.75,1246.0
2009-06-11,441.0,1267.0
2009-06-12,425.5,1245.5
2009-06-15,406.0,1197.0
2009-06-16,404.0,1201.25
2009-06-17,407.75,1206.25
2009-06-18,403.25,1213.75
2009-06-19,399.25,1179.0
2009-06-22,385.25,1151.5
2009-06-23,389.0,1179.0
2009-06-24,386.5,1185.0
2009-06-25,382.5,1196.0
2009-06-26,384.25,1201.0
2009-06-29,377.0,1215.0
2009-06-30,347.75,1226.25
2009-07-01,351.75,1258.5
2009-07-02,345.75,1243.0
2009-07-06,343.25,1200.0
2009-07-07,335.5,1133.5
2009-07-08,339.25,1084.0
2009-07-09,343.5,1110.5
2009-07-10,345.5,1128.25
2009-07-13,359.0,1091.5
2009-07-14,350.0,1074.0
2009-07-15,329.5,1020.5
2009-07-16,316.75,976.0
2009-07-17,322.25,1009.5
2009-07-20,323.25,1033.0
2009-07-21,311.5,1014.5
2009-07-22,308.0,1018.5
2009-07-23,327.0,1023.5
2009-07-24,316.25,1021.0
2009-07-27,322.25,1021.25
2009-07-28,320.5,1054.5
2009-07-29,320.75,1057.5
2009-07-30,332.25,1128.25
2009-07-31,339.5,1134.0
2009-08-03,358.0,1173.5
2009-08-04,354.5,1165.0
2009-08-05,347.0,1175.0
2009-08-06,332.5,1170.5
2009-08-07,322.0,1184.5
2009-08-10,324.25,1170.5
2009-08-11,326.5,1216.5
2009-08-12,330.75,1216.0
2009-08-13,324.5,1187.25
2009-08-14,319.25,1100.0
2009-08-17,314.25,988.0
2009-08-18,314.5,995.5
2009-08-19,320.0,997.0
2009-08-20,318.5,999.25
2009-08-21,321.75,1023.0
2009-08-24,329.5,1080.0
2009-08-25,321.5,1091.0
2009-08-26,320.5,1090.5
2009-08-27,323.0,1114.25
2009-08-28,321.0,1135.75
2009-08-31,326.25,1100.0
2009-09-01,312.25,1014.0
2009-09-02,313.25,1009.25
2009-09-03,311.0,982.0
2009-09-04,300.5,961.0
2009-09-08,302.75,969.0
2009-09-09,305.5,961.5
2009-09-10,309.5,973.5
2009-09-11,314.5,984.5
2009-09-14,305.0,925.0
2009-09-15,346.5,960.0
2009-09-16,336.25,950.5
2009-09-17,329.0,953.0
2009-09-18,318.0,941.0
2009-09-21,316.0,913.5
2009-09-22,325.75,922.0
2009-09-23,330.25,920.5
2009-09-24,336.5,919.5
2009-09-25,334.0,926.0
2009-09-28,338.75,919.5
2009-09-29,341.0,917.0
2009-09-30,344.0,927.0
2009-10-01,340.5,918.0
2009-10-02,333.5,885.0
2009-10-05,341.5,885.0
2009-10-06,358.25,910.0
2009-10-07,359.75,912.0
2009-10-08,364.0,936.0
2009-10-09,362.25,964.0
2009-10-12,381.25,999.0
2009-10-13,381.75,993.0
2009-10-14,383.0,994.0
2009-10-15,373.0,983.0
2009-10-16,372.0,977.5
2009-10-19,386.25,996.25
2009-10-20,384.5,982.5
2009-10-21,398.25,1008.5
2009-10-22,403.5,1005.5
2009-10-23,397.75,1006.0
2009-10-26,378.0,986.5
2009-10-27,370.75,973.5
2009-10-28,369.0,968.5
2009-10-29,379.5,985.5
2009-10-30,366.0,978.0
2009-11-02,382.25,997.5
2009-11-03,390.0,1006.75
2009-11-04,384.0,995.5
2009-11-05,376.5,967.0
2009-11-06,367.0,948.0
2009-11-09,386.0,964.25
2009-11-10,394.5,961.5
2009-11-11,394.0,963.75
2009-11-12,390.5,982.25
2009-11-13,390.5,984.0
2009-11-16,402.25,1010.0
2009-11-17,402.0,1029.5
2009-11-18,398.0,1027.0
2009-11-19,395.0,1039.0
2009-11-20,391.0,1046.0
2009-11-23,387.25,1042.0
2009-11-24,376.0,1046.0
2009-11-25,392.0,1054.5
2009-11-27,397.25,1053.0
2009-11-30,402.75,1060.5
2009-12-01,399.75,1059.5
2009-12-02,391.75,1034.0
2009-12-03,385.25,1047.0
2009-12-04,373.75,1043.0
2009-12-07,368.75,1053.0
2009-12-08,369.5,1044.0
2009-12-09,368.0,1028.5
2009-12-10,377.25,1027.0
2009-12-11,389.25,1035.0
2009-12-14,392.0,1055.0
2009-12-15,407.5,1055.0
2009-12-16,410.25,1059.5
2009-12-17,397.0,1022.0
2009-12-18,397.75,1012.0
2009-12-21,400.0,1001.0
2009-12-22,398.75,991.0
2009-12-23,404.75,1001.25
2009-12-24,408.5,999.5
2009-12-28,416.0,1029.0
2009-12-29,417.0,1038.0
2009-12-30,413.75,1036.25
2009-12-31,414.5,1039.75
2010-01-04,418.5,1049.5
2010-01-05,418.75,1052.25
2010-01-06,421.75,1050.5
2010-01-07,417.5,1017.75
2010-01-08,423.0,1013.0
2010-01-11,422.5,1001.75
2010-01-12,392.5,969.5
2010-01-13,384.0,983.5
2010-01-14,381.0,968.5
2010-01-15,371.5,974.0
2010-01-19,369.25,963.5
2010-01-20,368.0,950.0
2010-01-21,372.0,954.0
2010-01-22,364.75,951.5
2010-01-25,367.75,940.5
2010-01-26,362.25,947.5
2010-01-27,358.25,929.0
2010-01-28,361.75,931.75
2010-01-29,356.5,914.0
2010-02-01,359.0,909.75
2010-02-02,365.0,925.5
2010-02-03,353.0,908.0
2010-02-04,354.0,914.0
2010-02-05,351.5,913.5
2010-02-08,356.0,929.5
2010-02-09,358.5,924.5
2010-02-10,361.75,937.5
2010-02-11,363.25,943.0
2010-02-12,361.5,945.0
2010-02-16,367.25,965.5
2010-02-17,360.0,951.5
2010-02-18,357.25,948.0
2010-02-19,360.0,945.0
2010-02-22,371.5,961.5
2010-02-23,367.75,952.5
2010-02-24,375.25,955.5
2010-02-25,372.25,941.5
2010-02-26,378.0,951.0
2010-03-01,370.75,952.5
2010-03-02,370.5,954.25
2010-03-03,375.75,954.5
2010-03-04,372.0,932.5
2010-03-05,364.75,934.75
2010-03-08,364.5,940.5
2010-03-09,358.75,941.5
2010-03-10,355.5,952.0
2010-03-11,355.5,925.5
2010-03-12,354.0,926.0
2010-03-15,363.25,930.0
2010-03-16,366.75,945.0
2010-03-17,374.0,959.0
2010-03-18,376.0,959.5
2010-03-19,374.5,961.75
2010-03-22,370.75,968.5
2010-03-23,362.75,968.0
2010-03-24,365.0,960.0
2010-03-25,355.0,942.5
2010-03-26,356.25,952.0
2010-03-29,357.0,967.5
2010-03-30,354.5,974.0
2010-03-31,345.0,941.0
2010-04-01,344.5,942.0
2010-04-05,345.75,936.0
2010-04-06,346.5,944.5
2010-04-07,356.5,952.5
2010-04-08,348.25,946.5
2010-04-09,345.75,952.25
2010-04-12,348.25,960.0
2010-04-13,352.5,968.0
2010-04-14,358.0,969.0
2010-04-15,363.25,984.0
2010-04-16,364.0,985.25
2010-04-19,347.75,976.75
2010-04-20,355.5,984.0
2010-04-21,359.25,995.5
2010-04-22,362.25,1004.25
2010-04-23,353.0,1000.0
2010-04-26,352.25,998.75
2010-04-27,347.5,982.75
2010-04-28,357.0,982.75
2010-04-29,360.5,985.75
2010-04-30,366.25,989.5
2010-05-03,362.75,975.75
2010-05-04,360.0,977.0
2010-05-05,364.75,968.25
2010-05-06,364.0,945.5
2010-05-07,364.75,951.25
2010-05-10,363.0,952.75
2010-05-11,369.75,958.25
2010-05-12,371.75,959.5
2010-05-13,366.5,960.5
2010-05-14,356.75,948.0
2010-05-17,356.0,941.0
2010-05-18,359.75,939.5
2010-05-19,359.25,938.5
2010-05-20,362.0,944.0
2010-05-21,369.0,941.0
2010-05-24,371.0,940.5
2010-05-25,364.25,930.5
2010-05-26,371.5,938.0
2010-05-27,373.25,951.75
2010-05-28,359.0,937.75
2010-06-01,354.0,932.0
2010-06-02,348.5,932.5
2010-06-03,349.5,955.0
2010-06-04,340.0,935.0
2010-06-07,335.75,935.0
2010-06-08,337.25,931.0
2010-06-09,338.25,943.5
2010-06-10,343.25,935.0
2010-06-11,349.5,946.25
2010-06-14,353.75,951.5
2010-06-15,353.75,949.5
2010-06-16,356.25,957.75
2010-06-17,357.5,952.0
2010-06-18,360.75,961.0
2010-06-21,355.0,963.25
2010-06-22,351.5,965.5
2010-06-23,346.5,958.0
2010-06-24,344.75,955.5
2010-06-25,340.5,957.0
2010-06-28,333.75,955.0
2010-06-29,325.0,947.25
2010-06-30,354.25,948.5
2010-07-01,365.5,953.5
2010-07-02,364.0,962.75
2010-07-06,360.0,964.25
2010-07-07,370.75,993.0
2010-07-08,377.5,1012.5
2010-07-09,375.25,1025.5
2010-07-12,371.25,1031.75
2010-07-13,366.75,1030.5
2010-07-14,375.25,1036.0
2010-07-15,392.5,1019.0
2010-07-16,394.75,1019.5
2010-07-19,381.5,1008.0
2010-07-20,374.0,1011.75
2010-07-21,379.75,1015.25
2010-07-22,376.5,1016.0
2010-07-23,371.25,1017.0
2010-07-26,364.0,998.25
2010-07-27,362.75,998.0
2010-07-28,376.25,1010.5
2010-07-29,379.25,1026.75
2010-07-30,392.75,1052.5
2010-08-02,390.5,1053.25
2010-08-03,389.5,1053.5
2010-08-04,400.25,1053.0
2010-08-05,403.5,1055.0
2010-08-06,405.0,1059.0
2010-08-09,403.0,1048.5
2010-08-10,393.5,1036.25
2010-08-11,395.5,1044.5
2010-08-12,406.25,1057.0
2010-08-13,411.75,1052.0
2010-08-16,407.25,1034.0
2010-08-17,414.75,1045.25
2010-08-18,418.5,1035.25
2010-08-19,414.25,1016.75
2010-08-20,421.25,1009.25
2010-08-23,417.25,1007.0
2010-08-24,405.25,999.5
2010-08-25,404.75,1000.0
2010-08-26,416.5,1013.0
2010-08-27,421.0,1022.0
2010-08-30,425.5,1018.0
2010-08-31,424.5,1008.0
2010-09-01,432.25,1004.5
2010-09-02,433.0,1007.5
2010-09-03,449.75,1029.75
2010-09-07,451.5,1043.75
2010-09-08,447.5,1041.25
2010-09-09,456.25,1037.75
2010-09-10,464.0,1023.5
2010-09-13,469.25,1025.25
2010-09-14,478.0,1025.0
2010-09-15,495.25,1042.5
2010-09-16,496.0,1036.25
2010-09-17,513.25,1069.0
2010-09-20,508.25,1084.5
2010-09-21,505.25,1080.0
2010-09-22,505.0,1088.5
2010-09-23,499.25,1093.5
2010-09-24,521.75,1126.0
2010-09-27,512.75,1128.5
2010-09-28,500.0,1110.0
2010-09-29,505.0,1099.0
2010-09-30,495.75,1106.75
2010-10-01,465.75,1057.0
2010-10-04,471.5,1054.0
2010-10-05,491.0,1071.75
2010-10-06,488.5,1062.0
2010-10-07,498.25,1065.0
2010-10-08,528.25,1135.0
2010-10-11,555.75,1152.5
2010-10-12,579.0,1178.5
2010-10-13,569.25,1176.5
2010-10-14,567.25,1188.5
2010-10-15,563.0,1185.0
2010-10-18,557.25,1184.0
2010-10-19,546.0,1180.0
2010-10-20,573.5,1212.0
2010-10-21,564.25,1201.5
2010-10-22,560.0,1199.5
2010-10-25,568.75,1217.75
2010-10-26,571.0,1219.0
2010-10-27,577.25,1223.75
2010-10-28,579.0,1225.0
2010-10-29,582.0,1226.0
2010-11-01,577.25,1225.25
2010-11-02,575.75,1223.75
2010-11-03,581.0,1227.5
2010-11-04,590.0,1264.75
2010-11-05,587.75,1273.5
2010-11-08,585.25,1264.5
2010-11-09,576.25,1319.25
2010-11-10,566.75,1309.5
2010-11-11,564.0,1330.25
2010-11-12,534.0,1263.0
2010-11-15,555.5,1286.5
2010-11-16,526.5,1219.75
2010-11-17,525.75,1205.0
2010-11-18,541.75,1242.0
2010-11-19,520.75,1201.5
2010-11-22,515.25,1221.5
2010-11-23,528.5,1239.0
2010-11-24,538.75,1255.0
2010-11-26,538.25,1238.5
2010-11-29,538.25,1235.0
2010-11-30,530.0,1243.0
2010-12-01,551.75,1283.0
2010-12-02,540.75,1279.75
2010-12-03,559.0,1300.25
2010-12-06,553.75,1288.5
2010-12-07,547.25,1285.5
2010-12-08,559.5,1296.0
2010-12-09,560.25,1281.5
2010-12-10,560.25,1273.0
2010-12-13,575.25,1302.5
2010-12-14,574.5,1296.0
2010-12-15,584.25,1296.5
2010-12-16,587.5,1289.0
2010-12-17,596.5,1298.75
2010-12-20,599.5,1315.25
2010-12-21,602.25,1326.25
2010-12-22,609.0,1328.75
2010-12-23,614.0,1349.5
2010-12-27,615.25,1373.0
2010-12-28,623.25,1375.75
2010-12-29,624.0,1366.0
2010-12-30,616.0,1366.0
2010-12-31,629.0,1393.75
2011-01-03,620.5,1370.25
2011-01-04,608.5,1361.0
2011-01-05,619.25,1386.0
2011-01-06,602.0,1369.5
2011-01-07,595.0,1357.75
2011-01-10,607.0,1373.25
2011-01-11,607.0,1350.5
2011-01-12,631.0,1409.0
2011-01-13,642.5,1410.0
2011-01-14,648.75,1406.5
2011-01-18,659.5,1413.25
2011-01-19,641.25,1411.5
2011-01-20,654.0,1414.25
2011-01-21,657.25,1412.25
2011-01-24,655.25,1404.5
2011-01-25,644.0,1374.5
2011-01-26,657.75,1385.5
2011-01-27,650.75,1399.5
2011-01-28,644.0,1398.0
2011-01-31,659.5,1413.0
2011-02-01,666.0,1438.0
2011-02-02,669.25,1444.0
2011-02-03,662.5,1435.5
2011-02-04,678.5,1433.5
2011-02-07,674.75,1424.5
2011-02-08,673.75,1434.25
2011-02-09,698.0,1451.0
2011-02-10,698.5,1433.0
2011-02-11,706.5,1416.0
2011-02-14,695.75,1402.75
2011-02-15,690.5,1368.0
2011-02-16,690.5,1366.0
2011-02-17,712.75,1404.5
2011-02-18,709.75,1368.0
2011-02-22,679.75,1298.0
2011-02-23,691.5,1320.0
2011-02-24,685.75,1318.25
2011-02-25,712.0,1365.5
2011-02-28,722.5,1357.25
2011-03-01,727.25,1367.5
2011-03-02,714.0,1387.25
2011-03-03,729.75,1405.5
2011-03-04,721.25,1407.75
2011-03-07,710.75,1387.75
2011-03-08,698.75,1375.5
2011-03-09,695.0,1344.0
2011-03-10,676.25,1348.75
2011-03-11,659.25,1326.5
2011-03-14,664.0,1329.0
2011-03-15,636.0,1270.0
2011-03-16,616.5,1287.0
2011-03-17,646.5,1335.25
2011-03-18,683.5,1362.5
2011-03-21,686.5,1363.0
2011-03-22,686.75,1365.5
2011-03-23,681.0,1351.25
2011-03-24,702.5,1354.5
2011-03-25,689.5,1358.25
2011-03-28,671.0,1348.5
2011-03-29,671.75,1361.5
2011-03-30,663.25,1372.0
2011-03-31,693.25,1410.25
2011-04-01,736.0,1393.75
2011-04-04,760.25,1384.0
2011-04-05,766.75,1373.25
2011-04-06,763.0,1376.5
2011-04-07,759.0,1363.5
2011-04-08,768.0,1392.25
2011-04-11,776.0,1368.5
2011-04-12,752.5,1329.75
2011-04-13,755.5,1333.5
2011-04-14,754.25,1331.0
2011-04-15,742.0,1331.75
2011-04-18,751.75,1344.25
2011-04-19,749.0,1342.0
2011-04-20,732.75,1357.75
2011-04-21,737.25,1380.5
2011-04-25,762.5,1389.5
2011-04-26,766.25,1382.75
2011-04-27,752.25,1378.0
2011-04-28,723.0,1350.25
2011-04-29,754.0,1392.75
2011-05-02,730.75,1390.25
2011-05-03,719.0,1359.25
2011-05-04,726.5,1350.5
2011-05-05,705.0,1319.75
2011-05-06,682.75,1325.0
2011-05-09,704.5,1335.0
2011-05-10,706.0,1340.0
2011-05-11,668.75,1333.5
2011-05-12,681.25,1345.25
2011-05-13,679.0,1337.0
2011-05-16,697.5,1326.5
2011-05-17,720.25,1341.0
2011-05-18,749.75,1379.5
2011-05-19,748.25,1379.5
2011-05-20,759.5,1380.25
2011-05-23,754.0,1373.75
2011-05-24,733.25,1372.25
2011-05-25,742.25,1377.0
2011-05-26,745.5,1384.75
2011-05-27,758.5,1379.75
2011-05-31,747.5,1376.0
2011-06-01,758.5,1386.25
2011-06-02,766.5,1407.0
2011-06-03,754.0,1414.5
2011-06-06,732.0,1383.25
2011-06-07,736.5,1394.0
2011-06-08,764.0,1401.5
2011-06-09,785.5,1393.75
2011-06-10,787.0,1387.25
2011-06-13,782.5,1382.75
2011-06-14,755.5,1368.0
2011-06-15,725.75,1368.0
2011-06-16,701.5,1350.5
2011-06-17,700.25,1333.0
2011-06-20,700.5,1335.75
2011-06-21,707.5,1348.75
2011-06-22,677.5,1330.25
2011-06-23,680.5,1317.75
2011-06-24,670.0,1320.25
2011-06-27,660.75,1329.75
2011-06-28,683.0,1330.75
2011-06-29,698.0,1334.25
2011-06-30,629.0,1306.25
2011-07-01,640.75,1322.25
2011-07-05,680.5,1332.25
2011-07-06,648.75,1331.0
2011-07-07,650.0,1345.5
2011-07-08,672.25,1352.0
2011-07-11,681.5,1352.5
2011-07-12,697.0,1366.5
2011-07-13,726.75,1387.0
2011-07-14,716.5,1390.5
2011-07-15,701.25,1385.75
2011-07-18,696.25,1385.5
2011-07-19,698.0,1379.25
2011-07-20,688.0,1378.25
2011-07-21,679.25,1380.25
2011-07-22,690.0,1380.25
2011-07-25,678.75,1365.5
2011-07-26,689.75,1383.0
2011-07-27,691.5,1375.75
2011-07-28,682.25,1367.75
2011-07-29,665.5,1354.25
2011-08-01,681.25,1358.75
2011-08-02,711.25,1373.0
2011-08-03,706.0,1364.0
2011-08-04,693.75,1339.25
2011-08-05,693.0,1331.5
2011-08-08,675.25,1309.25
2011-08-09,678.25,1298.75
2011-08-10,678.0,1300.75
2011-08-11,702.5,1333.75
2011-08-12,701.75,1337.0
2011-08-15,707.25,1343.5
2011-08-16,714.0,1340.0
2011-08-17,711.5,1356.75
2011-08-18,699.0,1352.0
2011-08-19,711.0,1359.75
2011-08-22,720.5,1376.5
2011-08-23,730.25,1389.5
2011-08-24,731.75,1386.5
2011-08-25,732.25,1386.0
2011-08-26,752.5,1414.75
2011-08-29,756.25,1438.0
2011-08-30,763.5,1448.75
2011-08-31,757.5,1449.0
2011-09-01,728.75,1424.75
2011-09-02,750.25,1436.0
2011-09-06,746.75,1413.5
2011-09-07,736.5,1411.0
2011-09-08,723.25,1407.25
2011-09-09,726.0,1416.5
2011-09-12,734.25,1387.5
2011-09-13,709.25,1381.25
2011-09-14,713.0,1374.0
2011-09-15,701.0,1358.75
2011-09-16,692.0,1355.5
2011-09-19,692.25,1336.0
2011-09-20,690.25,1338.0
2011-09-21,685.75,1320.5
2011-09-22,650.0,1283.0
2011-09-23,638.5,1258.0
2011-09-26,648.0,1259.75
2011-09-27,652.25,1263.0
2011-09-28,630.75,1223.5
2011-09-29,632.5,1230.0
2011-09-30,592.5,1179.0
2011-10-03,592.5,1177.5
2011-10-04,587.75,1160.0
2011-10-05,605.5,1163.75
2011-10-06,605.5,1163.75
2011-10-07,600.0,1158.25
2011-10-10,605.0,1177.5
2011-10-11,645.0,1235.5
2011-10-12,640.75,1239.5
2011-10-13,638.25,1257.0
2011-10-14,640.0,1270.0
2011-10-17,640.5,1253.0
2011-10-18,644.0,1250.75
2011-10-19,638.5,1225.0
2011-10-20,649.5,1225.0
2011-10-21,649.25,1212.25
2011-10-24,651.0,1226.75
2011-10-25,650.75,1225.5
2011-10-26,637.25,1210.5
2011-10-27,651.5,1235.0
2011-10-28,655.0,1217.0
2011-10-31,647.0,1207.5
2011-11-01,654.25,1192.25
2011-11-02,645.0,1193.5
2011-11-03,653.5,1219.25
2011-11-04,655.75,1212.5
2011-11-07,653.25,1192.25
2011-11-08,660.5,1195.25
2011-11-09,656.0,1175.75
2011-11-10,645.5,1158.0
2011-11-11,638.5,1166.0
2011-11-14,633.5,1172.0
2011-11-15,645.5,1200.25
2011-11-16,642.75,1187.75
2011-11-17,614.5,1168.25
2011-11-18,610.25,1168.25
2011-11-21,597.75,1148.0
2011-11-22,599.0,1153.0
2011-11-23,588.75,1122.5
2011-11-25,582.5,1106.5
2011-11-28,591.75,1121.0
2011-11-29,598.0,1125.0
2011-11-30,601.25,1131.25
2011-12-01,594.75,1128.0
2011-12-02,586.5,1135.75
2011-12-05,580.25,1126.25
2011-12-06,585.25,1129.5
2011-12-07,582.25,1131.0
2011-12-08,590.0,1132.5
2011-12-09,585.5,1107.0
2011-12-12,585.5,1112.0
2011-12-13,588.5,1118.5
2011-12-14,580.0,1100.0
2011-12-15,579.0,1111.75
2011-12-16,583.0,1130.0
2011-12-19,601.0,1137.0
2011-12-20,607.0,1144.5
2011-12-21,616.5,1153.75
2011-12-22,617.5,1162.25
2011-12-23,619.5,1163.0
2011-12-27,633.25,1199.75
2011-12-28,642.5,1198.25
2011-12-29,638.0,1187.5
2011-12-30,646.5,1198.5
2012-01-03,658.5,1218.25
2012-01-04,658.5,1221.5
2012-01-05,643.5,1201.25
2012-01-06,643.5,1189.5
2012-01-09,652.0,1225.75
2012-01-10,652.0,1223.75
2012-01-11,651.5,1197.5
2012-01-12,611.5,1178.5
2012-01-13,599.5,1160.0
2012-01-17,604.0,1183.5
2012-01-18,593.5,1183.5
2012-01-19,606.0,1197.0
2012-01-20,611.5,1187.0
2012-01-23,620.0,1217.5
2012-01-24,630.25,1220.0
2012-01-25,634.5,1213.5
2012-01-26,634.5,1222.75
2012-01-27,641.75,1219.0
2012-01-30,631.75,1185.25
2012-01-31,639.0,1199.0
2012-02-01,642.0,1215.25
2012-02-02,643.0,1217.0
2012-02-03,644.5,1232.5
2012-02-06,644.25,1233.0
2012-02-07,642.25,1232.0
2012-02-08,642.5,1231.5
2012-02-09,637.0,1227.5
2012-02-10,631.75,1229.0
2012-02-13,639.5,1252.0
2012-02-14,633.5,1255.0
2012-02-15,627.0,1261.0
2012-02-16,636.25,1258.25
2012-02-17,641.75,1267.5
2012-02-21,629.5,1271.0
2012-02-22,638.25,1272.25
2012-02-23,639.5,1276.75
2012-02-24,640.75,1279.0
2012-02-27,644.5,1293.75
2012-02-28,653.5,1305.25
2012-02-29,656.5,1313.5
2012-03-01,653.75,1316.75
2012-03-02,659.0,1328.25
2012-03-05,666.25,1319.25
2012-03-06,658.0,1329.75
2012-03-07,643.75,1321.5
2012-03-08,645.0,1332.5
2012-03-09,654.0,1331.75
2012-03-12,671.5,1330.5
2012-03-13,674.0,1348.75
2012-03-14,669.5,1356.0
2012-03-15,669.0,1369.0
2012-03-16,673.0,1374.0
2012-03-19,663.5,1366.5
2012-03-20,647.5,1345.0
2012-03-21,642.0,1355.0
2012-03-22,644.5,1349.5
2012-03-23,646.5,1365.75
2012-03-26,637.75,1379.5
2012-03-27,630.75,1369.75
2012-03-28,620.25,1367.5
2012-03-29,604.0,1355.5
2012-03-30,644.0,1403.0
2012-04-02,655.0,1421.0
2012-04-03,658.25,1416.75
2012-04-04,656.75,1419.5
2012-04-05,658.25,1434.0
2012-04-09,649.0,1431.0
2012-04-10,634.75,1426.0
2012-04-11,636.0,1422.0
2012-04-12,637.5,1441.0
2012-04-13,629.25,1436.75
2012-04-16,623.25,1420.0
2012-04-17,616.75,1425.75
2012-04-18,601.75,1407.75
2012-04-19,621.0,1415.75
2012-04-20,612.5,1446.75
2012-04-23,622.5,1437.25
2012-04-24,618.25,1461.25
2012-04-25,611.0,1473.5
2012-04-26,624.0,1481.25
2012-04-27,653.0,1496.75
2012-04-30,660.25,1503.0
2012-05-01,659.75,1497.75
2012-05-02,642.25,1480.0
2012-05-03,650.75,1468.75
2012-05-04,662.25,1475.0
2012-05-07,665.0,1463.5
2012-05-08,666.0,1437.75
2012-05-09,641.25,1427.75
2012-05-10,625.5,1452.25
2012-05-11,608.0,1404.0
2012-05-14,608.0,1390.0
2012-05-15,597.25,1413.0
2012-05-16,620.0,1422.0
2012-05-17,625.0,1438.0
2012-05-18,635.5,1405.0
2012-05-21,633.0,1412.5
2012-05-22,597.0,1382.25
2012-05-23,603.5,1362.5
2012-05-24,578.5,1376.0
2012-05-25,578.5,1382.0
2012-05-29,562.5,1386.75
2012-05-30,559.5,1373.25
2012-05-31,555.25,1340.0
2012-06-01,551.5,1344.25
2012-06-04,568.0,1340.0
2012-06-05,567.5,1349.5
2012-06-06,586.25,1386.25
2012-06-07,594.0,1428.0
2012-06-08,598.0,1426.25
2012-06-11,592.0,1424.75
2012-06-12,584.0,1435.0
2012-06-13,592.5,1408.25
2012-06-14,601.5,1386.0
2012-06-15,579.5,1376.0
2012-06-18,599.5,1384.25
2012-06-19,612.5,1433.75
2012-06-20,611.75,1446.5
2012-06-21,586.5,1438.5
2012-06-22,591.0,1442.5
2012-06-25,631.0,1482.5
2012-06-26,646.0,1470.5
2012-06-27,649.5,1471.0
2012-06-28,652.0,1466.0
2012-06-29,672.5,1512.75
2012-07-02,692.5,1532.25
2012-07-03,718.75,1572.25
2012-07-05,768.0,1626.5
2012-07-06,743.25,1619.75
2012-07-09,775.25,1665.0
2012-07-10,761.0,1648.75
2012-07-11,750.75,1623.0
2012-07-12,771.25,1625.75
2012-07-13,755.75,1642.0
2012-07-16,776.75,1633.75
2012-07-17,779.5,1639.0
2012-07-18,795.0,1683.5
2012-07-19,807.75,1733.75
2012-07-20,824.5,1757.5
2012-07-23,814.0,1698.5
2012-07-24,790.0,1649.25
2012-07-25,794.5,1694.25
2012-07-26,781.25,1655.75
2012-07-27,798.5,1684.25
2012-07-30,820.0,1725.75
2012-07-31,806.5,1721.0
2012-08-01,800.5,1682.25
2012-08-02,794.0,1653.0
2012-08-03,810.0,1656.25
2012-08-06,803.0,1607.5
2012-08-07,796.0,1605.25
2012-08-08,810.75,1630.0
2012-08-09,818.25,1694.5
2012-08-10,800.0,1709.5
2012-08-13,782.75,1656.25
2012-08-14,779.75,1680.0
2012-08-15,794.0,1659.75
2012-08-16,797.75,1656.25
2012-08-17,798.5,1671.0
2012-08-20,815.25,1703.75
2012-08-21,831.25,1753.5
2012-08-22,830.25,1748.0
2012-08-23,808.75,1727.25
2012-08-24,802.25,1737.5
2012-08-27,794.5,1729.75
2012-08-28,789.5,1732.5
2012-08-29,810.25,1763.25
2012-08-30,811.5,1770.25
2012-08-31,802.75,1764.5
2012-09-04,807.0,1771.0
2012-09-05,789.75,1748.0
2012-09-06,797.25,1744.5
2012-09-07,795.0,1731.75
2012-09-10,781.0,1713.0
2012-09-11,782.25,1696.5
2012-09-12,771.0,1740.75
2012-09-13,776.75,1743.5
2012-09-14,777.5,1736.5
2012-09-17,748.0,1669.0
2012-09-18,740.0,1640.0
2012-09-19,756.5,1669.5
2012-09-20,746.0,1618.75
2012-09-21,748.25,1621.75
2012-09-24,744.75,1610.0
2012-09-25,743.75,1611.5
2012-09-26,724.75,1573.0
2012-09-27,716.25,1570.75
2012-09-28,756.25,1601.0
2012-10-01,756.75,1560.25
2012-10-02,758.25,1530.5
2012-10-03,756.75,1531.75
2012-10-04,757.0,1551.5
2012-10-05,748.0,1551.5
2012-10-08,742.0,1551.0
2012-10-09,742.0,1550.0
2012-10-10,736.75,1523.25
2012-10-11,773.25,1548.5
2012-10-12,752.75,1522.5
2012-10-15,737.25,1492.5
2012-10-16,738.25,1493.75
2012-10-17,745.5,1509.25
2012-10-18,760.75,1545.5
2012-10-19,761.5,1534.25
2012-10-22,761.25,1546.5
2012-10-23,756.0,1553.25
2012-10-24,754.5,1570.5
2012-10-25,742.0,1564.0
2012-10-26,737.75,1561.25
2012-10-31,755.75,1547.0
2012-11-01,751.0,1558.5
2012-11-02,739.5,1527.0
2012-11-05,735.5,1504.25
2012-11-06,741.0,1516.75
2012-11-07,744.25,1508.75
2012-11-08,741.25,1499.25
2012-11-09,738.75,1452.0
2012-11-12,718.0,1411.0
2012-11-13,723.5,1427.0
2012-11-14,725.75,1432.75
2012-11-15,721.25,1402.0
2012-11-16,727.0,1383.25
2012-11-19,738.75,1394.75
2012-11-20,743.25,1412.75
2012-11-21,741.0,1408.25
2012-11-23,745.5,1418.75
2012-11-26,747.25,1424.75
2012-11-27,760.0,1449.25
2012-11-28,760.25,1446.25
2012-11-29,751.5,1448.0
2012-11-30,748.0,1438.75
2012-12-03,749.0,1453.75
2012-12-04,746.5,1455.5
2012-12-05,753.25,1479.25
2012-12-06,747.75,1491.25
2012-12-07,732.75,1472.25
2012-12-10,726.75,1474.75
2012-12-11,724.25,1472.0
2012-12-12,721.0,1473.5
2012-12-13,712.25,1476.5
2012-12-14,718.75,1496.0
2012-12-17,724.0,1496.25
2012-12-18,720.0,1466.0
2012-12-19,703.0,1437.0
2012-12-20,696.5,1408.75
2012-12-21,702.0,1430.75
2012-12-24,704.25,1439.75
2012-12-26,693.25,1424.5
2012-12-27,691.5,1418.75
2012-12-28,694.0,1424.0
2012-12-31,698.25,1418.75
2013-01-02,690.75,1405.5
2013-01-03,689.25,1403.0
2013-01-04,680.25,1389.0
2013-01-07,685.5,1410.75
2013-01-08,688.75,1413.75
2013-01-09,694.25,1419.75
2013-01-10,698.75,1417.5
2013-01-11,708.75,1424.75
2013-01-14,724.0,1459.75
2013-01-15,730.5,1413.5
2013-01-16,731.25,1436.5
2013-01-17,724.5,1430.25
2013-01-18,727.5,1429.25
2013-01-22,728.5,1451.75
2013-01-23,720.75,1437.0
2013-01-24,724.25,1435.25
2013-01-25,720.75,1441.0
2013-01-28,729.25,1447.75
2013-01-29,729.5,1451.75
2013-01-30,740.25,1478.75
2013-01-31,740.5,1468.5
2013-02-01,736.0,1474.25
2013-02-04,734.25,1488.75
2013-02-05,729.0,1495.5
2013-02-06,722.5,1487.5
2013-02-07,710.75,1486.75
2013-02-08,709.0,1452.5
2013-02-11,702.25,1431.5
2013-02-12,696.25,1420.75
2013-02-13,695.5,1423.0
2013-02-14,694.75,1418.0
2013-02-15,698.75,1424.5
2013-02-19,695.25,1470.25
2013-02-20,700.5,1482.75
2013-02-21,690.75,1487.75
2013-02-22,690.25,1461.25
2013-02-25,693.5,1451.25
2013-02-26,705.0,1447.75
2013-02-27,709.5,1457.5
2013-02-28,719.5,1474.25
2013-03-01,724.25,1464.5
2013-03-04,723.0,1490.25
2013-03-05,732.0,1496.5
2013-03-06,708.0,1484.5
2013-03-07,711.5,1503.5
2013-03-08,725.25,1508.5
2013-03-11,734.5,1514.75
2013-03-12,741.0,1489.75
2013-03-13,741.25,1475.0
2013-03-14,732.75,1457.25
2013-03-15,717.0,1426.0
2013-03-18,720.0,1409.5
2013-03-19,728.5,1406.75
2013-03-20,732.5,1419.75
2013-03-21,733.0,1449.0
2013-03-22,726.25,1440.5
2013-03-25,733.25,1437.25
2013-03-26,730.25,1447.75
2013-03-27,735.25,1453.75
2013-03-28,695.25,1404.75
2013-04-01,642.25,1390.75
2013-04-02,640.5,1394.0
2013-04-03,641.5,1380.25
2013-04-04,630.0,1372.0
2013-04-05,629.0,1361.75
2013-04-08,633.5,1378.0
2013-04-09,644.25,1395.5
2013-04-10,649.0,1392.75
2013-04-11,651.25,1402.0
2013-04-12,658.5,1413.0
2013-04-15,646.75,1395.0
2013-04-16,663.25,1411.5
2013-04-17,660.5,1422.25
2013-04-18,644.5,1430.5
2013-04-19,652.0,1428.25
2013-04-22,645.75,1417.25
2013-04-23,638.5,1419.75
2013-04-24,639.5,1404.0
2013-04-25,645.25,1423.5
2013-04-26,644.0,1430.75
2013-04-29,684.0,1471.75
2013-04-30,683.25,1467.75
2013-05-01,681.75,1437.5
2013-05-02,697.5,1441.0
2013-05-03,699.5,1455.0
2013-05-06,678.75,1444.5
2013-05-07,676.5,1463.5
2013-05-08,675.0,1479.0
2013-05-09,694.5,1491.25
2013-05-10,687.75,1488.25
2013-05-13,718.0,1521.0
2013-05-14,706.75,1524.5
2013-05-15,650.75,1412.75
2013-05-16,641.5,1427.5
2013-05-17,652.75,1448.5
2013-05-20,649.5,1464.5
2013-05-21,640.0,1478.25
2013-05-22,658.5,1494.25
2013-05-23,662.0,1499.5
2013-05-24,657.25,1476.25
2013-05-28,666.5,1509.25
2013-05-29,665.0,1501.75
2013-05-30,654.25,1495.75
2013-05-31,662.0,1510.0
2013-06-03,655.75,1532.5
2013-06-04,660.5,1528.75
2013-06-05,660.75,1532.0
2013-06-06,663.25,1527.25
2013-06-07,666.25,1528.25
2013-06-10,650.0,1511.75
2013-06-11,659.5,1540.5
2013-06-12,650.75,1540.75
2013-06-13,643.5,1510.25
2013-06-14,655.0,1516.5
2013-06-17,668.5,1512.5
2013-06-18,673.25,1510.75
2013-06-19,682.25,1523.0
2013-06-20,673.25,1497.5
2013-06-21,661.75,1493.25
2013-06-24,653.25,1512.0
2013-06-25,656.75,1525.25
2013-06-26,664.5,1534.25
2013-06-27,667.25,1548.5
2013-06-28,679.25,1564.5
2013-07-01,655.5,1570.5
2013-07-02,672.75,1573.0
2013-07-03,678.25,1583.5
2013-07-05,684.75,1588.0
2013-07-08,691.75,1609.25
2013-07-09,704.0,1613.25
2013-07-10,709.75,1591.75
2013-07-11,716.75,1601.25
2013-07-12,701.5,1563.25
2013-07-15,536.25,1453.75
2013-07-16,545.25,1475.25
2013-07-17,538.5,1477.5
2013-07-18,541.0,1469.25
2013-07-19,544.0,1490.75
2013-07-22,540.75,1520.25
2013-07-23,522.5,1462.5
2013-07-24,508.25,1392.5
2013-07-25,496.0,1355.25
2013-07-26,492.0,1349.75
2013-07-29,489.25,1367.5
2013-07-30,495.5,1350.0
2013-07-31,499.0,1374.0
2013-08-01,487.5,1357.75
2013-08-02,476.0,1331.0
2013-08-05,469.25,1329.75
2013-08-06,472.25,1324.25
2013-08-07,468.25,1327.75
2013-08-08,473.5,1355.75
2013-08-09,465.75,1340.75
2013-08-12,472.0,1373.75
2013-08-13,455.25,1359.75
2013-08-14,464.75,1368.0
2013-08-15,481.5,1288.25
2013-08-16,473.75,1283.25
2013-08-19,493.25,1322.0
2013-08-20,483.75,1309.25
2013-08-21,498.0,1333.0
2013-08-22,487.5,1322.0
2013-08-23,495.5,1365.25
2013-08-26,515.75,1427.75
2013-08-27,499.75,1414.0
2013-08-28,504.25,1433.0
2013-08-29,497.25,1430.0
2013-08-30,495.0,1424.0
2013-09-03,498.0,1435.5
2013-09-04,494.0,1397.75
2013-09-05,489.5,1423.0
2013-09-06,491.5,1437.0
2013-09-09,477.25,1404.25
2013-09-10,474.75,1403.75
2013-09-11,479.75,1405.25
2013-09-12,479.0,1442.0
2013-09-13,450.0,1488.75
2013-09-16,456.5,1348.25
2013-09-17,454.0,1342.5
2013-09-18,456.25,1347.75
2013-09-19,459.5,1339.5
2013-09-20,451.0,1315.25
2013-09-23,453.25,1307.75
2013-09-24,448.75,1312.5
2013-09-25,454.75,1321.75
2013-09-26,456.75,1316.75
2013-09-27,454.0,1319.75
2013-09-30,441.5,1282.75
2013-10-01,439.0,1268.0
2013-10-02,439.0,1273.75
2013-10-03,439.25,1288.25
2013-10-04,443.25,1295.0
2013-10-07,449.25,1296.5
2013-10-08,441.75,1288.75
2013-10-09,443.5,1287.75
2013-10-10,438.25,1288.0
2013-10-11,433.25,1266.75
2013-10-14,437.0,1273.0
2013-10-15,443.5,1267.0
2013-10-16,442.75,1276.5
2013-10-17,443.0,1293.25
2013-10-18,441.5,1291.25
2013-10-21,444.0,1303.25
2013-10-22,438.25,1302.25
2013-10-23,442.75,1310.0
2013-10-24,440.25,1309.75
2013-10-25,440.0,1300.0
2013-10-28,430.75,1271.25
2013-10-29,432.0,1279.0
2013-10-30,430.25,1287.5
2013-10-31,428.25,1280.25
2013-11-01,427.25,1266.0
2013-11-04,426.25,1264.0
2013-11-05,425.0,1259.25
2013-11-06,421.25,1263.0
2013-11-07,420.5,1278.75
2013-11-08,426.75,1306.0
2013-11-11,434.75,1308.0
2013-11-12,432.25,1319.25
2013-11-13,429.75,1319.75
2013-11-14,426.5,1317.25
2013-11-15,422.0,1280.5
2013-11-18,412.0,1287.5
2013-11-19,417.75,1276.25
2013-11-20,417.0,1273.75
2013-11-21,423.0,1291.5
2013-11-22,422.25,1319.5
2013-11-25,424.75,1329.25
2013-11-26,418.5,1329.25
2013-11-27,417.25,1320.0
2013-11-29,415.25,1336.5
2013-12-02,416.5,1321.25
2013-12-03,422.0,1319.75
2013-12-04,425.5,1329.5
2013-12-05,422.75,1328.0
2013-12-06,424.0,1325.5
2013-12-09,428.5,1343.75
2013-12-10,427.5,1338.25
2013-12-11,431.25,1344.0
2013-12-12,428.25,1323.75
2013-12-13,420.5,1327.5
2013-12-16,423.25,1337.75
2013-12-17,426.75,1346.5
2013-12-18,425.0,1324.0
2013-12-19,430.5,1327.0
2013-12-20,433.25,1339.0
2013-12-23,434.25,1328.5
2013-12-24,434.5,1333.75
2013-12-26,426.25,1318.75
2013-12-27,427.5,1331.5
2013-12-30,423.5,1328.25
2013-12-31,422.0,1312.5
2014-01-02,420.5,1287.0
2014-01-03,423.5,1289.25
2014-01-06,427.75,1296.75
2014-01-07,426.0,1299.5
2014-01-08,417.0,1300.75
2014-01-09,412.0,1296.25
2014-01-10,432.75,1303.75
2014-01-13,434.5,1326.75
2014-01-14,431.5,1339.0
2014-01-15,425.75,1318.0
2014-01-16,428.0,1315.0
2014-01-17,424.0,1316.5
2014-01-21,425.0,1280.5
2014-01-22,426.25,1279.5
2014-01-23,429.0,1277.0
2014-01-24,429.5,1284.75
2014-01-27,431.75,1287.75
2014-01-28,432.0,1285.5
2014-01-29,427.5,1269.25
2014-01-30,433.5,1275.0
2014-01-31,434.0,1282.75
2014-02-03,435.75,1292.75
2014-02-04,441.75,1313.25
2014-02-05,443.25,1316.25
2014-02-06,443.0,1325.75
2014-02-07,444.25,1331.5
2014-02-10,443.0,1325.5
2014-02-11,441.5,1334.75
2014-02-12,440.0,1323.0
2014-02-13,440.5,1344.25
2014-02-14,445.25,1337.5
2014-02-18,449.5,1361.0
2014-02-19,453.75,1354.25
2014-02-20,455.75,1358.25
2014-02-21,453.0,1370.75
2014-02-24,451.5,1386.5
2014-02-25,455.75,1399.0
2014-02-26,455.5,1407.25
2014-02-27,448.0,1393.5
2014-02-28,457.5,1414.25
2014-03-03,464.0,1407.25
2014-03-04,476.75,1418.0
2014-03-05,475.25,1420.0
2014-03-06,485.75,1437.5
2014-03-07,481.0,1457.5
2014-03-10,472.0,1419.25
2014-03-11,478.0,1411.5
2014-03-12,484.25,1381.75
2014-03-13,484.25,1390.75
2014-03-14,472.25,1376.0
2014-03-17,479.0,1391.75
2014-03-18,486.25,1418.25
2014-03-19,487.75,1431.25
2014-03-20,478.5,1433.75
2014-03-21,479.0,1408.75
2014-03-24,490.0,1425.5
2014-03-25,486.5,1428.0
2014-03-26,484.5,1440.0
2014-03-27,492.0,1436.5
2014-03-28,492.0,1436.5
2014-03-31,502.0,1464.0
2014-04-01,507.5,1484.5
2014-04-02,495.75,1462.25
2014-04-03,500.0,1475.25
2014-04-04,501.75,1473.75
2014-04-07,499.25,1464.25
2014-04-08,507.0,1482.5
2014-04-09,502.25,1495.25
2014-04-10,501.25,1482.25
2014-04-11,498.5,1463.0
2014-04-14,503.0,1476.25
2014-04-15,503.75,1501.25
2014-04-16,497.5,1518.75
2014-04-17,494.75,1514.0
2014-04-21,488.5,1498.75
2014-04-22,496.25,1479.75
2014-04-23,503.5,1468.5
2014-04-24,501.25,1472.0
2014-04-25,507.0,1498.0
2014-04-28,507.75,1508.25
2014-04-29,515.75,1524.0
2014-04-30,514.0,1530.75
2014-05-01,503.25,1473.5
2014-05-02,494.0,1480.75
2014-05-05,503.25,1472.0
2014-05-06,513.0,1464.0
2014-05-07,510.25,1451.0
2014-05-08,513.25,1474.25
2014-05-09,505.0,1501.0
2014-05-12,497.5,1483.75
2014-05-13,503.25,1502.25
2014-05-14,494.75,1496.25
2014-05-15,484.25,1470.25
2014-05-16,483.5,1465.0
2014-05-19,477.25,1485.25
2014-05-20,473.5,1469.75
2014-05-21,474.5,1505.25
2014-05-22,476.75,1518.75
2014-05-23,478.0,1515.5
2014-05-27,469.75,1488.75
2014-05-28,472.5,1497.75
2014-05-29,469.5,1499.0
2014-05-30,465.75,1493.25
2014-06-02,465.5,1500.5
2014-06-03,458.25,1481.25
2014-06-04,456.25,1482.5
2014-06-05,449.0,1460.5
2014-06-06,459.0,1457.0
2014-06-09,451.0,1457.0
2014-06-10,445.5,1462.5
2014-06-11,441.0,1445.5
2014-06-12,444.0,1415.25
2014-06-13,447.0,1425.75
2014-06-16,441.0,1421.75
2014-06-17,438.75,1398.25
2014-06-18,441.5,1409.0
2014-06-19,450.5,1420.75
2014-06-20,453.25,1415.75
2014-06-23,444.5,1424.75
2014-06-24,443.0,1413.5
2014-06-25,441.0,1415.75
2014-06-26,442.75,1437.0
2014-06-27,443.0,1432.0
2014-06-30,424.25,1400.5
2014-07-01,422.75,1400.0
2014-07-02,418.5,1392.5
2014-07-03,417.0,1387.75
2014-07-07,409.25,1363.0
2014-07-08,408.25,1329.75
2014-07-09,404.0,1334.5
2014-07-10,400.5,1329.75
2014-07-11,399.75,1295.75
2014-07-14,390.25,1295.0
2014-07-15,374.0,1180.5
2014-07-16,378.25,1187.25
2014-07-17,379.5,1174.75
2014-07-18,371.25,1176.75
2014-07-21,364.0,1175.75
2014-07-22,360.25,1184.0
2014-07-23,362.5,1201.0
2014-07-24,361.5,1207.5
2014-07-25,363.0,1212.25
2014-07-28,367.75,1236.5
2014-07-29,361.5,1226.5
2014-07-30,361.75,1220.5
2014-07-31,357.0,1224.5
2014-08-01,352.5,1215.0
2014-08-04,358.75,1232.5
2014-08-05,356.25,1222.75
2014-08-06,363.25,1237.0
2014-08-07,359.5,1250.0
2014-08-08,351.75,1284.75
2014-08-11,356.75,1314.75
2014-08-12,358.5,1290.0
2014-08-13,358.0,1264.5
2014-08-14,362.0,1224.5
2014-08-15,365.75,1102.5
2014-08-18,360.75,1115.5
2014-08-19,362.5,1120.25
2014-08-20,359.5,1119.75
2014-08-21,362.25,1136.25
2014-08-22,365.5,1166.0
2014-08-25,360.0,1125.75
2014-08-26,356.0,1075.5
2014-08-27,356.0,1085.75
2014-08-28,361.75,1073.75
2014-08-29,359.0,1089.5
2014-09-02,355.75,1097.25
2014-09-03,341.25,1080.75
2014-09-04,335.75,1064.25
2014-09-05,346.5,1085.5
2014-09-08,339.25,1090.75
2014-09-09,336.25,1076.5
2014-09-10,338.75,1071.0
2014-09-11,331.75,1061.5
2014-09-12,339.0,1091.0
2014-09-15,343.0,989.5
2014-09-16,343.75,980.75
2014-09-17,341.75,982.5
2014-09-18,338.25,971.5
2014-09-19,331.5,957.0
2014-09-22,330.25,938.25
2014-09-23,325.5,936.25
2014-09-24,329.5,936.75
2014-09-25,326.0,922.75
2014-09-26,323.0,910.25
2014-09-29,325.75,923.5
2014-09-30,320.75,913.25
2014-10-01,321.25,916.75
2014-10-02,322.75,924.5
2014-10-03,323.25,912.25
2014-10-06,332.5,942.25
2014-10-07,340.5,940.75
2014-10-08,343.25,935.0
2014-10-09,344.75,942.0
2014-10-10,334.0,922.5
2014-10-13,346.0,945.25
2014-10-14,357.0,964.75
2014-10-15,347.5,952.5
2014-10-16,352.25,966.5
2014-10-17,348.0,951.75
2014-10-20,348.25,944.25
2014-10-21,356.0,964.25
2014-10-22,353.0,962.75
2014-10-23,359.75,993.25
2014-10-24,353.0,977.5
2014-10-27,363.0,1006.0
2014-10-28,364.5,1008.0
2014-10-29,375.25,1043.0
2014-10-30,374.0,1024.25
2014-10-31,376.75,1046.5
2014-11-03,373.5,1028.75
2014-11-04,364.5,1010.0
2014-11-05,370.25,1020.5
2014-11-06,371.25,1031.0
2014-11-07,367.5,1040.25
2014-11-10,369.25,1027.5
2014-11-11,373.75,1066.5
2014-11-12,377.75,1048.25
2014-11-13,386.25,1050.5
2014-11-14,381.75,1021.0
2014-11-17,377.5,1036.25
2014-11-18,372.0,1023.25
2014-11-19,363.25,1004.75
2014-11-20,373.25,1020.5
2014-11-21,372.75,1039.0
2014-11-24,367.5,1033.75
2014-11-25,374.25,1051.0
2014-11-26,378.25,1047.0
2014-11-28,375.75,1016.0
2014-12-01,375.5,1017.0
2014-12-02,367.75,995.75
2014-12-03,368.75,998.25
2014-12-04,376.0,1010.5
2014-12-05,381.5,1036.0
2014-12-08,377.5,1043.75
2014-12-09,383.0,1049.25
2014-12-10,382.5,1032.0
2014-12-11,390.0,1042.25
2014-12-12,396.25,1047.25
2014-12-15,408.5,1039.5
2014-12-16,406.0,1023.5
2014-12-17,408.25,1027.0
2014-12-18,411.0,1035.0
2014-12-19,410.5,1030.5
2014-12-22,411.75,1038.25
2014-12-23,414.0,1038.5
2014-12-24,407.75,1028.75
2014-12-26,414.75,1047.5
2014-12-29,412.75,1041.75
2014-12-30,406.5,1037.75
2014-12-31,397.0,1019.25
2015-01-02,395.75,1002.5
2015-01-05,406.0,1039.75
2015-01-06,405.0,1051.0
2015-01-07,396.25,1052.75
2015-01-08,394.25,1045.0
2015-01-09,400.25,1051.5
2015-01-12,402.0,1013.5
2015-01-13,385.75,1000.0
2015-01-14,381.0,992.5
2015-01-15,380.0,991.0
2015-01-16,387.0,991.75
2015-01-20,390.25,982.0
2015-01-21,388.0,983.5
2015-01-22,383.75,976.75
2015-01-23,386.75,972.75
2015-01-26,384.0,983.5
2015-01-27,381.25,973.75
2015-01-28,373.25,970.25
2015-01-29,371.5,968.25
2015-01-30,370.0,961.0
2015-02-02,369.75,959.5
2015-02-03,385.75,987.0
2015-02-04,383.5,972.0
2015-02-05,385.25,981.25
2015-02-06,385.75,973.5
2015-02-09,391.25,978.5
2015-02-10,388.0,969.0
2015-02-11,385.75,977.75
2015-02-12,383.0,983.75
2015-02-13,387.25,990.5
2015-02-17,389.5,1007.75
2015-02-18,383.75,995.75
2015-02-19,389.75,1007.25
2015-02-20,385.25,999.25
2015-02-23,378.75,999.25
2015-02-24,377.5,1016.0
2015-02-25,375.75,1007.75
2015-02-26,380.0,1024.0
2015-02-27,384.5,1030.75
2015-03-02,378.75,1011.25
2015-03-03,382.0,1008.75
2015-03-04,381.5,989.0
2015-03-05,382.75,979.25
2015-03-06,379.25,979.25
2015-03-09,383.25,988.25
2015-03-10,382.25,980.0
2015-03-11,384.0,989.0
2015-03-12,382.25,986.5
2015-03-13,374.0,968.25
2015-03-16,379.0,969.25
2015-03-17,371.0,954.5
2015-03-18,374.75,965.0
2015-03-19,373.5,961.75
2015-03-20,385.0,973.75
2015-03-23,390.25,983.5
2015-03-24,393.25,981.75
2015-03-25,395.0,978.75
2015-03-26,391.25,974.5
2015-03-27,391.0,967.25
2015-03-30,394.5,967.75
2015-03-31,376.25,973.25
2015-04-01,381.75,989.75
2015-04-02,386.5,986.0
2015-04-06,385.0,978.5
2015-04-07,383.0,971.0
2015-04-08,379.25,971.5
2015-04-09,378.0,953.5
2015-04-10,377.0,951.5
2015-04-13,370.5,948.75
2015-04-14,373.5,960.25
2015-04-15,376.0,965.0
2015-04-16,376.25,966.0
2015-04-17,379.75,968.75
2015-04-20,378.0,977.5
2015-04-21,373.0,975.25
2015-04-22,372.5,970.5
2015-04-23,370.75,978.25
2015-04-24,364.5,969.75
2015-04-27,360.75,973.0
2015-04-28,361.0,977.5
2015-04-29,363.75,988.5
2015-04-30,362.5,978.5
2015-05-01,359.75,968.5
2015-05-04,358.75,983.0
2015-05-05,361.25,993.5
2015-05-06,366.5,990.5
2015-05-07,357.75,981.5
2015-05-08,358.5,984.5
2015-05-11,358.25,983.0
2015-05-12,357.0,967.0
2015-05-13,356.0,975.0
2015-05-14,361.0,963.0
2015-05-15,365.5,953.25
2015-05-18,368.0,954.5
2015-05-19,362.0,946.25
2015-05-20,360.0,941.25
2015-05-21,365.0,938.5
2015-05-22,360.0,924.25
2015-05-26,355.0,922.5
2015-05-27,349.5,927.0
2015-05-28,353.5,926.0
2015-05-29,351.5,934.0
2015-06-01,352.25,926.0
2015-06-02,359.0,940.75
2015-06-03,359.0,935.25
2015-06-04,363.5,946.5
2015-06-05,360.5,937.75
2015-06-08,365.25,944.25
2015-06-09,365.0,951.5
2015-06-10,357.25,949.5
2015-06-11,356.5,940.0
2015-06-12,353.0,940.0
2015-06-15,348.25,937.75
2015-06-16,354.0,957.5
2015-06-17,359.25,969.0
2015-06-18,358.0,977.75
2015-06-19,353.25,971.5
2015-06-22,360.0,989.5
2015-06-23,367.5,987.5
2015-06-24,366.5,981.75
2015-06-25,376.5,1000.25
2015-06-26,385.0,1002.0
2015-06-29,383.25,1002.5
2015-06-30,414.0,1056.25
2015-07-01,413.75,1044.0
2015-07-02,419.75,1045.25
2015-07-06,418.5,1033.75
2015-07-07,415.75,1002.0
2015-07-08,416.25,1006.25
2015-07-09,421.25,1037.75
2015-07-10,427.25,1043.5
2015-07-13,433.5,1045.25
2015-07-14,424.0,1039.0
2015-07-15,429.5,1025.0
2015-07-16,430.0,1019.0
2015-07-17,420.25,1014.75
2015-07-20,405.0,1007.75
2015-07-21,406.5,1018.75
2015-07-22,402.75,1020.75
2015-07-23,403.25,1010.0
2015-07-24,392.5,991.25
2015-07-27,373.0,961.25
2015-07-28,375.0,974.75
2015-07-29,367.75,983.0
2015-07-30,373.25,990.25
2015-07-31,371.0,980.75
2015-08-03,366.5,977.5
2015-08-04,368.75,976.0
2015-08-05,372.75,991.75
2015-08-06,369.75,985.5
2015-08-07,372.75,1009.0
2015-08-10,390.25,1044.75
2015-08-11,376.5,1014.0
2015-08-12,357.25,951.0
2015-08-13,363.75,993.0
2015-08-14,364.0,978.5
2015-08-17,363.25,927.0
2015-08-18,366.25,913.25
2015-08-19,367.25,903.5
2015-08-20,371.0,921.5
2015-08-21,365.25,905.25
2015-08-24,368.75,892.75
2015-08-25,365.5,894.25
2015-08-26,361.75,877.75
2015-08-27,363.75,886.25
2015-08-28,363.25,893.25
2015-08-31,363.75,897.5
2015-09-01,356.0,884.75
2015-09-02,354.0,883.75
2015-09-03,347.75,879.75
2015-09-04,349.5,877.25
2015-09-08,355.0,890.75
2015-09-09,356.5,882.75
2015-09-10,361.75,884.5
2015-09-11,374.5,887.75
2015-09-14,379.0,882.75
2015-09-15,390.5,889.0
2015-09-16,386.0,887.25
2015-09-17,379.75,884.5
2015-09-18,377.25,867.25
2015-09-21,384.5,874.25
2015-09-22,380.5,861.75
2015-09-23,383.25,863.75
2015-09-24,381.5,868.0
2015-09-25,389.0,889.25
2015-09-28,386.75,876.75
2015-09-29,389.0,884.25
2015-09-30,387.75,892.0
2015-10-01,388.75,877.25
2015-10-02,389.25,874.25
2015-10-05,393.5,884.25
2015-10-06,398.25,888.0
2015-10-07,395.75,891.0
2015-10-08,391.25,881.25
2015-10-09,382.75,885.75
2015-10-12,380.75,887.5
2015-10-13,384.5,914.0
2015-10-14,379.0,910.5
2015-10-15,375.5,905.25
2015-10-16,376.75,898.25
2015-10-19,373.0,891.0
2015-10-20,376.75,896.0
2015-10-21,380.75,905.25
2015-10-22,378.25,898.75
2015-10-23,379.75,895.5
2015-10-26,384.5,885.0
2015-10-27,380.0,891.25
2015-10-28,376.0,881.5
2015-10-29,380.0,878.75
2015-10-30,382.25,883.75
2015-11-02,376.5,877.75
2015-11-03,380.5,878.5
2015-11-04,380.5,882.0
2015-11-05,374.5,867.75
2015-11-06,373.0,871.25
2015-11-09,366.75,873.5
2015-11-10,359.0,864.5
2015-11-11,362.25,868.5
2015-11-12,362.0,869.25
2015-11-13,358.25,859.0
2015-11-16,360.0,859.5
2015-11-17,362.0,864.0
2015-11-18,361.75,857.75
2015-11-19,364.25,860.0
2015-11-20,363.25,857.5
2015-11-23,367.25,864.25
2015-11-24,364.25,863.75
2015-11-25,366.0,875.25
2015-11-27,359.25,873.0
2015-11-30,365.0,881.0
2015-12-01,367.0,889.25
2015-12-02,364.0,892.25
2015-12-03,370.25,897.5
2015-12-04,376.25,906.0
2015-12-07,368.5,882.25
2015-12-08,370.0,876.75
2015-12-09,371.75,876.75
2015-12-10,377.25,878.25
2015-12-11,373.0,870.75
2015-12-14,381.75,874.25
2015-12-15,377.25,867.25
2015-12-16,369.75,862.5
2015-12-17,374.25,877.0
2015-12-18,374.5,892.25
2015-12-21,372.0,891.25
2015-12-22,366.25,885.25
2015-12-23,365.5,881.75
2015-12-24,364.5,875.25
2015-12-28,361.0,865.0
2015-12-29,362.5,870.0
2015-12-30,359.0,875.5
2015-12-31,358.75,871.25
2016-01-04,351.5,864.5
2016-01-05,353.0,867.75
2016-01-06,353.25,875.75
2016-01-07,353.0,877.0
2016-01-08,357.0,879.5
2016-01-11,351.75,881.0
2016-01-12,356.75,890.75
2016-01-13,358.0,899.0
2016-01-14,358.0,896.0
2016-01-15,363.25,879.0
2016-01-19,367.75,883.5
2016-01-20,368.75,874.0
2016-01-21,367.0,878.5
2016-01-22,370.25,876.5
2016-01-25,369.75,880.5
2016-01-26,369.25,876.5
2016-01-27,369.25,883.0
2016-01-28,365.5,867.75
2016-01-29,372.0,882.25
2016-02-01,371.25,880.75
2016-02-02,372.5,886.25
2016-02-03,371.0,876.75
2016-02-04,368.5,874.5
2016-02-05,365.75,867.5
2016-02-08,362.25,862.5
2016-02-09,361.0,863.25
2016-02-10,360.25,862.25
2016-02-11,360.25,873.5
2016-02-12,358.75,872.75
2016-02-16,363.0,879.75
2016-02-17,367.25,882.5
2016-02-18,365.5,879.75
2016-02-19,365.5,878.25
2016-02-22,367.5,881.0
2016-02-23,362.0,869.25
2016-02-24,359.75,867.5
2016-02-25,355.5,859.0
2016-02-26,354.5,855.0
2016-02-29,353.5,853.0
2016-03-01,353.75,850.75
2016-03-02,354.5,854.25
2016-03-03,353.75,856.25
2016-03-04,354.5,870.5
2016-03-07,355.0,873.5
2016-03-08,358.75,877.5
2016-03-09,359.0,880.0
2016-03-10,362.5,881.75
2016-03-11,366.0,888.0
2016-03-14,366.75,888.0
2016-03-15,368.5,892.0
2016-03-16,368.25,894.5
2016-03-17,368.5,897.75
2016-03-18,367.0,897.5
2016-03-21,369.5,902.0
2016-03-22,370.0,910.25
2016-03-23,368.5,905.25
2016-03-24,370.0,910.5
2016-03-28,370.5,909.0
2016-03-29,373.0,916.0
2016-03-30,367.0,909.0
2016-03-31,351.5,910.75
2016-04-01,354.0,918.25
2016-04-04,354.5,913.5
2016-04-05,356.75,904.75
2016-04-06,358.0,908.0
2016-04-07,361.5,904.5
2016-04-08,362.25,916.75
2016-04-11,356.75,928.25
2016-04-12,362.75,936.25
2016-04-13,373.5,955.75
2016-04-14,374.0,948.0
2016-04-15,378.5,956.0
2016-04-18,381.0,954.25
2016-04-19,384.5,985.5
2016-04-20,394.75,1009.75
2016-04-21,384.5,1018.75
2016-04-22,371.75,987.0
2016-04-25,377.0,999.75
2016-04-26,382.25,1017.75
2016-04-27,380.75,1019.0
2016-04-28,387.0,1018.0
2016-04-29,390.25,1021.0
2016-05-02,390.25,1035.5
2016-05-03,378.25,1021.5
2016-05-04,373.25,1024.5
2016-05-05,371.75,1003.5
2016-05-06,376.0,1026.25
2016-05-09,367.75,1018.75
2016-05-10,378.5,1076.0
2016-05-11,374.0,1069.75
2016-05-12,385.25,1064.5
2016-05-13,382.0,1055.0
2016-05-16,394.0,1064.5
2016-05-17,397.0,1080.25
2016-05-18,399.5,1075.25
2016-05-19,390.0,1071.5
2016-05-20,394.5,1074.25
2016-05-23,397.75,1058.5
2016-05-24,397.5,1054.75
2016-05-25,404.75,1085.5
2016-05-26,408.25,1079.75
2016-05-27,412.75,1086.5
2016-05-31,404.75,1078.5
2016-06-01,413.75,1099.75
2016-06-02,415.25,1144.25
2016-06-03,418.25,1132.0
2016-06-06,427.25,1138.25
2016-06-07,427.75,1141.25
2016-06-08,431.25,1177.75
2016-06-09,426.5,1176.0
2016-06-10,423.0,1178.25
2016-06-13,430.0,1169.0
2016-06-14,436.5,1169.5
2016-06-15,429.0,1156.0
2016-06-16,425.25,1134.5
2016-06-17,437.75,1159.5
2016-06-20,421.25,1143.5
2016-06-21,396.25,1133.25
2016-06-22,393.0,1137.5
2016-06-23,387.25,1124.5
2016-06-24,384.5,1103.0
2016-06-27,385.25,1133.0
2016-06-28,385.25,1150.5
2016-06-29,372.75,1144.5
2016-06-30,358.75,1175.0
2016-07-01,353.0,1168.75
2016-07-05,344.0,1117.0
2016-07-06,335.75,1106.25
2016-07-07,335.5,1054.25
2016-07-08,349.75,1089.75
2016-07-11,343.75,1082.75
2016-07-12,349.75,1107.25
2016-07-13,365.75,1128.0
2016-07-14,362.25,1111.5
2016-07-15,352.25,1072.5
2016-07-18,357.0,1078.25
2016-07-19,341.75,1044.0
2016-07-20,337.5,1027.0
2016-07-21,334.25,1032.5
2016-07-22,335.0,1006.5
2016-07-25,334.75,983.75
2016-07-26,332.5,993.5
2016-07-27,335.75,1010.5
2016-07-28,331.25,1003.5
2016-07-29,334.5,1032.5
2016-08-01,325.75,996.0
2016-08-02,324.25,985.25
2016-08-03,325.0,990.5
2016-08-04,320.75,990.5
2016-08-05,324.25,1003.75
2016-08-08,325.25,1018.75
2016-08-09,322.25,1022.0
2016-08-10,322.5,1017.0
2016-08-11,321.0,1022.25
2016-08-12,322.25,1003.25
2016-08-15,326.5,1023.75
2016-08-16,327.5,1019.5
2016-08-17,330.25,1030.5
2016-08-18,332.0,1032.25
2016-08-19,334.25,1027.0
2016-08-22,333.25,1035.25
2016-08-23,328.5,1034.25
2016-08-24,327.5,1030.75
2016-08-25,323.5,998.25
2016-08-26,316.25,990.75
2016-08-29,311.75,983.25
2016-08-30,304.0,965.5
2016-08-31,301.5,960.0
2016-09-01,311.0,959.0
2016-09-02,316.5,968.5
2016-09-06,316.75,974.25
2016-09-07,321.0,991.75
2016-09-08,327.0,992.0
2016-09-09,330.0,997.25
2016-09-12,329.25,984.5
2016-09-13,319.25,968.25
2016-09-14,322.25,972.0
2016-09-15,330.0,950.5
2016-09-16,337.0,966.0
2016-09-19,337.25,972.5
2016-09-20,340.5,989.75
2016-09-21,340.0,975.5
2016-09-22,336.75,976.5
2016-09-23,336.5,955.0
2016-09-26,329.0,945.25
2016-09-27,331.75,952.5
2016-09-28,329.25,945.5
2016-09-29,329.25,950.25
2016-09-30,336.75,954.0
2016-10-03,346.0,973.0
2016-10-04,348.25,963.5
2016-10-05,347.75,956.75
2016-10-06,340.5,958.5
2016-10-07,339.75,956.75
2016-10-11,345.5,954.25
2016-10-12,337.0,945.5
2016-10-13,349.5,956.25
2016-10-14,354.25,962.5
2016-10-17,354.0,978.25
2016-10-18,353.75,972.5
2016-10-19,357.5,981.5
2016-10-20,351.0,975.5
2016-10-21,352.5,983.0
2016-10-24,348.25,992.0
2016-10-25,349.25,990.75
2016-10-26,354.0,1010.0
2016-10-27,357.5,1014.25
2016-10-28,355.0,1001.25
2016-10-31,354.75,1002.25
2016-11-01,349.0,984.25
2016-11-02,346.25,976.75
2016-11-03,348.0,979.75
2016-11-04,348.75,981.5
2016-11-07,346.25,989.25
2016-11-08,354.25,1001.75
2016-11-09,340.75,982.0
2016-11-10,343.5,989.0
2016-11-14,337.25,971.0
2016-11-15,341.5,989.5
2016-11-16,338.5,985.75
2016-11-17,342.0,989.5
2016-11-18,345.5,993.75
2016-11-21,349.75,1020.25
2016-11-22,351.0,1030.0
2016-11-23,350.75,1034.25
2016-11-25,349.25,1046.0
2016-11-28,348.5,1056.0
2016-11-29,336.75,1042.5
2016-11-30,336.75,1032.25
2016-12-01,331.75,1029.75
2016-12-02,337.5,1027.5
2016-12-05,349.5,1043.5
2016-12-06,351.0,1047.75
2016-12-07,350.5,1049.0
2016-12-08,346.5,1027.0
2016-12-09,352.5,1037.5
2016-12-12,354.5,1031.0
2016-12-13,356.25,1028.0
2016-12-14,351.75,1023.75
2016-12-15,356.5,1029.0
2016-12-16,356.25,1036.75
2016-12-19,353.25,1021.5
2016-12-20,350.25,1005.25
2016-12-21,347.25,1006.75
2016-12-22,347.25,994.5
2016-12-23,345.75,989.0
2016-12-27,355.0,1014.75
2016-12-28,348.25,1006.75
2016-12-29,349.75,1003.25
2016-12-30,352.0,996.5
2017-01-03,355.75,986.75
2017-01-04,359.75,1006.25
2017-01-05,361.25,1003.5
2017-01-06,358.0,986.0
2017-01-09,360.0,996.5
2017-01-10,358.25,1005.5
2017-01-11,357.25,1003.0
2017-01-12,358.25,1032.0
2017-01-13,358.5,1042.5
2017-01-17,365.5,1069.25
2017-01-18,365.0,1075.0
2017-01-19,366.25,1070.25
2017-01-20,369.75,1067.5
2017-01-23,369.5,1057.75
2017-01-24,363.25,1058.5
2017-01-25,366.25,1055.25
2017-01-26,363.75,1049.5
2017-01-27,362.5,1049.25
2017-01-30,357.75,1022.75
2017-01-31,359.75,1024.5
2017-02-01,368.25,1036.75
2017-02-02,367.5,1037.25
2017-02-03,365.25,1027.0
2017-02-06,363.75,1036.0
2017-02-07,368.5,1042.75
2017-02-08,370.75,1058.75
2017-02-09,369.5,1050.5
2017-02-10,374.5,1059.0
2017-02-13,375.5,1054.25
2017-02-14,374.25,1045.0
2017-02-15,378.75,1061.25
2017-02-16,373.5,1043.75
2017-02-17,368.25,1032.5
2017-02-21,369.25,1026.25
2017-02-22,371.0,1022.75
2017-02-23,365.5,1011.5
2017-02-24,364.0,1013.5
2017-02-27,360.25,1011.0
2017-02-28,366.75,1025.0
2017-03-01,375.75,1041.25
2017-03-02,372.75,1026.75
2017-03-03,374.75,1027.0
2017-03-06,372.75,1026.75
2017-03-07,369.5,1014.75
2017-03-08,365.25,1011.0
2017-03-09,359.75,1000.25
2017-03-10,358.0,996.25
2017-03-13,354.5,996.25
2017-03-14,353.75,987.25
2017-03-15,363.5,998.0
2017-03-16,366.0,1001.5
2017-03-17,367.5,1000.0
2017-03-20,363.5,999.5
2017-03-21,361.25,1001.5
2017-03-22,358.75,999.75
2017-03-23,356.75,991.0
2017-03-24,356.25,975.75
2017-03-27,355.75,971.5
2017-03-28,357.75,972.0
2017-03-29,358.5,969.0
2017-03-30,357.5,963.0
2017-03-31,364.25,946.0
2017-04-03,367.75,938.25
2017-04-04,363.0,937.75
2017-04-05,364.75,944.25
2017-04-06,360.75,941.5
2017-04-07,359.5,942.0
2017-04-10,367.0,941.75
2017-04-11,366.5,939.25
2017-04-12,369.0,947.75
2017-04-13,371.0,955.5
2017-04-17,366.5,953.25
2017-04-18,361.75,946.0
2017-04-19,361.75,950.25
2017-04-20,357.75,946.75
2017-04-21,357.0,951.0
2017-04-24,359.25,961.25
2017-04-25,365.0,954.5
2017-04-26,359.0,945.75
2017-04-27,362.0,945.75
2017-04-28,358.0,945.25
2017-05-01,369.25,959.0
2017-05-02,364.0,958.0
2017-05-03,366.25,965.5
2017-05-04,358.0,965.25
2017-05-05,361.75,963.0
2017-05-08,356.75,956.25
2017-05-09,358.25,965.25
2017-05-10,365.25,961.75
2017-05-11,360.5,956.0
2017-05-12,361.75,954.0
2017-05-15,367.75,965.25
2017-05-16,367.75,976.25
2017-05-17,371.5,975.75
2017-05-18,366.0,944.75
2017-05-19,372.5,953.0
2017-05-22,375.0,956.5
2017-05-23,369.5,948.25
2017-05-24,371.25,948.25
2017-05-25,369.25,939.5
2017-05-26,374.25,926.5
2017-05-30,367.0,912.75
2017-05-31,372.0,916.0
2017-06-01,370.5,912.25
2017-06-02,372.75,921.25
2017-06-05,373.0,922.0
2017-06-06,377.25,923.5
2017-06-07,384.75,930.75
2017-06-08,385.75,938.0
2017-06-09,387.75,941.5
2017-06-12,377.25,931.25
2017-06-13,381.0,932.5
2017-06-14,377.0,931.75
2017-06-15,379.5,934.75
2017-06-16,384.0,939.0
2017-06-19,375.25,937.75
2017-06-20,370.0,927.75
2017-06-21,368.75,918.75
2017-06-22,362.75,904.0
2017-06-23,357.75,904.5
2017-06-26,359.0,906.75
2017-06-27,359.25,911.25
2017-06-28,356.75,914.0
2017-06-29,359.75,915.5
2017-06-30,370.5,942.25
2017-07-03,378.0,964.75
2017-07-05,381.75,976.25
2017-07-06,380.25,980.75
2017-07-07,382.25,996.0
2017-07-10,391.75,1020.25
2017-07-11,392.25,1025.25
2017-07-12,376.25,1016.75
2017-07-13,361.0,972.5
2017-07-14,365.25,985.25
2017-07-17,375.0,985.0
2017-07-18,377.0,989.5
2017-07-19,382.5,999.75
2017-07-20,391.0,1013.25
2017-07-21,379.75,1009.0
2017-07-24,377.25,997.5
2017-07-25,368.75,981.5
2017-07-26,372.75,988.75
2017-07-27,374.25,994.75
2017-07-28,374.25,1000.75
2017-07-31,370.75,994.5
2017-08-01,362.5,959.5
2017-08-02,365.0,966.5
2017-08-03,363.5,950.5
2017-08-04,366.5,949.25
2017-08-07,372.25,959.75
2017-08-08,369.75,963.0
2017-08-09,372.25,963.0
2017-08-10,357.25,930.75
2017-08-11,360.75,935.5
2017-08-14,362.75,925.5
2017-08-15,355.25,921.75
2017-08-16,352.5,921.75
2017-08-17,350.5,930.25
2017-08-18,352.0,937.5
2017-08-21,349.0,932.5
2017-08-22,346.0,933.75
2017-08-23,342.0,935.0
2017-08-24,342.0,941.25
2017-08-25,338.75,939.0
2017-08-28,336.0,935.25
2017-08-29,333.5,930.75
2017-08-30,329.5,923.0
2017-08-31,342.25,936.25
2017-09-01,340.0,942.0
2017-09-05,344.25,960.5
2017-09-06,347.0,964.5
2017-09-07,341.75,963.25
2017-09-08,344.25,956.5
2017-09-11,345.5,954.75
2017-09-12,340.0,944.25
2017-09-13,338.5,953.0
2017-09-14,341.75,967.25
2017-09-15,354.75,968.75
2017-09-18,351.5,967.75
2017-09-19,348.25,965.5
2017-09-20,350.0,970.0
2017-09-21,350.25,970.75
2017-09-22,353.5,984.25
2017-09-25,353.75,971.25
2017-09-26,352.25,963.5
2017-09-27,354.0,965.5
2017-09-28,352.5,959.5
2017-09-29,355.25,968.25
2017-10-02,351.5,957.25
2017-10-03,349.5,955.25
2017-10-04,348.25,958.25
2017-10-05,349.5,968.25
2017-10-06,350.0,972.25
2017-10-09,349.5,966.75
2017-10-10,349.25,966.0
2017-10-11,346.0,965.25
2017-10-12,349.0,992.0
2017-10-13,352.75,1000.25
2017-10-16,350.5,991.0
2017-10-17,350.0,984.75
2017-10-18,348.5,984.25
2017-10-19,349.0,986.5
2017-10-20,344.5,978.75
2017-10-23,351.25,980.75
2017-10-24,352.75,975.5
2017-10-25,351.0,975.5
2017-10-26,350.5,971.25
2017-10-27,348.75,975.25
2017-10-30,348.75,972.75
2017-10-31,345.75,973.75
2017-11-01,348.25,981.0
2017-11-02,350.5,989.0
2017-11-03,348.25,977.0
2017-11-06,348.0,984.0
2017-11-07,347.75,986.0
2017-11-08,348.25,988.0
2017-11-09,341.5,975.25
2017-11-10,343.5,977.25
2017-11-13,342.25,963.5
2017-11-14,337.5,959.0
2017-11-15,338.25,976.25
2017-11-16,336.5,972.0
2017-11-17,343.0,990.5
2017-11-20,345.0,990.0
2017-11-21,345.0,989.0
2017-11-22,345.25,997.25
2017-11-24,342.25,993.25
2017-11-27,338.75,996.0
2017-11-28,336.25,993.0
2017-11-29,339.0,992.5
2017-11-30,341.75,985.75
2017-12-01,344.75,994.25
2017-12-04,339.5,998.5
2017-12-05,339.75,1008.5
2017-12-06,339.25,1002.75
2017-12-07,338.75,992.0
2017-12-08,340.0,989.75
2017-12-11,336.5,982.5
2017-12-12,335.75,975.75
2017-12-13,336.75,979.25
2017-12-14,336.25,967.75
2017-12-15,347.5,967.25
2017-12-18,347.0,961.5
2017-12-19,347.5,956.0
2017-12-20,349.25,954.0
2017-12-21,351.25,948.75
2017-12-22,352.0,949.5
2017-12-26,352.75,959.25
2017-12-27,353.75,955.5
2017-12-28,352.0,945.75
2017-12-29,350.75,951.75
2018-01-02,353.25,955.0
2018-01-03,353.0,959.75
2018-01-04,351.0,959.25
2018-01-05,351.25,961.5
2018-01-08,347.25,958.25
2018-01-09,349.0,955.75
2018-01-10,349.0,947.0
2018-01-11,348.75,940.5
2018-01-12,346.25,944.0
2018-01-16,348.25,968.0
2018-01-17,353.0,968.75
2018-01-18,351.5,973.0
2018-01-19,352.5,977.25
2018-01-22,352.0,984.25
2018-01-23,351.25,986.25
2018-01-24,356.5,992.25
2018-01-25,355.25,992.25
2018-01-26,356.5,985.5
2018-01-29,358.75,991.5
2018-01-30,361.5,1000.25
2018-01-31,361.5,995.75
2018-02-01,361.75,985.0
2018-02-02,361.5,978.75
2018-02-05,358.75,969.75
2018-02-06,363.5,986.25
2018-02-07,365.25,983.0
2018-02-08,365.75,987.75
2018-02-09,362.0,983.0
2018-02-12,367.0,1001.75
2018-02-13,366.75,1011.75
2018-02-14,367.25,1017.25
2018-02-15,367.75,1024.25
2018-02-16,367.5,1021.5
2018-02-20,365.5,1026.5
2018-02-21,365.75,1034.25
2018-02-22,366.75,1032.0
2018-02-23,366.25,1036.25
2018-02-26,368.5,1034.25
2018-02-27,370.5,1038.0
2018-02-28,374.5,1045.0
2018-03-01,378.75,1057.5
2018-03-02,377.25,1060.75
2018-03-05,378.25,1066.75
2018-03-06,379.75,1064.5
2018-03-07,379.25,1055.0
2018-03-08,385.75,1053.75
2018-03-09,383.0,1029.25
2018-03-12,384.25,1033.25
2018-03-13,385.5,1040.5
2018-03-14,383.5,1028.5
2018-03-15,386.75,1040.75
2018-03-16,382.75,1049.5
2018-03-19,375.0,1022.5
2018-03-20,374.5,1028.25
2018-03-21,375.0,1029.75
2018-03-22,376.0,1029.75
2018-03-23,377.25,1028.25
2018-03-26,374.0,1025.5
2018-03-27,374.0,1019.5
2018-03-28,373.5,1018.0
2018-03-29,387.75,1044.75
2018-04-02,387.25,1035.5
2018-04-03,388.5,1038.0
2018-04-04,381.0,1015.25
2018-04-05,389.5,1031.25
2018-04-06,388.5,1033.75
2018-04-09,390.75,1047.0
2018-04-10,389.25,1050.0
2018-04-11,387.0,1047.75
2018-04-12,388.75,1060.75
2018-04-13,386.25,1054.25
2018-04-16,382.5,1042.0
2018-04-17,380.25,1046.0
2018-04-18,383.0,1041.75
2018-04-19,382.0,1037.25
2018-04-20,376.5,1028.75
2018-04-23,378.5,1020.75
2018-04-24,381.25,1022.25
2018-04-25,386.5,1027.5
2018-04-26,386.0,1028.0
2018-04-27,389.5,1045.0
2018-04-30,392.5,1037.75
2018-05-01,396.75,1042.5
2018-05-02,396.0,1032.75
2018-05-03,399.5,1043.25
2018-05-04,398.75,1027.25
2018-05-07,393.25,1002.25
2018-05-08,395.5,1011.25
2018-05-09,394.75,1007.25
2018-05-10,394.75,1013.25
2018-05-11,389.75,994.75
2018-05-14,389.0,1013.0
2018-05-15,402.25,1018.75
2018-05-16,399.25,999.75
2018-05-17,395.25,995.0
2018-05-18,402.5,998.5
2018-05-21,402.75,1025.25
2018-05-22,404.75,1030.5
2018-05-23,408.5,1039.25
2018-05-24,404.25,1035.75
2018-05-25,406.0,1041.5
2018-05-29,400.0,1030.5
2018-05-30,393.5,1023.0
2018-05-31,394.0,1018.5
2018-06-01,391.5,1021.25
2018-06-04,380.75,1001.75
2018-06-05,383.75,1001.25
2018-06-06,378.25,994.25
2018-06-07,376.25,974.25
2018-06-08,377.75,969.25
2018-06-11,367.25,953.75
2018-06-12,377.5,954.0
2018-06-13,376.0,936.0
2018-06-14,363.0,927.25
2018-06-15,361.25,905.5
2018-06-18,356.0,908.5
2018-06-19,353.75,889.0
2018-06-20,354.25,889.5
2018-06-21,357.0,880.5
2018-06-22,357.25,894.5
2018-06-25,350.5,874.5
2018-06-26,352.5,867.25
2018-06-27,352.5,867.5
2018-06-28,345.0,861.25
2018-06-29,350.25,858.5
2018-07-02,337.5,848.5
2018-07-03,342.75,844.0
2018-07-05,343.5,835.5
2018-07-06,351.75,874.0
2018-07-09,345.75,851.75
2018-07-10,339.75,852.25
2018-07-11,331.25,829.75
2018-07-12,336.5,830.0
2018-07-13,330.25,814.0
2018-07-16,341.75,829.5
2018-07-17,346.25,839.5
2018-07-18,347.25,842.25
2018-07-19,351.25,846.0
2018-07-20,355.25,849.75
2018-07-23,357.25,847.75
2018-07-24,352.0,858.0
2018-07-25,359.25,860.75
2018-07-26,361.5,861.25
2018-07-27,362.0,870.5
2018-07-30,367.25,875.0
2018-07-31,372.25,903.75
2018-08-01,365.0,886.75
2018-08-02,366.75,882.5
2018-08-03,369.75,886.25
2018-08-06,371.0,877.25
2018-08-07,370.75,889.25
2018-08-08,371.25,893.75
2018-08-09,369.25,887.75
2018-08-10,357.75,846.0
2018-08-13,356.5,853.5
2018-08-14,362.25,864.5
2018-08-15,361.5,857.5
2018-08-16,365.25,885.5
2018-08-17,364.25,881.5
2018-08-20,362.0,881.75
2018-08-21,359.75,874.5
2018-08-22,352.5,858.25
2018-08-23,346.75,842.0
2018-08-24,348.5,842.0
2018-08-27,346.75,834.75
2018-08-28,341.0,820.5
2018-08-29,341.25,823.25
2018-08-30,341.0,819.5
2018-08-31,351.0,833.0
2018-09-04,354.5,832.0
2018-09-05,351.75,825.5
2018-09-06,353.5,826.75
2018-09-07,354.25,832.0
2018-09-10,355.5,833.5
2018-09-11,355.25,820.25
2018-09-12,341.5,829.0
2018-09-13,336.25,822.75
2018-09-14,337.0,821.5
2018-09-17,348.0,823.5
2018-09-18,343.25,814.0
2018-09-19,345.75,830.0
2018-09-20,352.5,850.25
2018-09-21,357.25,847.25
2018-09-24,360.5,841.0
2018-09-25,363.75,845.75
2018-09-26,363.0,850.0
2018-09-27,364.75,855.0
2018-09-28,356.25,845.5
2018-10-01,365.75,857.75
2018-10-02,367.5,866.0
2018-10-03,364.75,861.5
2018-10-04,367.5,859.25
2018-10-05,368.25,869.0
2018-10-08,366.5,869.75
2018-10-09,364.5,863.0
2018-10-10,362.75,852.25
2018-10-11,369.25,858.25
2018-10-12,373.75,867.5
2018-10-15,378.25,891.5
2018-10-16,375.25,884.75
2018-10-17,374.25,885.75
2018-10-18,370.75,863.5
2018-10-19,367.0,856.75
2018-10-22,369.5,858.5
2018-10-23,370.25,857.5
2018-10-24,368.25,850.25
2018-10-25,361.0,841.75
2018-10-26,367.75,845.0
2018-10-29,366.75,839.0
2018-10-30,364.75,833.5
2018-10-31,363.25,839.0
2018-11-01,366.75,869.0
2018-11-02,371.25,875.25
2018-11-05,374.0,873.0
2018-11-06,373.25,872.0
2018-11-07,372.25,867.75
2018-11-08,373.5,867.5
2018-11-09,369.75,875.25
2018-11-12,371.25,871.75
2018-11-13,366.5,867.25
2018-11-14,367.0,870.5
2018-11-15,367.5,888.75
2018-11-16,364.75,892.25
2018-11-19,362.25,873.75
2018-11-20,361.25,881.0
2018-11-21,361.75,883.0
2018-11-23,359.0,881.0
2018-11-26,356.0,862.25
2018-11-27,356.5,875.5
2018-11-28,360.5,890.5
2018-11-29,360.25,887.25
2018-11-30,366.5,894.75
2018-12-03,371.25,905.75
2018-12-04,374.25,911.75
2018-12-06,372.0,909.5
2018-12-07,374.0,916.75
2018-12-10,374.25,909.75
2018-12-11,375.0,915.0
2018-12-12,376.25,920.0
2018-12-13,375.5,907.0
2018-12-14,376.75,900.5
2018-12-19,381.75,900.0
2018-12-20,375.25,893.5
2018-12-21,378.5,884.75
2018-12-24,377.75,884.0
2018-12-26,373.25,870.0
2018-12-27,374.5,869.0
2018-12-28,375.5,882.75
2018-12-31,375.0,882.5
2019-01-02,375.75,894.75
2019-01-03,379.75,900.25
2019-01-04,383.0,909.5
2019-01-07,382.25,912.25
2019-01-08,380.0,906.25
2019-01-09,382.0,911.5
2019-01-10,376.25,895.5
2019-01-11,378.25,899.25
2019-01-14,378.5,890.75
2019-01-15,371.25,893.25
2019-01-16,374.0,894.5
2019-01-17,380.0,907.75
2019-01-18,381.75,916.75
2019-01-22,379.0,909.25
2019-01-23,378.75,915.0
2019-01-24,377.0,916.0
2019-01-25,380.25,925.25
2019-01-28,379.75,923.25
2019-01-29,377.25,919.0
2019-01-30,381.25,921.0
2019-01-31,376.5,915.25
2019-02-01,378.25,917.75
2019-02-04,379.25,918.5
2019-02-05,380.75,920.25
2019-02-06,380.0,921.75
2019-02-07,376.5,913.25
2019-02-08,374.25,914.5
2019-02-11,372.75,905.0
2019-02-12,378.25,917.5
2019-02-13,378.75,916.5
2019-02-14,374.75,903.5
2019-02-15,374.75,907.5
2019-02-19,369.75,900.75
2019-02-20,370.75,902.5
2019-02-21,375.5,911.0
2019-02-22,375.25,910.25
2019-02-25,370.5,911.75
2019-02-26,366.25,903.75
2019-02-27,363.75,903.5
2019-02-28,362.0,897.5
2019-03-01,364.0,899.25
2019-03-04,365.0,903.25
2019-03-05,366.0,901.25
2019-03-06,362.5,889.75
2019-03-07,356.0,890.75
2019-03-08,354.75,883.75
2019-03-11,352.5,877.75
2019-03-12,356.5,884.75
2019-03-13,357.25,889.0
2019-03-14,361.5,889.5
2019-03-15,373.25,909.25
2019-03-18,371.5,905.75
2019-03-19,371.25,904.0
2019-03-20,371.5,906.0
2019-03-21,376.25,910.5
2019-03-22,378.25,903.75
2019-03-25,379.75,906.5
2019-03-26,377.25,900.75
2019-03-27,373.75,887.5
2019-03-28,374.0,889.5
2019-03-29,356.5,884.25
2019-04-01,361.75,895.5
2019-04-02,361.5,900.0
2019-04-03,362.75,898.75
2019-04-04,365.25,906.5
2019-04-05,362.5,899.0
2019-04-08,360.0,898.75
2019-04-09,360.0,898.75
2019-04-10,361.75,902.0
2019-04-11,360.0,895.25
2019-04-12,361.0,895.25
2019-04-15,362.75,898.75
2019-04-16,359.0,888.0
2019-04-17,358.25,879.0
2019-04-18,358.5,880.5
2019-04-22,354.75,877.0
2019-04-23,351.25,862.0
2019-04-24,346.75,855.25
2019-04-25,347.5,859.25
2019-04-26,351.25,853.75
2019-04-29,352.0,847.5
2019-04-30,353.25,841.25
2019-05-01,360.0,839.5
2019-05-02,362.0,830.5
2019-05-03,363.0,829.5
2019-05-06,355.75,817.5
2019-05-07,358.0,817.75
2019-05-08,355.25,814.25
2019-05-09,344.5,800.25
2019-05-10,342.5,797.0
2019-05-13,347.5,791.0
2019-05-14,360.5,817.75
2019-05-15,369.5,835.5
2019-05-16,379.0,839.75
2019-05-17,383.25,821.75
2019-05-20,389.0,831.75
2019-05-21,394.25,822.0
2019-05-22,394.5,828.5
2019-05-23,389.75,821.5
2019-05-24,404.25,829.75
2019-05-28,420.25,856.0
2019-05-29,418.75,872.0
2019-05-30,436.25,889.0
2019-05-31,427.0,877.75
2019-06-03,424.25,879.0
2019-06-04,425.25,881.75
2019-06-05,414.75,869.75
2019-06-06,420.5,868.75
2019-06-07,415.75,856.25
2019-06-10,415.75,858.5
2019-06-11,427.75,859.25
2019-06-12,430.0,878.0
2019-06-13,442.0,888.0
2019-06-14,453.0,896.75
2019-06-17,454.75,912.75
2019-06-18,449.75,913.5
2019-06-19,441.0,903.25
2019-06-20,450.0,915.5
2019-06-21,442.25,902.75
2019-06-24,446.75,909.0
2019-06-25,447.5,903.5
2019-06-26,443.25,894.25
2019-06-27,440.0,887.75
2019-06-28,420.25,899.75
2019-07-01,412.0,885.5
2019-07-02,413.5,876.25
2019-07-03,433.0,885.25
2019-07-05,434.0,872.25
2019-07-08,438.5,875.25
2019-07-09,431.75,882.75
2019-07-10,434.25,893.0
2019-07-11,447.75,896.25
2019-07-12,449.5,906.75
2019-07-15,441.0,901.75
2019-07-16,435.25,887.75
2019-07-17,436.0,882.5
2019-07-18,424.5,881.25
2019-07-19,430.75,901.5
2019-07-22,422.25,888.25
2019-07-23,425.5,885.75
2019-07-24,424.0,891.0
2019-07-25,418.5,882.5
2019-07-26,414.5,883.25
2019-07-29,417.0,885.75
2019-07-30,411.25,878.75
2019-07-31,400.25,864.0
2019-08-01,392.75,847.0
2019-08-02,399.5,850.25
2019-08-05,405.25,850.25
2019-08-06,404.0,847.75
2019-08-07,406.5,848.75
2019-08-08,411.0,865.0
2019-08-09,410.25,873.75
2019-08-12,385.25,861.5
2019-08-13,366.0,872.0
2019-08-14,359.0,861.0
2019-08-15,360.75,858.0
2019-08-16,371.0,867.25
2019-08-19,365.0,854.0
2019-08-20,359.5,855.75
2019-08-21,362.5,860.5
2019-08-22,363.25,856.0
2019-08-23,359.75,843.25
2019-08-26,358.5,853.75
2019-08-27,357.0,846.25
2019-08-28,362.75,852.75
2019-08-29,359.75,856.25
2019-08-30,358.0,857.0
2019-09-03,349.75,856.5
2019-09-04,346.0,862.5
2019-09-05,346.5,849.75
2019-09-06,342.5,845.0
2019-09-09,340.75,845.0
2019-09-10,348.5,859.25
2019-09-11,348.25,854.0
2019-09-12,354.5,883.0
2019-09-13,355.5,884.75
2019-09-16,374.0,900.0
2019-09-17,368.0,893.75
2019-09-18,371.25,888.75
2019-09-19,372.75,893.0
2019-09-20,370.75,882.75
2019-09-23,373.25,892.5
2019-09-24,374.75,894.25
2019-09-25,374.25,889.25
2019-09-26,372.5,888.5
2019-09-27,371.5,883.0
2019-09-30,388.0,906.0
2019-10-01,392.5,919.5
2019-10-02,387.75,913.75
2019-10-03,388.75,911.75
2019-10-04,384.75,916.25
2019-10-07,387.0,915.25
2019-10-08,395.75,920.5
2019-10-09,394.25,923.75
2019-10-10,380.25,923.5
2019-10-11,397.75,936.0
2019-10-14,397.75,940.5
2019-10-15,393.25,934.0
2019-10-16,391.75,928.0
2019-10-17,394.75,931.5
2019-10-18,391.0,934.0
2019-10-21,387.25,933.25
2019-10-22,388.0,934.0
2019-10-23,387.75,933.75
2019-10-24,386.75,933.25
2019-10-25,386.75,920.25
2019-10-28,384.0,920.75
2019-10-29,386.25,918.25
2019-10-30,390.75,916.0
2019-10-31,390.0,916.75
2019-11-01,389.25,924.25
2019-11-04,383.25,925.75
2019-11-05,381.75,921.75
2019-11-06,378.75,915.0
2019-11-07,375.25,925.0
2019-11-08,377.25,919.5
2019-11-11,373.25,905.0
2019-11-12,377.75,905.75
2019-11-13,375.25,902.5
2019-11-14,375.75,900.25
2019-11-15,371.25,918.25
2019-11-18,367.75,910.25
2019-11-19,370.0,911.5
2019-11-20,366.75,905.0
2019-11-21,368.5,901.0
2019-11-22,368.75,897.0
2019-11-25,370.5,892.5
2019-11-26,367.5,884.25
2019-11-27,362.75,882.0
2019-11-29,371.25,876.75
2019-12-02,373.5,870.5
2019-12-03,372.0,871.0
2019-12-04,368.75,878.0
2019-12-05,365.5,884.25
2019-12-06,366.5,889.5
2019-12-09,365.75,897.25
2019-12-10,363.25,901.25
2019-12-11,357.75,893.5
2019-12-12,367.0,898.25
2019-12-13,366.25,907.5
2019-12-16,388.0,922.0
2019-12-17,390.0,928.75
2019-12-18,387.0,928.5
2019-12-19,386.5,924.5
2019-12-20,387.75,928.25
2019-12-23,388.75,934.0
2019-12-24,387.5,936.5
2019-12-26,388.5,937.75
2019-12-27,390.0,929.5
2019-12-30,388.25,939.5
2019-12-31,387.75,943.0
2020-01-02,391.5,944.25
2020-01-03,386.5,930.5
2020-01-06,384.75,932.75
2020-01-07,384.5,935.0
2020-01-08,384.25,938.25
2020-01-09,383.25,933.75
2020-01-10,385.75,935.0
2020-01-13,389.5,929.25
2020-01-14,389.0,928.5
2020-01-15,387.5,928.75
2020-01-16,375.5,924.0
2020-01-17,389.25,929.75
2020-01-21,387.5,916.0
2020-01-22,388.75,913.75
2020-01-23,393.75,909.5
2020-01-24,387.25,902.0
2020-01-27,380.5,897.25
2020-01-28,386.5,895.0
2020-01-29,384.25,893.0
2020-01-30,379.5,876.25
2020-01-31,381.25,872.5
2020-02-03,378.75,877.0
2020-02-04,382.25,879.5
2020-02-05,380.75,880.0
2020-02-06,379.25,881.0
2020-02-07,383.5,882.0
2020-02-10,381.75,884.25
2020-02-11,379.75,884.75
2020-02-12,383.0,892.5
2020-02-13,379.5,896.25
2020-02-14,377.75,893.75
2020-02-18,383.0,892.25
2020-02-19,380.5,897.25
2020-02-20,378.5,892.75
2020-02-21,377.0,890.5
2020-02-24,372.25,874.25
2020-02-25,372.5,879.0
2020-02-26,370.5,881.0
2020-02-27,364.5,886.25
2020-02-28,366.5,883.5
2020-03-02,374.75,890.5
2020-03-03,381.75,893.0
2020-03-04,387.0,898.75
2020-03-05,384.5,889.0
2020-03-06,377.25,883.25
2020-03-09,374.25,863.5
2020-03-10,380.0,873.0
2020-03-11,379.25,867.75
2020-03-12,369.75,855.0
2020-03-13,370.75,846.75
2020-03-16,354.75,821.75
2020-03-17,344.0,824.25
2020-03-18,335.25,825.5
2020-03-19,345.5,843.25
2020-03-20,343.75,862.5
2020-03-23,343.5,884.0
2020-03-24,347.25,886.75
2020-03-25,348.5,881.5
2020-03-26,348.75,880.25
2020-03-27,346.0,881.5
2020-03-30,341.25,882.25
2020-03-31,340.75,886.0
2020-04-01,334.75,862.75
2020-04-02,333.5,858.75
2020-04-03,330.75,854.25
2020-04-06,327.75,855.5
2020-04-07,331.5,854.75
2020-04-08,330.0,854.5
2020-04-09,331.75,863.5
2020-04-13,331.5,854.25
2020-04-14,326.0,847.0
2020-04-15,319.25,842.0
2020-04-16,319.75,836.75
2020-04-17,322.25,832.5
2020-04-20,314.25,826.5
2020-04-21,309.25,830.75
2020-04-22,317.5,834.75
2020-04-23,319.25,839.25
2020-04-24,315.75,832.25
2020-04-27,305.5,829.0
2020-04-28,302.75,826.0
2020-04-29,304.5,831.75
2020-04-30,311.5,850.25
2020-05-01,311.5,847.25
2020-05-04,310.75,834.0
2020-05-05,313.0,838.25
2020-05-06,311.75,830.5
2020-05-07,316.0,841.5
2020-05-08,319.0,848.75
2020-05-11,318.5,852.25
2020-05-12,323.75,849.25
2020-05-13,320.25,836.0
2020-05-14,320.25,835.25
2020-05-15,319.25,838.5
2020-05-18,320.75,845.0
2020-05-19,321.25,842.5
2020-05-20,319.5,846.75
2020-05-21,317.75,835.0
2020-05-22,318.0,833.25
2020-05-26,319.0,847.0
2020-05-27,320.5,848.5
2020-05-28,327.5,847.0
2020-05-29,325.75,840.75
2020-06-01,323.25,840.5
2020-06-02,324.25,850.5
2020-06-03,324.0,857.5
2020-06-04,329.0,867.75
2020-06-05,331.25,867.75
2020-06-08,333.75,864.75
2020-06-09,327.5,863.25
2020-06-10,326.25,865.5
2020-06-11,329.75,866.0
2020-06-12,330.0,871.25
2020-06-15,329.25,869.0
2020-06-16,329.0,867.0
2020-06-17,330.25,871.25
2020-06-18,331.0,873.0
2020-06-19,332.5,876.5
2020-06-22,328.25,876.25
2020-06-23,325.0,875.0
2020-06-24,324.25,870.75
2020-06-25,317.25,869.25
2020-06-26,317.0,865.0
2020-06-29,326.25,866.5
2020-06-30,338.5,884.25
2020-07-01,348.25,893.75
2020-07-02,342.5,892.5
2020-07-06,346.5,898.5
2020-07-07,345.0,895.25
2020-07-08,348.25,894.75
2020-07-09,351.25,898.25
2020-07-10,340.5,891.5
2020-07-13,334.0,876.5
2020-07-14,334.75,882.25
2020-07-15,326.25,886.25
2020-07-16,330.25,893.5
2020-07-17,333.0,898.0
2020-07-20,328.25,903.0
2020-07-21,322.75,896.5
2020-07-22,327.5,899.25
2020-07-23,328.0,906.25
2020-07-24,326.25,904.75
2020-07-27,325.0,906.5
2020-07-28,320.0,896.75
2020-07-29,315.5,891.5
2020-07-30,315.75,891.75
2020-07-31,316.0,897.5
2020-08-03,317.5,897.5
2020-08-04,308.25,883.75
2020-08-05,311.0,882.0
2020-08-06,311.25,880.75
2020-08-07,307.75,870.25
2020-08-10,310.5,876.5
2020-08-11,311.5,878.0
2020-08-12,314.5,890.5
2020-08-13,325.25,907.25
2020-08-14,324.5,903.5
2020-08-17,331.0,912.5
2020-08-18,327.0,912.0
2020-08-19,325.0,912.5
2020-08-20,324.5,903.0
2020-08-21,327.0,900.75
2020-08-24,331.75,899.75
2020-08-25,340.75,913.75
2020-08-26,340.5,919.5
2020-08-27,344.25,937.25
2020-08-28,346.0,950.5
2020-08-31,348.5,951.25
2020-09-01,349.5,955.0
2020-09-02,349.75,962.5
2020-09-03,344.5,968.75
2020-09-04,347.25,969.5
2020-09-08,351.0,973.0
2020-09-09,350.0,979.75
2020-09-10,357.25,985.0
2020-09-11,365.0,1005.5
2020-09-14,357.5,1019.25
2020-09-15,366.0,991.5
2020-09-16,371.75,1011.25
2020-09-17,375.25,1028.5
2020-09-18,378.5,1043.5
2020-09-21,369.75,1022.5
2020-09-22,369.25,1019.75
2020-09-23,368.5,1014.5
2020-09-24,363.5,1000.0
2020-09-25,365.25,1002.5
2020-09-28,366.75,996.25
2020-09-29,364.75,993.0
2020-09-30,379.0,1023.5
2020-10-01,382.75,1023.5
2020-10-02,379.75,1020.75
2020-10-05,379.5,1021.5
2020-10-06,385.0,1044.0
2020-10-07,388.75,1051.0
2020-10-08,387.0,1050.0
2020-10-09,395.0,1065.5
2020-10-12,389.0,1033.75
2020-10-13,391.25,1044.0
2020-10-14,396.5,1056.25
2020-10-15,403.75,1062.25
2020-10-16,402.0,1050.0
2020-10-19,405.25,1054.25
2020-10-20,408.75,1064.0
2020-10-21,413.75,1072.0
2020-10-22,416.25,1073.75
2020-10-23,419.25,1083.75
2020-10-26,417.75,1087.75
2020-10-27,416.0,1082.25
2020-10-28,401.5,1057.25
2020-10-29,398.5,1051.75
2020-10-30,398.5,1056.5
2020-11-02,397.5,1050.75
2020-11-03,401.0,1059.0
2020-11-04,405.25,1079.0
2020-11-05,409.25,1101.75
2020-11-06,406.75,1098.5
2020-11-09,407.5,1105.0
2020-11-10,423.0,1138.25
2020-11-11,417.25,1143.25
2020-11-12,408.25,1137.0
2020-11-13,410.5,1141.5
2020-11-16,416.25,1153.5
2020-11-17,420.25,1169.75
2020-11-18,425.75,1175.75
2020-11-19,422.5,1177.5
2020-11-20,423.25,1181.0
2020-11-23,426.5,1191.5
2020-11-24,425.75,1191.25
2020-11-25,420.0,1184.0
2020-11-27,425.5,1191.75
2020-11-30,419.75,1168.5
2020-12-01,414.75,1162.0
2020-12-02,419.0,1153.0
2020-12-03,422.5,1168.25
2020-12-04,417.0,1163.0
2020-12-07,419.5,1158.5
2020-12-08,417.0,1145.75
2020-12-09,422.0,1158.5
2020-12-10,420.25,1152.75
2020-12-11,424.25,1160.5
2020-12-14,419.25,1169.5
2020-12-15,424.75,1184.25
2020-12-16,427.25,1183.75
2020-12-17,432.5,1201.25
2020-12-18,437.5,1220.0
2020-12-21,440.0,1243.25
2020-12-22,443.5,1247.25
2020-12-23,447.25,1258.75
2020-12-24,451.0,1263.5
2020-12-28,456.5,1255.25
2020-12-29,466.0,1295.5
2020-12-30,474.5,1303.75
2020-12-31,484.0,1315.25
2021-01-04,483.75,1316.5
2021-01-05,491.75,1350.0
2021-01-06,495.0,1365.25
2021-01-07,494.0,1360.5
2021-01-08,496.25,1375.75
2021-01-11,492.25,1374.5
2021-01-12,517.25,1422.0
2021-01-13,524.5,1411.0
2021-01-14,534.25,1436.5
2021-01-15,531.5,1416.75
2021-01-19,526.0,1385.75
2021-01-20,522.0,1369.5
2021-01-21,524.25,1370.25
2021-01-22,500.5,1311.75
2021-01-25,511.5,1343.5
2021-01-26,532.25,1370.25
2021-01-27,534.0,1374.75
2021-01-28,534.5,1353.25
2021-01-29,547.0,1370.0
2021-02-01,549.25,1365.25
2021-02-02,543.0,1354.75
2021-02-03,552.0,1371.25
2021-02-04,550.0,1372.5
2021-02-05,548.5,1366.75
2021-02-08,563.75,1387.75
2021-02-09,556.25,1401.75
2021-02-10,534.5,1354.0
2021-02-11,541.0,1367.5
2021-02-12,538.75,1372.0
2021-02-16,552.25,1384.75
2021-02-17,553.0,1383.75
2021-02-18,550.25,1375.0
2021-02-19,542.75,1377.25
2021-02-22,551.0,1383.75
2021-02-23,553.75,1406.0
2021-02-24,559.25,1423.75
2021-02-25,554.75,1406.0
2021-02-26,555.5,1405.25
2021-03-01,547.5,1392.5
2021-03-02,560.75,1414.0
2021-03-03,550.25,1410.75
2021-03-04,546.25,1415.25
2021-03-05,562.0,1434.25
2021-03-08,565.0,1437.75
2021-03-09,562.0,1441.25
2021-03-10,547.75,1411.5
2021-03-11,555.0,1415.5
2021-03-12,549.25,1415.75
2021-03-15,549.5,1419.5
2021-03-16,554.25,1423.25
2021-03-17,558.0,1417.75
2021-03-18,546.5,1392.25
2021-03-19,557.75,1416.25
2021-03-22,549.0,1417.5
2021-03-23,551.25,1423.25
2021-03-24,553.25,1432.75
2021-03-25,546.5,1414.25
2021-03-26,552.5,1400.5
2021-03-29,546.75,1393.0
2021-03-30,539.25,1366.75
2021-03-31,564.25,1436.75
2021-04-01,559.75,1402.0
2021-04-05,553.25,1412.75
2021-04-06,554.25,1418.75
2021-04-07,560.5,1408.75
2021-04-08,579.75,1415.25
2021-04-09,577.25,1403.0
2021-04-12,569.0,1382.0
2021-04-13,580.0,1389.5
2021-04-14,594.0,1410.0
2021-04-15,590.0,1418.25
2021-04-16,585.5,1433.25
2021-04-19,592.0,1449.75
2021-04-20,606.5,1472.0
2021-04-21,625.5,1497.25
2021-04-22,650.5,1533.25
2021-04-23,655.5,1539.75
2021-04-26,680.5,1569.0
2021-04-27,695.5,1549.75
2021-04-28,686.25,1557.75
2021-04-29,702.0,1542.5
2021-04-30,740.0,1571.0
2021-05-03,732.25,1560.25
2021-05-04,744.75,1577.0
2021-05-05,753.25,1582.0
2021-05-06,759.5,1605.5
2021-05-07,772.75,1621.0
2021-05-10,748.0,1620.0
2021-05-11,759.5,1637.5
2021-05-12,757.5,1660.5
2021-05-13,719.0,1612.25
2021-05-14,685.0,1603.75
2021-05-17,652.5,1587.5
2021-05-18,658.25,1574.25
2021-05-19,658.25,1538.25
2021-05-20,664.5,1533.25
2021-05-21,659.5,1526.25
2021-05-24,657.25,1522.75
2021-05-25,620.25,1511.75
2021-05-26,624.5,1503.5
2021-05-27,664.5,1537.0
2021-05-28,656.75,1530.5
2021-06-01,688.75,1548.5
2021-06-02,675.0,1562.5
2021-06-03,662.0,1549.25
2021-06-04,682.75,1583.75
2021-06-07,679.25,1560.25
2021-06-08,680.0,1580.0
2021-06-09,690.75,1562.5
2021-06-10,699.0,1544.0
2021-06-11,684.5,1508.5
2021-06-14,659.25,1472.25
2021-06-15,667.5,1465.75
2021-06-16,673.0,1448.5
2021-06-17,633.0,1329.75
2021-06-18,655.25,1396.0
2021-06-21,659.25,1415.0
2021-06-22,659.75,1394.5
2021-06-23,664.25,1385.0
2021-06-24,653.25,1371.25
2021-06-25,636.5,1329.75
2021-06-28,675.5,1357.0
2021-06-29,694.5,1359.75
2021-06-30,720.0,1450.0
2021-07-01,719.75,1446.75
2021-07-02,697.25,1451.75
2021-07-06,656.0,1363.75
2021-07-07,652.5,1386.5
2021-07-08,638.0,1390.25
2021-07-09,629.75,1404.0
2021-07-12,669.25,1432.5
2021-07-13,677.0,1438.0
2021-07-14,683.0,1467.75
2021-07-15,564.25,1447.5
2021-07-16,556.0,1454.75
2021-07-19,556.0,1428.0
2021-07-20,571.75,1443.5
2021-07-21,571.75,1439.25
2021-07-22,564.5,1416.25
2021-07-23,547.25,1401.0
2021-07-26,549.75,1412.75
2021-07-27,548.75,1418.25
2021-07-28,549.25,1432.0
2021-07-29,558.0,1434.25
2021-07-30,547.0,1414.75
2021-08-02,558.75,1418.75
2021-08-03,550.5,1392.25
2021-08-04,545.75,1403.5
2021-08-05,555.75,1402.5
2021-08-06,555.0,1422.25
2021-08-09,550.25,1433.75
2021-08-10,549.25,1447.5
2021-08-11,556.25,1405.5
2021-08-12,567.0,1401.5
2021-08-13,568.25,1424.25
2021-08-16,564.75,1376.0
2021-08-17,558.25,1369.0
2021-08-18,561.75,1358.25
2021-08-19,550.0,1323.0
2021-08-20,538.75,1293.75
2021-08-23,538.0,1294.0
2021-08-24,544.5,1337.0
2021-08-25,551.25,1346.0
2021-08-26,552.75,1367.5
2021-08-27,558.0,1359.25
2021-08-30,540.25,1304.75
2021-08-31,534.0,1298.75
2021-09-01,515.5,1277.75
2021-09-02,516.25,1279.25
2021-09-03,508.0,1283.0
2021-09-07,495.75,1268.75
2021-09-08,498.25,1270.75
2021-09-09,496.0,1258.75
2021-09-10,502.75,1275.25
2021-09-13,496.75,1272.5
2021-09-14,503.0,1276.5
2021-09-15,533.5,1294.5
2021-09-16,529.5,1296.0
2021-09-17,527.25,1284.0
2021-09-20,521.75,1262.5
2021-09-21,517.0,1274.0
2021-09-22,525.5,1282.75
2021-09-23,529.25,1284.25
2021-09-24,526.75,1285.0
2021-09-27,539.5,1287.5
2021-09-28,532.5,1277.0
2021-09-29,539.0,1283.75
2021-09-30,536.75,1256.0
2021-10-01,541.5,1246.5
2021-10-04,540.75,1235.75
2021-10-05,537.5,1250.5
2021-10-06,532.25,1242.0
2021-10-07,534.0,1247.25
2021-10-08,530.5,1243.0
2021-10-11,533.0,1228.25
2021-10-12,522.5,1198.25
2021-10-13,512.25,1195.25
2021-10-14,516.75,1206.25
2021-10-15,525.75,1217.75
2021-10-18,532.75,1221.5
2021-10-19,530.25,1228.0
2021-10-20,539.25,1245.5
2021-10-21,532.25,1224.0
2021-10-22,538.0,1220.5
2021-10-25,538.0,1237.25
2021-10-26,543.5,1238.0
2021-10-27,557.25,1239.25
2021-10-28,562.75,1233.75
2021-10-29,568.25,1235.75
2021-11-01,579.0,1236.75
2021-11-02,573.0,1244.0
2021-11-03,564.0,1231.5
2021-11-04,559.25,1209.25
2021-11-05,553.0,1192.25
2021-11-08,551.5,1178.0
2021-11-09,554.75,1199.5
2021-11-10,569.25,1203.5
2021-11-11,569.5,1212.25
2021-11-12,577.25,1234.0
2021-11-15,576.5,1257.25
2021-11-16,571.0,1251.25
2021-11-17,575.25,1277.0
2021-11-18,573.0,1265.25
2021-11-19,570.75,1263.25
2021-11-22,576.75,1274.25
2021-11-23,580.5,1273.0
2021-11-24,579.75,1266.5
2021-11-26,586.75,1252.75
2021-11-29,581.0,1241.5
2021-11-30,567.0,1217.25
2021-12-01,572.0,1228.25
2021-12-02,577.0,1244.25
2021-12-03,586.0,1267.25
2021-12-06,583.5,1261.5
2021-12-07,586.25,1250.25
2021-12-08,584.75,1261.0
2021-12-09,588.5,1264.5
2021-12-10,588.5,1267.75
2021-12-13,584.25,1244.0
2021-12-14,588.75,1259.5
2021-12-15,585.75,1262.5
2021-12-16,591.25,1277.25
2021-12-17,593.25,1285.25
2021-12-20,591.0,1292.25
2021-12-21,598.25,1308.0
2021-12-22,602.5,1328.75
2021-12-23,605.75,1332.0
2021-12-27,614.75,1362.5
2021-12-28,604.75,1359.25
2021-12-29,605.5,1356.5
2021-12-30,596.0,1327.75
2021-12-31,593.25,1328.75
2022-01-03,589.25,1344.0
2022-01-04,609.5,1378.75
2022-01-05,602.25,1384.25
2022-01-06,603.75,1377.25
2022-01-07,606.75,1401.5
2022-01-10,599.75,1374.75
2022-01-11,601.0,1376.75
2022-01-12,599.0,1391.25
2022-01-13,587.5,1365.25
2022-01-14,596.25,1356.75
2022-01-18,599.5,1361.25
2022-01-19,610.5,1391.25
2022-01-20,611.0,1425.75
2022-01-21,616.25,1414.25
2022-01-24,621.0,1403.0
2022-01-25,620.0,1407.25
2022-01-26,627.0,1440.0
2022-01-27,625.25,1448.25
2022-01-28,636.0,1470.0
2022-01-31,626.0,1490.5
2022-02-01,634.75,1528.5
2022-02-02,622.5,1545.25
2022-02-03,616.75,1544.25
2022-02-04,620.5,1553.5
2022-02-07,635.25,1581.75
2022-02-08,632.25,1569.0
2022-02-09,646.75,1594.75
2022-02-10,641.75,1574.25
2022-02-11,651.0,1583.0
2022-02-14,655.75,1570.0
2022-02-15,638.0,1551.25
2022-02-16,647.0,1587.5
2022-02-17,650.0,1592.0
2022-02-18,654.25,1601.5
2022-02-22,674.75,1635.0
2022-02-23,683.75,1675.0
2022-02-24,695.0,1661.5
2022-02-25,659.5,1590.25
2022-02-28,697.5,1644.25
2022-03-01,739.75,1705.5
2022-03-02,739.0,1677.5
2022-03-03,751.25,1680.25
2022-03-04,756.5,1676.25
2022-03-07,749.25,1674.25
2022-03-08,754.5,1704.5
2022-03-09,735.0,1686.5
2022-03-10,757.75,1700.0
2022-03-11,764.5,1690.75
2022-03-14,728.25,1687.25
2022-03-15,758.0,1658.75
2022-03-16,730.0,1649.25
2022-03-17,754.5,1668.5
2022-03-18,741.75,1668.0
2022-03-21,756.25,1691.0
2022-03-22,753.0,1696.5
2022-03-23,757.75,1718.75
2022-03-24,748.25,1700.75
2022-03-25,754.0,1710.25
2022-03-28,748.5,1664.25
2022-03-29,726.25,1643.0
2022-03-30,738.0,1664.0
2022-03-31,748.75,1618.25
2022-04-01,735.0,1582.75
2022-04-04,750.5,1602.25
2022-04-05,759.75,1631.0
2022-04-06,756.5,1619.5
2022-04-07,757.75,1645.5
2022-04-08,768.75,1689.0
2022-04-11,764.5,1655.25
2022-04-12,776.25,1670.25
2022-04-13,783.5,1676.0
2022-04-14,790.25,1682.25
2022-04-18,813.25,1714.75
2022-04-19,804.0,1716.5
2022-04-20,815.75,1746.75
2022-04-21,799.25,1748.25
2022-04-22,793.0,1716.0
2022-04-25,800.25,1703.5
2022-04-26,803.25,1705.25
2022-04-27,815.5,1726.5
2022-04-28,816.0,1706.5
2022-04-29,818.25,1708.25
2022-05-02,813.0,1674.0
2022-05-03,800.75,1659.0
2022-05-04,798.5,1669.75
2022-05-05,803.75,1678.5
2022-05-06,792.25,1655.5
2022-05-09,784.5,1621.0
2022-05-10,786.5,1630.0
2022-05-11,802.25,1650.25
2022-05-12,813.5,1660.25
2022-05-13,794.5,1723.25
2022-05-16,809.5,1656.5
2022-05-17,800.75,1678.0
2022-05-18,781.5,1662.75
2022-05-19,783.25,1690.5
2022-05-20,778.75,1705.25
2022-05-23,786.25,1687.0
2022-05-24,771.75,1693.0
2022-05-25,772.25,1681.0
2022-05-26,765.0,1726.5
2022-05-27,777.25,1732.25
2022-05-31,753.5,1683.25
2022-06-01,731.25,1690.25
2022-06-02,730.25,1729.25
2022-06-03,727.0,1697.75
2022-06-06,742.5,1699.25
2022-06-07,757.0,1728.25
2022-06-08,764.5,1740.0
2022-06-09,773.0,1769.0
2022-06-10,773.25,1745.5
2022-06-13,769.25,1707.5
2022-06-14,768.25,1698.5
2022-06-15,774.0,1693.75
2022-06-16,788.25,1709.5
2022-06-17,784.5,1702.0
2022-06-21,760.75,1681.0
2022-06-22,768.0,1652.75
2022-06-23,746.75,1593.25
2022-06-24,750.25,1610.75
2022-06-27,744.25,1630.5
2022-06-28,759.5,1663.75
2022-06-29,770.25,1674.25
2022-06-30,743.75,1675.0
2022-07-01,754.5,1626.0
2022-07-05,736.0,1575.25
2022-07-06,744.25,1580.25
2022-07-07,747.0,1591.25
2022-07-08,778.25,1630.25
2022-07-11,781.25,1641.0
2022-07-12,732.75,1592.75
2022-07-13,740.0,1588.25
2022-07-14,695.0,1610.0
2022-07-15,604.25,1466.0
2022-07-18,612.25,1497.25
2022-07-19,596.75,1477.25
2022-07-20,592.25,1449.0
2022-07-21,575.75,1418.5
2022-07-22,564.25,1434.5
2022-07-25,580.0,1473.0
2022-07-26,597.0,1532.75
2022-07-27,600.25,1578.75
2022-07-28,615.0,1609.25
2022-07-29,616.25,1637.0
2022-08-01,607.0,1594.25
2022-08-02,591.25,1569.25
2022-08-03,591.5,1558.0
2022-08-04,602.25,1615.0
2022-08-05,610.25,1614.75
2022-08-08,608.5,1619.5
2022-08-09,615.5,1693.25
2022-08-10,621.25,1688.75
2022-08-11,629.25,1709.5
2022-08-12,639.75,1669.25
2022-08-15,626.75,1494.0
2022-08-16,611.0,1454.25
2022-08-17,615.0,1475.25
2022-08-18,619.75,1495.5
2022-08-19,626.0,1488.75
2022-08-22,633.5,1527.0
2022-08-23,660.0,1566.75
2022-08-24,665.75,1560.75
2022-08-25,657.5,1552.5
2022-08-26,668.75,1605.25
2022-08-29,683.75,1534.75
2022-08-30,679.75,1513.0
2022-08-31,673.75,1507.5
2022-09-01,658.25,1472.75
2022-09-02,669.0,1510.5
2022-09-06,680.75,1490.0
2022-09-07,676.75,1466.75
2022-09-08,674.5,1470.5
2022-09-09,698.5,1489.25
2022-09-12,712.25,1549.75
2022-09-13,709.0,1534.25
2022-09-14,709.0,1503.75
2022-09-15,677.5,1451.5
2022-09-16,677.25,1448.5
2022-09-19,678.25,1461.25
2022-09-20,692.0,1478.75
2022-09-21,685.5,1461.25
2022-09-22,688.25,1457.0
2022-09-23,676.75,1425.75
2022-09-26,666.25,1411.25
2022-09-27,667.5,1408.0
2022-09-28,670.5,1408.75
2022-09-29,669.5,1410.75
2022-09-30,677.5,1364.75
2022-10-03,680.75,1374.0
2022-10-04,683.0,1383.5
2022-10-05,684.0,1369.75
2022-10-06,675.5,1358.0
2022-10-07,683.25,1367.0
2022-10-10,698.25,1374.0
2022-10-11,693.0,1376.25
2022-10-12,693.0,1396.0
2022-10-13,697.75,1395.75
2022-10-14,689.75,1383.75
2022-10-17,683.5,1385.25
2022-10-18,681.0,1372.0
2022-10-19,678.25,1372.5
2022-10-20,684.0,1391.5
2022-10-21,684.25,1395.5
2022-10-24,681.5,1372.0
2022-10-25,686.25,1382.0
2022-10-26,685.0,1381.75
2022-10-27,682.25,1382.25
2022-10-28,680.75,1387.75
2022-10-31,691.5,1407.0
2022-11-01,697.75,1435.75
2022-11-02,687.5,1440.0
2022-11-03,679.25,1426.75
2022-11-04,681.0,1451.5
2022-11-07,675.75,1440.0
2022-11-08,667.5,1444.0
2022-11-09,664.5,1459.75
2022-11-10,653.25,1430.5
2022-11-11,658.0,1455.5
2022-11-14,657.25,1441.75
2022-11-15,666.75,1457.25
2022-11-16,665.25,1429.25
2022-11-17,667.5,1417.0
2022-11-18,667.75,1428.25
2022-11-21,659.5,1436.75
2022-11-22,656.75,1429.75
2022-11-23,663.25,1436.0
2022-11-25,668.0,1436.25
2022-11-28,668.75,1457.25
2022-11-29,665.75,1459.5
2022-11-30,662.0,1469.5
2022-12-01,650.0,1429.75
2022-12-02,635.0,1438.5
2022-12-05,628.75,1437.75
2022-12-06,625.5,1455.0
2022-12-07,627.75,1472.0
2022-12-08,632.0,1486.25
2022-12-09,634.75,1483.75
2022-12-12,641.25,1460.5
2022-12-13,643.75,1479.75
2022-12-14,639.0,1482.25
2022-12-15,653.5,1473.5
2022-12-16,653.0,1480.0
2022-12-19,647.25,1460.75
2022-12-20,652.0,1478.5
2022-12-21,662.25,1481.0
2022-12-22,660.5,1467.75
2022-12-23,666.25,1479.0
2022-12-27,674.75,1482.25
2022-12-28,682.75,1506.5
2022-12-29,679.5,1508.75
2022-12-30,678.5,1519.25
2023-01-03,670.5,1487.25
2023-01-04,653.75,1478.25
2023-01-05,652.75,1466.75
2023-01-06,654.0,1501.5
2023-01-09,652.75,1503.5
2023-01-10,655.0,1510.0
2023-01-11,656.0,1515.0
2023-01-12,671.0,1529.5
2023-01-13,675.0,1538.25
2023-01-17,685.25,1539.75
2023-01-18,681.25,1524.5
2023-01-19,677.25,1514.75
2023-01-20,676.25,1506.5
2023-01-23,666.25,1490.25
2023-01-24,677.0,1488.5
2023-01-25,674.75,1502.5
2023-01-26,682.5,1523.5
2023-01-27,683.0,1509.5
2023-01-30,683.75,1535.25
2023-01-31,679.75,1538.0
2023-02-01,681.0,1520.25
2023-02-02,675.25,1534.25
2023-02-03,677.5,1532.0
2023-02-06,679.0,1521.25
2023-02-07,674.0,1515.25
2023-02-08,678.5,1519.75
2023-02-09,670.75,1519.25
2023-02-10,680.5,1542.5
2023-02-13,685.0,1542.75
2023-02-14,682.25,1537.5
2023-02-15,676.25,1525.75
2023-02-16,676.0,1526.5
2023-02-17,677.75,1527.25
2023-02-21,680.5,1548.75
2023-02-22,674.0,1539.5
2023-02-23,660.25,1534.25
2023-02-24,650.0,1529.0
2023-02-27,642.75,1518.25
2023-02-28,629.5,1490.5
2023-03-01,640.5,1504.25
2023-03-02,637.75,1519.75
2023-03-03,645.25,1530.5
2023-03-06,644.5,1541.0
2023-03-07,642.0,1525.25
2023-03-08,634.5,1526.75
2023-03-09,618.5,1520.0
2023-03-10,624.25,1513.0
2023-03-13,624.5,1500.0
2023-03-14,627.5,1499.75
2023-03-15,626.5,1489.25
2023-03-16,632.75,1491.5
2023-03-17,634.25,1476.5
2023-03-20,633.0,1486.0
2023-03-21,630.0,1467.0
2023-03-22,633.5,1448.5
2023-03-23,631.75,1419.5
2023-03-24,643.0,1428.25
2023-03-27,648.25,1442.25
2023-03-28,647.25,1467.75
2023-03-29,650.5,1477.25
2023-03-30,649.5,1474.5
2023-03-31,660.5,1505.5
2023-04-03,657.75,1522.0
2023-04-04,653.75,1517.5
2023-04-05,652.75,1511.0
2023-04-06,643.5,1492.5
2023-04-10,654.0,1487.25
2023-04-11,651.0,1497.25
2023-04-12,656.0,1504.25
2023-04-13,652.25,1501.0
2023-04-14,666.25,1500.5
2023-04-17,676.5,1517.0
2023-04-18,677.5,1519.25
2023-04-19,672.25,1506.5
2023-04-20,663.75,1497.5
2023-04-21,663.25,1483.5
2023-04-24,651.25,1465.25
2023-04-25,646.5,1445.25
2023-04-26,641.5,1436.0
2023-04-27,627.0,1426.75
2023-04-28,636.0,1444.25
2023-05-01,639.5,1454.75
2023-05-02,638.0,1439.5
2023-05-03,645.25,1448.0
2023-05-04,646.5,1448.5
2023-05-05,653.25,1469.0
2023-05-08,656.5,1468.75
2023-05-09,642.25,1451.75
2023-05-10,645.5,1436.5
2023-05-11,632.5,1443.25
2023-05-12,633.25,1435.0
2023-05-15,592.5,1400.75
2023-05-16,581.25,1364.0
2023-05-17,561.5,1337.0
2023-05-18,555.25,1333.25
2023-05-19,554.5,1307.25
2023-05-22,571.0,1341.25
2023-05-23,577.5,1322.5
2023-05-24,587.25,1324.5
2023-05-25,590.75,1324.0
2023-05-26,604.0,1337.25
2023-05-30,594.0,1296.5
2023-05-31,594.0,1299.75
2023-06-01,592.5,1329.5
2023-06-02,609.0,1352.5
2023-06-05,597.5,1350.0
2023-06-06,608.0,1353.25
2023-06-07,604.25,1360.75
2023-06-08,610.25,1363.25
2023-06-09,604.25,1386.5
2023-06-12,617.25,1372.75
2023-06-13,612.5,1399.25
2023-06-14,607.75,1388.25
2023-06-15,623.25,1428.25
2023-06-16,640.25,1466.5
2023-06-20,643.75,1477.25
2023-06-21,671.0,1514.75
2023-06-22,660.5,1500.5
2023-06-23,630.75,1494.5
2023-06-26,637.25,1521.0
2023-06-27,623.0,1495.0
2023-06-28,590.0,1451.0
2023-06-29,581.0,1483.0
2023-06-30,554.5,1557.25
2023-07-03,557.25,1562.0
2023-07-05,548.25,1547.25
2023-07-06,566.75,1525.75
2023-07-07,560.5,1485.5
2023-07-10,570.75,1508.0
2023-07-11,571.75,1520.5
2023-07-12,549.75,1488.5
2023-07-13,593.5,1518.0
2023-07-14,599.75,1495.75
2023-07-17,499.25,1484.0
2023-07-18,528.75,1492.0
2023-07-19,545.5,1491.5
2023-07-20,537.25,1495.0
2023-07-21,527.0,1501.0
2023-07-24,560.5,1523.25
2023-07-25,557.5,1515.5
2023-07-26,540.25,1546.25
2023-07-27,533.25,1532.0
2023-07-28,521.0,1486.75
2023-07-31,504.0,1445.75
2023-08-01,497.0,1446.75
2023-08-02,488.25,1429.75
2023-08-03,480.75,1428.75
2023-08-04,484.25,1444.0
2023-08-07,482.25,1414.5
2023-08-08,485.75,1430.0
2023-08-09,481.0,1431.5
2023-08-10,483.25,1412.0
2023-08-11,474.5,1401.25
2023-08-14,475.75,1391.0
2023-08-15,464.0,1323.25
2023-08-16,469.5,1334.75
2023-08-17,473.0,1336.75
2023-08-18,479.5,1362.75
2023-08-21,469.25,1370.0
2023-08-22,466.5,1351.5
2023-08-23,476.25,1359.5
2023-08-24,472.25,1365.75
2023-08-25,470.75,1381.0
2023-08-28,478.5,1395.25
2023-08-29,469.5,1382.0
2023-08-30,461.75,1381.25
2023-08-31,461.0,1360.0
2023-09-01,464.75,1356.25
2023-09-05,471.0,1349.0
2023-09-06,471.5,1360.25
2023-09-07,470.75,1345.0
2023-09-08,468.5,1349.5
2023-09-11,471.25,1352.5
2023-09-12,463.25,1331.75
2023-09-13,464.0,1336.0
2023-09-14,462.5,1343.75
2023-09-15,476.25,1340.25
2023-09-18,471.5,1316.75
2023-09-19,476.25,1315.5
2023-09-20,482.25,1320.0
2023-09-21,475.25,1293.75
2023-09-22,477.25,1296.25
2023-09-25,481.25,1297.75
2023-09-26,479.75,1302.75
2023-09-27,483.25,1303.25
2023-09-28,488.5,1300.5
2023-09-29,476.75,1275.0
2023-10-02,488.75,1277.0
2023-10-03,487.5,1272.75
2023-10-04,486.0,1273.0
2023-10-05,497.5,1280.75
2023-10-06,492.0,1266.0
2023-10-09,488.25,1264.25
2023-10-10,485.5,1271.5
2023-10-11,488.0,1252.5
2023-10-12,496.0,1290.0
2023-10-13,493.25,1280.25
2023-10-16,490.0,1286.25
2023-10-17,489.0,1296.75
2023-10-18,492.0,1311.0
2023-10-19,505.0,1315.5
2023-10-20,495.5,1302.25
2023-10-23,490.25,1286.75
2023-10-24,484.0,1295.25
2023-10-25,480.0,1288.25
2023-10-26,479.25,1279.5
2023-10-27,480.75,1297.25
2023-10-30,478.25,1282.75
2023-10-31,478.75,1287.0
2023-11-01,475.0,1291.25
2023-11-02,470.0,1304.0
2023-11-03,477.25,1327.5
2023-11-06,477.25,1340.5
2023-11-07,468.5,1348.75
2023-11-08,476.0,1349.0
2023-11-09,468.0,1327.75
2023-11-10,464.0,1333.5
2023-11-13,477.25,1368.0
2023-11-14,478.25,1368.75
2023-11-15,470.75,1385.0
2023-11-16,474.75,1360.25
2023-11-17,467.0,1340.25
2023-11-20,469.5,1367.25
2023-11-21,470.0,1377.25
2023-11-22,468.75,1356.5
2023-11-24,463.25,1330.75
2023-11-27,455.5,1329.75
2023-11-28,451.5,1346.5
2023-11-29,449.75,1347.0
2023-11-30,461.75,1342.75
2023-12-01,464.5,1325.0
2023-12-04,460.25,1306.25
2023-12-05,468.5,1305.5
2023-12-06,464.75,1295.5
2023-12-07,468.25,1311.75
2023-12-08,465.75,1304.0
2023-12-11,460.5,1336.0
2023-12-12,462.5,1323.75
2023-12-13,456.75,1307.5
2023-12-14,456.75,1314.0
2023-12-15,483.0,1315.75
2023-12-18,477.0,1327.0
2023-12-19,472.75,1312.5
2023-12-20,469.75,1308.25
2023-12-21,472.5,1297.25
2023-12-22,473.0,1299.75
2023-12-26,480.25,1313.25
2023-12-27,476.5,1316.75
2023-12-28,474.25,1305.25
2023-12-29,471.25,1293.5
2024-01-02,463.75,1274.0
2024-01-03,465.25,1269.5
2024-01-04,466.5,1262.0
2024-01-05,460.75,1249.75
2024-01-08,455.0,1239.5
2024-01-09,459.25,1241.5
2024-01-10,459.5,1228.75
2024-01-11,457.75,1231.25
2024-01-12,447.0,1205.75
2024-01-16,443.5,1227.25
2024-01-17,442.25,1205.75
2024-01-18,444.0,1213.5
2024-01-19,445.5,1213.25
2024-01-22,445.75,1224.25
2024-01-23,446.5,1239.5
2024-01-24,452.25,1240.25
2024-01-25,451.75,1223.0
2024-01-26,446.25,1209.25
2024-01-29,440.25,1194.25
2024-01-30,447.75,1218.75
2024-01-31,448.25,1222.25
2024-02-01,447.25,1203.25
2024-02-02,442.75,1188.5
2024-02-05,442.75,1196.25
2024-02-06,438.75,1199.5
2024-02-07,434.25,1189.0
2024-02-08,433.25,1193.5
2024-02-09,429.0,1183.5
2024-02-12,430.5,1193.0
2024-02-13,430.75,1186.25
2024-02-14,424.25,1170.5
2024-02-15,417.75,1162.25
2024-02-16,416.5,1172.25
2024-02-20,418.75,1179.0
2024-02-21,411.0,1160.75
2024-02-22,406.0,1147.75
2024-02-23,399.75,1133.0
2024-02-26,407.0,1136.0
2024-02-27,408.25,1131.25
2024-02-28,413.25,1134.0
2024-02-29,415.75,1128.25
2024-03-01,412.25,1143.0
2024-03-04,417.5,1147.0
2024-03-05,413.5,1140.75
2024-03-06,418.0,1140.25
2024-03-07,426.0,1157.0
2024-03-08,426.25,1170.5
2024-03-11,428.25,1165.0
2024-03-12,429.0,1182.0
2024-03-13,426.5,1181.75
2024-03-14,422.5,1180.75
2024-03-15,436.75,1198.25
2024-03-18,436.0,1187.75
2024-03-19,439.5,1185.5
2024-03-20,439.0,1209.5
2024-03-21,440.75,1212.0
2024-03-22,439.25,1192.5
2024-03-25,437.75,1209.25
2024-03-26,432.5,1199.0
2024-03-27,426.75,1192.5
2024-03-28,442.0,1191.5
2024-04-01,435.5,1185.75
2024-04-02,426.5,1174.0
2024-04-03,431.75,1182.25
2024-04-04,435.25,1180.0
2024-04-05,434.25,1185.0
2024-04-08,435.5,1181.5
2024-04-09,431.25,1174.5
2024-04-10,434.25,1164.75
2024-04-11,428.75,1159.25
2024-04-12,435.5,1174.0
2024-04-15,431.5,1158.25
2024-04-16,431.0,1145.0
2024-04-17,430.25,1149.5
2024-04-18,426.75,1134.25
2024-04-19,433.5,1150.5
2024-04-22,439.75,1161.0
2024-04-23,443.0,1167.5
2024-04-24,437.75,1166.0
2024-04-25,441.0,1162.75
2024-04-26,440.0,1159.5
2024-04-29,439.25,1160.75
2024-04-30,439.5,1145.5
2024-05-01,443.25,1155.75
2024-05-02,452.0,1190.0
2024-05-03,447.0,1201.75
2024-05-06,457.0,1234.75
2024-05-07,453.75,1232.25
2024-05-08,445.5,1212.75
2024-05-09,442.75,1192.75
2024-05-10,455.75,1205.0
2024-05-13,458.5,1205.5
2024-05-14,453.75,1199.0
2024-05-15,462.5,1213.5
2024-05-16,457.0,1216.25
2024-05-17,452.5,1228.0
2024-05-20,460.5,1248.0
2024-05-21,458.0,1236.25
2024-05-22,461.25,1246.25
2024-05-23,464.0,1239.25
2024-05-24,464.75,1248.0
2024-05-28,462.5,1229.5
2024-05-29,455.25,1214.0
2024-05-30,448.75,1209.75
2024-05-31,446.25,1205.0
2024-06-03,443.5,1184.5
2024-06-04,442.5,1179.0
2024-06-05,439.25,1177.25
2024-06-06,452.0,1200.0
2024-06-07,448.75,1179.25
2024-06-10,451.75,1188.25
2024-06-11,449.5,1178.0
2024-06-12,454.25,1177.25
2024-06-13,458.5,1189.5
2024-06-14,450.0,1179.75
2024-06-17,443.75,1157.75
2024-06-18,450.0,1174.0
2024-06-20,439.75,1155.25
2024-06-21,435.0,1160.5
2024-06-24,433.5,1175.25
2024-06-25,425.5,1163.25
2024-06-26,420.0,1162.75
2024-06-27,413.75,1152.25
2024-06-28,397.25,1150.5
2024-07-01,398.25,1159.5
2024-07-02,402.0,1165.0
2024-07-03,403.5,1176.5
2024-07-05,411.25,1188.5
2024-07-08,395.75,1174.25
2024-07-09,400.25,1161.5
2024-07-10,403.25,1141.25
2024-07-11,406.75,1142.75
2024-07-12,400.0,1134.5
2024-07-15,390.5,1078.0
2024-07-16,395.75,1090.5
2024-07-17,398.0,1097.25
2024-07-18,391.25,1098.5
2024-07-19,390.5,1097.25
2024-07-22,400.25,1117.75
2024-07-23,402.5,1117.5
2024-07-24,403.75,1111.0
2024-07-25,406.0,1116.0
2024-07-26,394.5,1077.5
2024-07-29,396.25,1054.75
2024-07-30,388.75,1027.25
2024-07-31,382.75,1028.5
2024-08-01,382.0,1022.0
2024-08-02,386.5,1029.25
2024-08-05,390.75,1044.25
2024-08-06,388.75,1028.5
2024-08-07,383.25,1020.25
2024-08-08,379.25,1009.75
2024-08-09,376.75,1028.0
2024-08-12,383.25,1012.0
2024-08-13,377.75,989.0
2024-08-14,381.0,979.75
2024-08-15,375.0,951.5
2024-08-16,370.5,938.75
2024-08-19,378.0,956.25
2024-08-20,375.0,957.25
2024-08-21,375.5,963.0
2024-08-22,371.5,941.25
2024-08-23,367.75,952.0
2024-08-26,362.0,959.75
2024-08-27,367.25,967.5
2024-08-28,365.25,958.5
2024-08-29,371.75,973.75
2024-08-30,378.0,982.0
2024-09-03,386.5,997.0
2024-09-04,390.5,1006.0
2024-09-05,390.0,1008.25
2024-09-06,383.75,989.25
2024-09-09,384.25,1000.0
2024-09-10,379.5,977.5
2024-09-11,380.5,979.75
2024-09-12,386.25,991.5
2024-09-13,390.75,986.75
2024-09-16,410.75,1004.5
2024-09-17,412.5,1006.0
2024-09-18,412.75,1014.0
2024-09-19,405.75,1013.25
2024-09-20,401.75,1012.0
2024-09-23,413.5,1039.25
2024-09-24,411.75,1042.25
2024-09-25,415.25,1053.25
2024-09-26,413.25,1041.0
2024-09-27,418.0,1065.75
2024-09-30,424.75,1057.0
2024-10-01,429.0,1057.25
2024-10-02,432.5,1056.0
2024-10-03,428.25,1046.0
2024-10-04,424.75,1037.75
2024-10-07,426.0,1034.0
2024-10-08,420.75,1016.25
2024-10-09,421.0,1020.25
2024-10-10,418.5,1014.75
2024-10-11,415.75,1005.5
2024-10-14,408.25,996.0
2024-10-15,401.25,991.0
2024-10-16,404.75,980.0
2024-10-17,406.75,988.75
2024-10-18,404.75,970.0
2024-10-21,409.5,981.0
2024-10-22,416.5,991.75
2024-10-23,419.0,997.5
2024-10-24,421.5,996.25
2024-10-25,415.25,987.75
2024-10-28,410.75,974.0
2024-10-29,413.75,965.25
2024-10-30,411.5,976.5
2024-10-31,410.75,982.5
2024-11-01,414.5,982.5
2024-11-04,416.5,987.25
2024-11-05,418.5,993.75
2024-11-06,426.25,994.5
2024-11-07,427.5,1015.5
2024-11-08,431.0,1016.75
2024-11-11,430.0,1011.75
2024-11-12,428.5,1003.5
2024-11-13,426.5,1004.25
2024-11-14,419.0,985.75
2024-11-15,424.0,998.5
2024-11-18,429.25,1009.75
2024-11-19,427.25,998.5
2024-11-20,430.25,990.5
2024-11-21,426.75,977.75
2024-11-22,425.5,983.5
2024-11-25,424.75,985.75
2024-11-26,420.0,983.5
2024-11-27,415.75,988.75
2024-11-29,423.0,989.5
2024-12-02,424.5,985.25
2024-12-03,423.25,991.75
2024-12-04,422.0,983.75
2024-12-05,426.5,993.75
2024-12-06,430.75,993.75
2024-12-09,434.0,990.0
2024-12-10,440.5,994.75
2024-12-11,438.0,995.5
2024-12-12,431.75,995.75
2024-12-13,430.0,988.25
2024-12-16,445.0,982.0
2024-12-17,443.5,976.75
2024-12-18,437.25,951.75
2024-12-19,440.75,963.0
2024-12-20,446.25,974.5
2024-12-23,447.75,969.5
2024-12-24,448.5,975.25
2024-12-26,453.75,988.0
2024-12-27,454.0,980.0
2024-12-30,452.25,982.0
2024-12-31,458.5,998.25
2025-01-02,459.5,999.5
2025-01-03,450.75,981.0
2025-01-06,457.75,992.5
2025-01-07,458.0,992.25
2025-01-08,454.0,987.5
2025-01-09,456.0,992.25
2025-01-10,470.5,1013.5
2025-01-13,476.5,1041.5
2025-01-14,474.5,1043.0
2025-01-15,478.75,1042.75
2025-01-16,474.5,1019.0
2025-01-17,484.25,1034.0
2025-01-21,490.0,1067.25
2025-01-22,484.25,1056.0
2025-01-23,489.75,1065.5
2025-01-24,486.5,1055.75
2025-01-27,482.0,1045.0
2025-01-28,485.25,1045.0
2025-01-29,497.0,1060.5
2025-01-30,490.25,1044.0
2025-01-31,482.0,1042.0
2025-02-03,488.75,1058.25
2025-02-04,494.5,1075.0
2025-02-05,493.25,1057.0
2025-02-06,495.25,1060.5
2025-02-07,487.5,1049.5
2025-02-10,491.5,1049.5
2025-02-11,484.0,1043.5
2025-02-12,490.25,1027.75
2025-02-13,493.5,1030.0
2025-02-14,496.25,1036.0
2025-02-18,502.0,1038.5
2025-02-19,497.5,1031.75
2025-02-20,498.0,1045.5
2025-02-21,491.25,1039.5
2025-02-24,482.5,1029.0
2025-02-25,479.75,1031.25
2025-02-26,478.25,1024.5
2025-02-27,464.75,1022.75
2025-02-28,453.5,1011.5
2025-03-03,440.25,998.25
2025-03-04,436.0,984.0
2025-03-05,440.25,997.75
2025-03-06,449.5,1014.0
2025-03-07,455.25,1010.25
2025-03-10,458.75,999.75
2025-03-11,456.5,997.75
2025-03-12,448.75,987.5
2025-03-13,453.5,996.75
2025-03-14,445.5,999.25
2025-03-17,461.0,1015.5
2025-03-18,458.75,1012.75
2025-03-19,462.0,1008.25
2025-03-20,469.0,1013.0
2025-03-21,464.25,1009.75
2025-03-24,464.5,1007.25
2025-03-25,457.75,1001.75
2025-03-26,451.25,1001.0
2025-03-27,450.0,1016.75
2025-03-28,453.25,1023.0
2025-03-31,457.25,1014.75
2025-04-01,461.75,1034.25
2025-04-02,457.75,1029.5
2025-04-03,457.5,1011.5
2025-04-04,460.25,977.0
2025-04-07,464.5,983.0
2025-04-08,469.0,992.75
2025-04-09,474.0,1012.75
2025-04-10,483.0,1029.0
2025-04-11,490.25,1042.75
2025-04-14,485.0,1041.75
2025-04-15,481.25,1036.0
2025-04-16,484.25,1038.75
2025-04-17,482.25,1036.5
2025-04-21,481.75,1029.5
2025-04-22,475.75,1035.0
2025-04-23,472.0,1040.25
2025-04-24,477.25,1053.0
2025-04-25,478.75,1049.75
2025-04-28,475.5,1052.0
2025-04-29,460.5,1041.0
2025-04-30,467.25,1034.75
2025-05-01,464.25,1040.25
2025-05-02,461.25,1048.75
2025-05-05,446.5,1038.0
2025-05-06,447.5,1034.75
2025-05-07,441.0,1030.5
2025-05-08,439.0,1036.75
2025-05-09,441.5,1044.0
2025-05-12,440.25,1066.0
2025-05-13,436.0,1067.25
2025-05-14,438.5,1067.0
2025-05-15,448.5,1051.25
2025-05-16,443.5,1050.0
2025-05-19,447.5,1050.75
2025-05-20,454.5,1053.0
2025-05-21,461.0,1062.75
2025-05-22,463.0,1067.5
2025-05-23,459.5,1060.25
2025-05-27,459.5,1062.5
2025-05-28,451.0,1048.5
2025-05-29,447.0,1051.75
2025-05-30,444.0,1041.75
2025-06-02,438.25,1033.5
2025-06-03,438.5,1040.75
2025-06-04,438.75,1045.0
2025-06-05,439.5,1051.75
2025-06-06,442.5,1057.25
2025-06-09,433.5,1056.0
2025-06-10,438.75,1057.75
2025-06-11,437.0,1050.5
2025-06-12,438.5,1042.25
2025-06-13,444.5,1069.75
2025-06-16,434.75,1069.75
2025-06-17,431.5,1074.0
2025-06-18,433.5,1074.75
2025-06-20,428.75,1068.0
2025-06-23,419.25,1058.75
2025-06-24,416.25,1046.75
2025-06-25,410.25,1025.25
2025-06-26,409.5,1022.75
2025-06-27,417.5,1027.75
2025-06-30,420.5,1024.25
2025-07-01,420.0,1024.75
2025-07-02,429.25,1050.5
2025-07-03,431.5,1056.25
2025-07-07,418.0,1031.75
2025-07-08,411.0,1024.25
2025-07-09,412.5,1012.25
2025-07-10,407.25,1012.5
2025-07-11,403.0,1004.0
2025-07-14,412.75,997.0
2025-07-15,401.25,995.0
2025-07-16,405.25,1013.5
2025-07-17,402.0,1021.5
2025-07-18,408.5,1027.75
2025-07-21,403.75,1015.0
2025-07-22,399.25,1010.25
2025-07-23,398.5,1005.75
2025-07-24,401.75,1004.25
2025-07-25,399.5,998.75
2025-07-28,393.75,988.75
2025-07-29,389.25,981.75
2025-07-30,391.75,967.75
2025-07-31,394.0,961.75
2025-08-01,389.5,961.75
2025-08-04,387.0,969.0
2025-08-05,381.5,969.0
2025-08-06,379.75,961.5
2025-08-07,384.5,971.75
2025-08-08,382.75,966.75
2025-08-11,385.0,989.5
2025-08-12,371.5,1011.75
2025-08-13,374.0,1023.5
2025-08-14,375.0,1008.5
2025-08-15,383.75,1022.25
2025-08-18,383.0,1020.75
2025-08-19,379.5,1013.0
2025-08-20,380.0,1015.0
2025-08-21,387.25,1034.5
2025-08-22,388.25,1036.5
2025-08-25,389.25,1025.5
2025-08-26,387.5,1028.75
2025-08-27,382.5,1027.25
2025-08-28,385.5,1028.25
2025-08-29,398.0,1036.75
2025-09-02,403.0,1025.75
2025-09-03,397.75,1016.0
2025-09-04,399.75,1012.0
2025-09-05,399.0,1006.5
2025-09-08,403.0,1013.5
2025-09-09,401.25,1011.5
2025-09-10,397.25,1005.5
2025-09-11,399.0,1015.25
2025-09-12,399.0,1025.75
2025-09-15,423.25,1042.75
2025-09-16,429.5,1049.75
2025-09-17,426.75,1043.75
2025-09-18,423.75,1037.5
2025-09-19,424.0,1025.5
2025-09-22,421.75,1011.0
2025-09-23,426.25,1012.0
2025-09-24,424.25,1009.0
2025-09-25,425.75,1012.25
2025-09-26,422.0,1013.75
2025-09-29,421.5,1010.5
2025-09-30,415.5,1001.75
2025-10-01,416.5,1013.0
2025-10-02,421.75,1023.75
2025-10-03,419.0,1018.0
2025-10-06,421.75,1017.75
2025-10-07,419.75,1022.0
2025-10-08,422.0,1029.5
2025-10-09,418.25,1022.25
2025-10-10,413.0,1006.75
2025-10-13,410.75,1007.75
2025-10-14,413.0,1006.5
2025-10-15,416.75,1006.5
2025-10-16,421.75,1010.75
2025-10-17,422.5,1019.5
2025-10-20,423.25,1031.75
2025-10-21,419.75,1030.75
2025-10-22,423.0,1034.75
2025-10-23,428.0,1044.75
2025-10-24,423.25,1041.75
2025-10-27,428.75,1067.25
2025-10-28,432.0,1078.25
2025-10-29,434.0,1080.25
2025-10-30,430.25,1091.25
2025-10-31,431.5,1099.75
2025-11-03,434.25,1119.75
2025-11-04,431.5,1108.25
2025-11-05,435.25,1119.75
2025-11-06,428.75,1091.75
2025-11-07,427.25,1101.75
2025-11-10,429.75,1116.0
2025-11-11,432.0,1113.25
2025-11-12,435.25,1120.5
2025-11-13,441.5,1132.0
2025-11-14,430.25,1112.75
2025-11-17,434.75,1157.25
2025-11-18,436.75,1153.5
2025-11-19,429.75,1136.25
2025-11-20,426.5,1122.5
2025-11-21,425.5,1125.0
2025-11-24,423.75,1123.25
2025-11-25,423.5,1124.75
2025-11-26,431.75,1131.5
2025-11-28,435.5,1137.75
2025-12-01,432.75,1128.0
2025-12-02,438.0,1124.75
2025-12-03,431.5,1115.75
2025-12-04,437.75,1119.5
2025-12-05,436.75,1105.25
2025-12-08,436.25,1093.75
2025-12-09,440.75,1087.25
2025-12-10,434.75,1091.25
2025-12-11,435.25,1093.5
2025-12-12,431.5,1076.75
2025-12-15,439.75,1071.75
2025-12-16,436.5,1062.75
2025-12-17,440.5,1058.25
2025-12-18,444.5,1052.25
2025-12-19,443.75,1049.25
2025-12-22,447.0,1053.25
2025-12-23,447.5,1051.5
2025-12-24,451.0,1063.25
2025-12-26,450.0,1058.75
2025-12-29,442.25,1049.5
2025-12-30,440.5,1046.25
2025-12-31,440.25,1030.5
2026-01-02,437.5,1029.5
2026-01-05,444.5,1047.25
2026-01-06,444.0,1042.0
2026-01-07,446.75,1052.75
2026-01-08,446.0,1047.0
2026-01-09,445.75,1048.5
2026-01-12,421.5,1033.0
2026-01-13,419.75,1023.25
2026-01-14,422.0,1030.5
2026-01-15,420.25,1053.0
2026-01-16,424.75,1057.75
2026-01-20,423.75,1053.0
2026-01-21,421.75,1064.5
2026-01-22,424.0,1064.0
2026-01-23,430.5,1067.75
2026-01-26,428.25,1061.75
2026-01-27,426.5,1067.25
2026-01-28,430.0,1075.0
2026-01-29,430.75,1072.25
2026-01-30,428.25,1064.25
2026-02-02,425.75,1060.0
