date,close_soybean,volume_soybean
2005-01-03,537.25,47
2005-01-04,529.75,54
2005-01-05,534.0,37
2005-01-06,541.75,35
2005-01-07,551.75,17
2005-01-10,560.0,65
2005-01-11,557.5,10
2005-01-12,554.0,11
2005-01-13,557.5,10
2005-01-14,542.0,3364
2005-01-18,513.5,684
2005-01-19,517.75,875
2005-01-20,523.25,484
2005-01-21,516.75,1279
2005-01-24,520.0,449
2005-01-25,526.0,570
2005-01-26,523.0,406
2005-01-27,515.75,859
2005-01-28,514.0,2050
2005-01-31,514.75,604
2005-02-01,507.0,1107
2005-02-02,505.25,328
2005-02-03,502.0,534
2005-02-04,499.5,357
2005-02-07,501.25,433
2005-02-08,503.5,775
2005-02-09,510.75,813
2005-02-10,516.0,557
2005-02-11,525.75,3185
2005-02-14,535.75,1601
2005-02-15,535.25,654
2005-02-16,535.0,955
2005-02-17,552.0,2103
2005-02-18,552.5,1407
2005-02-22,577.0,675
2005-02-23,576.75,493
2005-02-24,569.0,409
2005-02-25,597.5,457
2005-02-28,615.5,134
2005-03-01,605.0,120
2005-03-02,618.75,21
2005-03-03,620.0,163
2005-03-04,622.75,37
2005-03-07,608.5,25
2005-03-08,619.5,27
2005-03-09,624.0,2
2005-03-10,633.25,16
2005-03-11,656.75,24
2005-03-14,654.0,2650
2005-03-15,681.0,3330
2005-03-16,673.5,2036
2005-03-17,671.5,3826
2005-03-18,649.0,2945
2005-03-21,626.5,1505
2005-03-22,627.25,3091
2005-03-23,623.25,2329
2005-03-24,628.75,1316
2005-03-28,625.75,742
2005-03-29,624.0,771
2005-03-30,641.0,2115
2005-03-31,627.5,2518
2005-04-01,614.0,1290
2005-04-04,615.0,475
2005-04-05,617.5,400
2005-04-06,623.25,1102
2005-04-07,623.5,853
2005-04-08,612.0,1033
2005-04-11,616.75,2332
2005-04-12,617.5,860
2005-04-13,623.25,855
2005-04-14,617.0,503
2005-04-15,616.25,505
2005-04-18,609.5,338
2005-04-19,631.0,831
2005-04-20,630.75,322
2005-04-21,637.75,157
2005-04-22,633.0,527
2005-04-25,635.25,109
2005-04-26,636.75,225
2005-04-27,627.25,341
2005-04-28,618.0,521
2005-04-29,619.25,211
2005-05-02,619.25,147
2005-05-03,618.75,68
2005-05-04,620.0,75
2005-05-05,623.5,1
2005-05-06,635.0,15
2005-05-09,632.0,20
2005-05-10,628.25,20
2005-05-11,628.0,2
2005-05-12,619.75,25
2005-05-13,603.75,1855
2005-05-16,623.5,1978
2005-05-17,620.75,1236
2005-05-18,633.25,1739
2005-05-19,629.25,769
2005-05-20,632.0,2348
2005-05-23,640.0,792
2005-05-24,645.5,1304
2005-05-25,666.5,1586
2005-05-26,676.0,2633
2005-05-27,667.75,3423
2005-05-31,680.25,1286
2005-06-01,685.25,2003
2005-06-02,668.5,1156
2005-06-03,675.25,3278
2005-06-06,677.75,1532
2005-06-07,674.75,1330
2005-06-08,667.5,3591
2005-06-09,673.25,1365
2005-06-10,666.25,3328
2005-06-13,680.5,1553
2005-06-14,689.75,1510
2005-06-15,702.5,1917
2005-06-16,700.75,1284
2005-06-17,724.0,3973
2005-06-20,739.0,1191
2005-06-21,735.25,2216
2005-06-22,737.0,842
2005-06-23,725.75,1639
2005-06-24,744.5,1366
2005-06-27,694.5,1295
2005-06-28,666.75,514
2005-06-29,672.0,817
2005-06-30,651.75,172
2005-07-01,673.5,33
2005-07-05,712.25,58
2005-07-06,696.25,348
2005-07-07,692.0,69
2005-07-08,675.5,242
2005-07-11,688.0,242
2005-07-12,698.5,0
2005-07-13,711.5,5
2005-07-14,723.0,567
2005-07-15,721.0,939
2005-07-18,717.25,248
2005-07-19,682.5,513
2005-07-20,684.5,501
2005-07-21,669.5,652
2005-07-22,669.25,544
2005-07-25,669.75,234
2005-07-26,676.0,156
2005-07-27,673.75,145
2005-07-28,684.25,310
2005-07-29,671.75,574
2005-08-01,673.0,171
2005-08-02,689.5,197
2005-08-03,670.0,103
2005-08-04,671.25,11
2005-08-05,658.5,107
2005-08-08,660.5,8
2005-08-09,643.0,51
2005-08-10,643.5,2
2005-08-11,641.0,2
2005-08-12,643.0,92
2005-08-15,612.75,186
2005-08-16,616.75,158
2005-08-17,615.0,153
2005-08-18,609.75,204
2005-08-19,597.25,111
2005-08-22,607.25,294
2005-08-23,610.75,69
2005-08-24,602.5,287
2005-08-25,587.0,353
2005-08-26,591.0,382
2005-08-29,594.0,102
2005-08-30,599.75,55
2005-08-31,586.75,69
2005-09-01,595.75,10
2005-09-02,588.5,16
2005-09-06,604.75,5
2005-09-07,595.0,1
2005-09-08,590.5,1
2005-09-09,580.5,1
2005-09-12,575.0,3
2005-09-13,576.0,1
2005-09-14,569.5,1054
2005-09-15,568.75,1501
2005-09-16,571.25,997
2005-09-19,576.0,372
2005-09-20,572.0,883
2005-09-21,577.75,524
2005-09-22,580.5,802
2005-09-23,574.0,739
2005-09-26,567.5,544
2005-09-27,557.5,800
2005-09-28,562.75,308
2005-09-29,560.5,524
2005-09-30,573.25,955
2005-10-03,581.0,2119
2005-10-04,562.5,501
2005-10-05,563.5,444
2005-10-06,564.25,533
2005-10-07,564.25,976
2005-10-10,555.5,1161
2005-10-11,563.5,1617
2005-10-12,589.0,2079
2005-10-13,588.25,1853
2005-10-14,589.5,1137
2005-10-17,591.25,2047
2005-10-18,584.5,841
2005-10-19,589.25,1134
2005-10-20,585.0,2485
2005-10-21,572.25,1114
2005-10-24,575.0,404
2005-10-25,578.0,243
2005-10-26,571.5,514
2005-10-27,571.0,283
2005-10-28,565.0,533
2005-10-31,564.75,260
2005-11-01,574.5,236
2005-11-02,573.5,413
2005-11-03,591.75,24
2005-11-04,580.5,81
2005-11-07,571.5,37
2005-11-08,574.25,21
2005-11-09,578.25,74
2005-11-10,577.0,9
2005-11-11,593.0,19
2005-11-14,590.25,722
2005-11-15,592.25,513
2005-11-16,576.75,926
2005-11-17,579.25,703
2005-11-18,569.75,746
2005-11-21,572.25,393
2005-11-22,572.25,451
2005-11-23,562.0,451
2005-11-24,562.0,1020
2005-11-25,554.25,1770
2005-11-28,558.25,1470
2005-11-29,554.0,1441
2005-11-30,558.0,752
2005-12-01,559.75,751
2005-12-02,562.75,606
2005-12-05,573.25,851
2005-12-06,564.0,562
2005-12-07,559.0,772
2005-12-08,566.75,1394
2005-12-09,568.75,2288
2005-12-12,584.0,1570
2005-12-13,597.5,2972
2005-12-14,592.5,1150
2005-12-15,587.25,1541
2005-12-16,592.25,1252
2005-12-19,608.5,1288
2005-12-20,605.25,1413
2005-12-21,606.5,691
2005-12-22,612.75,364
2005-12-23,613.0,598
2005-12-27,611.5,300
2005-12-28,611.0,150
2005-12-29,597.75,129
2005-12-30,602.0,132
2006-01-03,617.5,280
2006-01-04,621.0,35
2006-01-05,608.0,27
2006-01-06,600.5,146
2006-01-09,584.0,116
2006-01-10,578.25,31
2006-01-11,574.5,120
2006-01-12,562.0,120
2006-01-13,565.0,2654
2006-01-17,571.25,2203
2006-01-18,565.75,1067
2006-01-19,565.0,1012
2006-01-20,568.0,3512
2006-01-23,574.5,880
2006-01-24,571.25,2095
2006-01-25,567.0,980
2006-01-26,573.0,4005
2006-01-27,589.25,5643
2006-01-30,598.75,2467
2006-01-31,594.25,3062
2006-02-01,579.5,1091
2006-02-02,584.0,2663
2006-02-03,594.75,4447
2006-02-06,587.0,1283
2006-02-07,574.0,3368
2006-02-08,578.0,1691
2006-02-09,587.75,3699
2006-02-10,582.25,4865
2006-02-13,584.25,1197
2006-02-14,583.25,760
2006-02-15,587.0,1028
2006-02-16,591.5,448
2006-02-17,601.25,1475
2006-02-21,587.5,588
2006-02-22,574.0,852
2006-02-23,571.75,1087
2006-02-24,577.25,987
2006-02-27,579.5,566
2006-02-28,580.25,28
2006-03-01,577.5,320
2006-03-02,591.0,59
2006-03-03,593.25,22
2006-03-06,587.0,6
2006-03-07,578.0,114
2006-03-08,572.25,4
2006-03-09,576.5,8
2006-03-10,578.25,41
2006-03-13,573.5,15
2006-03-14,574.75,666
2006-03-15,584.25,858
2006-03-16,576.25,757
2006-03-17,576.5,2097
2006-03-20,572.5,776
2006-03-21,575.25,1336
2006-03-22,577.0,1032
2006-03-23,574.75,323
2006-03-24,573.75,4458
2006-03-27,579.5,667
2006-03-28,581.5,882
2006-03-29,582.5,607
2006-03-30,587.75,988
2006-03-31,571.5,2192
2006-04-03,565.0,895
2006-04-04,558.75,1039
2006-04-05,561.5,1293
2006-04-06,564.0,1456
2006-04-07,557.75,2905
2006-04-10,555.25,1681
2006-04-11,562.5,817
2006-04-12,560.5,697
2006-04-13,563.0,1313
2006-04-17,571.5,374
2006-04-18,575.5,776
2006-04-19,574.0,316
2006-04-20,571.25,496
2006-04-21,569.75,1316
2006-04-24,574.25,1007
2006-04-25,579.5,580
2006-04-26,575.75,622
2006-04-27,575.25,1348
2006-04-28,587.25,880
2006-05-01,593.25,240
2006-05-02,590.5,135
2006-05-03,592.75,5
2006-05-04,590.75,5
2006-05-05,594.5,5
2006-05-08,586.0,5
2006-05-09,592.5,103
2006-05-10,593.25,11
2006-05-11,602.75,8
2006-05-12,600.0,2768
2006-05-15,604.5,2761
2006-05-16,602.75,1419
2006-05-17,604.0,1503
2006-05-18,598.0,1306
2006-05-19,587.0,3403
2006-05-22,582.5,2104
2006-05-23,586.75,1753
2006-05-24,582.5,1298
2006-05-25,584.25,1266
2006-05-26,582.5,4063
2006-05-30,583.5,2298
2006-05-31,579.5,3837
2006-06-01,586.75,1744
2006-06-02,609.0,4098
2006-06-05,603.25,4978
2006-06-06,593.5,1059
2006-06-07,597.0,1393
2006-06-08,587.75,1680
2006-06-09,585.75,4555
2006-06-12,600.0,2505
2006-06-13,595.75,1498
2006-06-14,589.5,846
2006-06-15,592.5,1130
2006-06-16,600.25,1220
2006-06-19,584.5,1562
2006-06-20,585.25,662
2006-06-21,586.25,457
2006-06-22,583.0,399
2006-06-23,580.5,1479
2006-06-26,569.5,342
2006-06-27,578.0,575
2006-06-28,578.5,319
2006-06-29,581.75,349
2006-06-30,594.75,810
2006-07-03,601.5,769
2006-07-05,594.5,629
2006-07-06,608.5,1035
2006-07-07,602.0,647
2006-07-10,603.0,680
2006-07-11,607.0,651
2006-07-12,603.0,651
2006-07-13,597.5,18
2006-07-14,602.0,202
2006-07-17,590.0,307
2006-07-18,589.0,725
2006-07-19,585.75,380
2006-07-20,584.25,346
2006-07-21,577.0,365
2006-07-24,583.25,849
2006-07-25,585.25,756
2006-07-26,581.75,135
2006-07-27,574.0,546
2006-07-28,576.5,625
2006-07-31,579.5,678
2006-08-01,573.5,250
2006-08-02,581.75,85
2006-08-03,576.0,3
2006-08-04,577.5,166
2006-08-07,563.25,267
2006-08-08,557.5,312
2006-08-09,562.0,121
2006-08-10,557.0,17
2006-08-11,551.0,3
2006-08-14,549.75,963
2006-08-15,556.5,718
2006-08-16,552.25,626
2006-08-17,551.5,707
2006-08-18,547.0,1670
2006-08-21,548.25,971
2006-08-22,549.25,1360
2006-08-23,552.25,2226
2006-08-24,551.5,2013
2006-08-25,543.0,1479
2006-08-28,537.75,1749
2006-08-29,537.0,2566
2006-08-30,542.0,2704
2006-08-31,542.25,1022
2006-09-01,538.5,387
2006-09-05,541.25,452
2006-09-06,534.0,192
2006-09-07,538.5,191
2006-09-08,537.0,11
2006-09-11,532.0,5
2006-09-12,527.25,206
2006-09-13,530.0,206
2006-09-14,532.0,21298
2006-09-15,549.75,16588
2006-09-18,553.0,17941
2006-09-19,544.25,21133
2006-09-20,549.25,19825
2006-09-21,558.0,18394
2006-09-22,549.25,26136
2006-09-25,545.0,18594
2006-09-26,546.75,15443
2006-09-27,542.5,25532
2006-09-28,552.75,25043
2006-09-29,547.5,19449
2006-10-02,545.25,9649
2006-10-03,542.5,29368
2006-10-04,555.25,37679
2006-10-05,565.5,27519
2006-10-06,564.0,27550
2006-10-09,574.5,33391
2006-10-10,560.5,25659
2006-10-11,562.25,41657
2006-10-12,579.75,29248
2006-10-13,591.5,23713
2006-10-16,589.0,31911
2006-10-17,600.5,27508
2006-10-18,604.5,32812
2006-10-19,608.0,22497
2006-10-20,606.5,17987
2006-10-23,617.5,18659
2006-10-24,623.5,16232
2006-10-25,622.0,12992
2006-10-26,627.75,8935
2006-10-27,635.5,10861
2006-10-30,639.75,8055
2006-10-31,630.25,6353
2006-11-01,645.0,6017
2006-11-02,648.25,3292
2006-11-03,649.0,595
2006-11-06,649.25,938
2006-11-07,654.75,779
2006-11-08,666.25,921
2006-11-09,657.5,730
2006-11-10,651.25,423
2006-11-13,646.5,213
2006-11-14,656.0,30446
2006-11-15,663.75,34013
2006-11-16,656.5,25971
2006-11-17,660.5,32607
2006-11-20,667.5,15768
2006-11-21,673.0,21301
2006-11-22,674.0,21301
2006-11-23,674.0,13660
2006-11-24,684.25,30651
2006-11-27,688.0,21655
2006-11-28,686.25,23359
2006-11-29,682.25,32327
2006-11-30,685.5,29382
2006-12-01,677.0,32098
2006-12-04,659.25,25445
2006-12-05,664.25,28933
2006-12-06,654.25,28151
2006-12-07,662.0,36565
2006-12-08,656.0,38668
2006-12-11,666.75,31165
2006-12-12,663.0,31137
2006-12-13,661.0,18708
2006-12-14,662.75,13383
2006-12-15,657.5,15998
2006-12-18,648.0,15897
2006-12-19,653.5,9349
2006-12-20,648.25,10944
2006-12-21,650.25,4795
2006-12-22,659.5,7316
2006-12-26,671.5,5513
2006-12-27,669.5,8701
2006-12-28,675.75,5877
2006-12-29,683.5,4887
2007-01-03,669.25,3387
2007-01-04,662.75,2798
2007-01-05,668.0,1311
2007-01-08,665.0,1736
2007-01-09,653.5,846
2007-01-10,653.75,508
2007-01-11,664.0,1
2007-01-12,706.0,55514
2007-01-16,708.5,53747
2007-01-17,722.0,44581
2007-01-18,716.25,34671
2007-01-19,717.75,32373
2007-01-22,717.25,29654
2007-01-23,727.25,40223
2007-01-24,715.0,33468
2007-01-25,713.25,23036
2007-01-26,710.5,37766
2007-01-29,709.5,40171
2007-01-30,721.0,34622
2007-01-31,719.5,37748
2007-02-01,721.5,39858
2007-02-02,736.75,36444
2007-02-05,740.0,50066
2007-02-06,738.75,49853
2007-02-07,741.0,35618
2007-02-08,743.75,71255
2007-02-09,749.25,35433
2007-02-12,745.25,40291
2007-02-13,755.0,39359
2007-02-14,750.5,53552
2007-02-15,758.75,39488
2007-02-16,767.0,21613
2007-02-20,771.0,27356
2007-02-21,781.25,23062
2007-02-22,783.75,13074
2007-02-23,778.25,10726
2007-02-26,778.75,10964
2007-02-27,763.5,5631
2007-02-28,773.25,5159
2007-03-01,746.25,7474
2007-03-02,739.0,2734
2007-03-05,735.75,1713
2007-03-06,733.0,2208
2007-03-07,742.75,745
2007-03-08,745.0,342
2007-03-09,746.5,452
2007-03-12,752.25,452
2007-03-13,744.0,158
2007-03-14,736.5,40567
2007-03-15,750.5,27913
2007-03-16,753.5,50096
2007-03-19,759.5,35309
2007-03-20,764.75,30703
2007-03-21,766.5,32905
2007-03-22,771.75,26780
2007-03-23,769.5,31050
2007-03-26,758.5,38527
2007-03-27,757.0,23125
2007-03-28,770.75,39565
2007-03-29,778.25,43339
2007-03-30,761.25,82076
2007-04-02,779.0,95179
2007-04-03,763.75,46556
2007-04-04,761.0,44144
2007-04-05,760.5,31989
2007-04-09,749.0,60834
2007-04-10,742.5,58787
2007-04-11,746.5,45302
2007-04-12,738.25,67750
2007-04-13,738.0,51323
2007-04-16,736.0,24636
2007-04-17,724.0,23840
2007-04-18,715.5,27453
2007-04-19,718.25,12654
2007-04-20,723.25,10833
2007-04-23,721.25,12517
2007-04-24,709.75,9279
2007-04-25,721.5,9774
2007-04-26,718.25,14503
2007-04-27,723.0,16070
2007-04-30,728.5,12026
2007-05-01,741.25,6645
2007-05-02,734.25,4856
2007-05-03,733.75,2497
2007-05-04,733.5,2022
2007-05-07,729.0,1812
2007-05-08,726.0,1118
2007-05-09,733.75,531
2007-05-10,733.0,316
2007-05-11,750.0,149
2007-05-14,762.25,41963
2007-05-15,778.0,43297
2007-05-16,792.75,70068
2007-05-17,792.75,39185
2007-05-18,792.5,27230
2007-05-21,800.5,42351
2007-05-22,793.25,39294
2007-05-23,800.5,37824
2007-05-24,805.25,46858
2007-05-25,812.5,36704
2007-05-29,797.5,43082
2007-05-30,808.25,55436
2007-05-31,806.25,54631
2007-06-01,817.5,56304
2007-06-04,815.75,41506
2007-06-05,828.25,59086
2007-06-06,822.25,59070
2007-06-07,832.0,54341
2007-06-08,821.5,73083
2007-06-11,830.0,62280
2007-06-12,826.5,49004
2007-06-13,825.75,59294
2007-06-14,827.5,39293
2007-06-15,847.25,34521
2007-06-18,855.25,33494
2007-06-19,829.0,38664
2007-06-20,839.0,38465
2007-06-21,818.5,34922
2007-06-22,797.0,36612
2007-06-25,804.25,35116
2007-06-26,807.0,24627
2007-06-27,803.5,18765
2007-06-28,809.75,13905
2007-06-29,850.0,21359
2007-07-02,865.0,7505
2007-07-03,850.5,7599
2007-07-05,854.5,4616
2007-07-06,864.75,6515
2007-07-09,870.0,4894
2007-07-10,889.0,6866
2007-07-11,891.0,2397
2007-07-12,910.0,1937
2007-07-13,913.0,4515
2007-07-16,871.75,7328
2007-07-17,833.75,11488
2007-07-18,851.25,12160
2007-07-19,856.0,8815
2007-07-20,850.25,6366
2007-07-23,816.25,9393
2007-07-24,820.25,5834
2007-07-25,815.0,10419
2007-07-26,821.5,7350
2007-07-27,815.5,12556
2007-07-30,822.75,19018
2007-07-31,834.0,11921
2007-08-01,825.75,10742
2007-08-02,831.0,5663
2007-08-03,839.0,4781
2007-08-06,826.0,4769
2007-08-07,838.5,3131
2007-08-08,855.0,2397
2007-08-09,858.0,1178
2007-08-10,850.0,431
2007-08-13,861.0,754
2007-08-14,850.0,4519
2007-08-15,839.0,2908
2007-08-16,799.25,11916
2007-08-17,811.5,3740
2007-08-20,811.75,3592
2007-08-21,815.75,5469
2007-08-22,831.25,3956
2007-08-23,842.0,3240
2007-08-24,849.0,5207
2007-08-27,856.5,5601
2007-08-28,855.25,6675
2007-08-29,858.5,8908
2007-08-30,870.5,10348
2007-08-31,868.0,9569
2007-09-04,892.5,6867
2007-09-05,889.0,6756
2007-09-06,878.0,4832
2007-09-07,891.0,3549
2007-09-10,903.5,3285
2007-09-11,905.0,1528
2007-09-12,925.0,867
2007-09-13,928.0,140
2007-09-14,941.0,62994
2007-09-17,968.5,69023
2007-09-18,969.5,58259
2007-09-19,971.0,68679
2007-09-20,988.5,60826
2007-09-21,979.0,56710
2007-09-24,978.75,53599
2007-09-25,973.0,47776
2007-09-26,990.75,56635
2007-09-27,1009.0,74294
2007-09-28,991.25,68533
2007-10-01,991.5,46571
2007-10-02,943.75,110060
2007-10-03,951.0,83925
2007-10-04,954.25,52308
2007-10-05,940.5,82416
2007-10-08,925.5,78555
2007-10-09,950.25,81044
2007-10-10,968.25,74671
2007-10-11,981.5,72104
2007-10-12,976.75,89802
2007-10-15,987.0,58495
2007-10-16,977.5,44789
2007-10-17,974.25,59329
2007-10-18,991.5,56957
2007-10-19,983.25,46119
2007-10-22,976.5,60882
2007-10-23,981.75,53611
2007-10-24,976.25,44272
2007-10-25,994.75,40997
2007-10-26,995.5,36555
2007-10-29,1011.0,45139
2007-10-30,992.0,42021
2007-10-31,1010.0,34617
2007-11-01,990.75,28124
2007-11-02,1001.75,12854
2007-11-05,1005.75,7327
2007-11-06,1029.5,9222
2007-11-07,1023.75,5448
2007-11-08,1028.0,2643
2007-11-09,1043.0,1339
2007-11-12,1032.75,1345
2007-11-13,1044.25,1907
2007-11-14,1066.0,60548
2007-11-15,1078.75,63782
2007-11-16,1077.75,56233
2007-11-19,1070.5,52959
2007-11-20,1087.0,56462
2007-11-21,1084.0,36783
2007-11-23,1100.25,40952
2007-11-26,1103.75,66312
2007-11-27,1091.0,54722
2007-11-28,1096.75,67584
2007-11-29,1098.0,49438
2007-11-30,1080.0,60587
2007-12-03,1078.75,60519
2007-12-04,1091.5,56885
2007-12-05,1099.5,62879
2007-12-06,1098.75,58774
2007-12-07,1119.75,79978
2007-12-10,1125.75,60568
2007-12-11,1135.5,69557
2007-12-12,1151.5,81717
2007-12-13,1146.0,91915
2007-12-14,1157.0,62751
2007-12-17,1156.75,58215
2007-12-18,1149.75,57731
2007-12-19,1159.0,43542
2007-12-20,1160.75,51346
2007-12-21,1177.5,44443
2007-12-24,1181.0,11239
2007-12-26,1220.75,21845
2007-12-27,1212.5,25829
2007-12-28,1207.75,26725
2007-12-31,1199.0,20777
2008-01-02,1232.5,18605
2008-01-03,1251.5,13656
2008-01-04,1249.0,9660
2008-01-07,1236.0,7416
2008-01-08,1256.5,5332
2008-01-09,1249.0,4381
2008-01-10,1244.0,1443
2008-01-11,1286.0,1443
2008-01-14,1297.0,64728
2008-01-15,1301.5,64728
2008-01-16,1277.0,64728
2008-01-17,1271.0,64728
2008-01-18,1263.0,116003
2008-01-22,1239.5,112662
2008-01-23,1189.5,112775
2008-01-24,1230.5,91695
2008-01-25,1243.0,81500
2008-01-28,1253.75,74489
2008-01-29,1266.75,76170
2008-01-30,1275.75,70797
2008-01-31,1274.5,76552
2008-02-01,1287.25,78537
2008-02-04,1326.0,97045
2008-02-05,1323.0,89741
2008-02-06,1318.5,154753
2008-02-07,1331.5,121024
2008-02-08,1339.0,139129
2008-02-11,1326.0,86426
2008-02-12,1321.0,100100
2008-02-13,1328.5,82917
2008-02-14,1368.0,73105
2008-02-15,1373.75,77428
2008-02-19,1398.5,83917
2008-02-20,1397.75,54992
2008-02-21,1405.75,57242
2008-02-22,1420.0,38324
2008-02-25,1452.0,46375
2008-02-26,1466.75,37241
2008-02-27,1459.0,34980
2008-02-28,1498.5,52353
2008-02-29,1522.0,29781
2008-03-03,1544.5,19470
2008-03-04,1494.0,18623
2008-03-05,1490.5,10057
2008-03-06,1443.0,7030
2008-03-07,1341.0,6011
2008-03-10,1388.0,6898
2008-03-11,1392.5,2313
2008-03-12,1379.0,1408
2008-03-13,1387.0,771
2008-03-14,1340.0,66845
2008-03-17,1302.75,31918
2008-03-18,1307.0,118504
2008-03-19,1257.0,47701
2008-03-20,1207.0,75337
2008-03-24,1257.0,69857
2008-03-25,1307.0,33580
2008-03-26,1352.0,99729
2008-03-27,1327.25,64318
2008-03-28,1267.25,66487
2008-03-31,1197.25,48201
2008-04-01,1211.0,152342
2008-04-02,1243.0,100041
2008-04-03,1257.0,74229
2008-04-04,1277.0,58681
2008-04-07,1255.0,84574
2008-04-08,1251.5,90172
2008-04-09,1313.0,105418
2008-04-10,1356.0,130343
2008-04-11,1332.5,88492
2008-04-14,1372.5,89560
2008-04-15,1380.0,69358
2008-04-16,1344.75,85170
2008-04-17,1350.5,45881
2008-04-18,1361.5,32390
2008-04-21,1315.5,41279
2008-04-22,1374.75,39079
2008-04-23,1372.0,43312
2008-04-24,1348.75,46727
2008-04-25,1325.75,33311
2008-04-28,1283.5,52005
2008-04-29,1279.5,31248
2008-04-30,1301.75,19869
2008-05-01,1258.75,9688
2008-05-02,1292.5,6619
2008-05-05,1273.0,8743
2008-05-06,1264.5,3864
2008-05-07,1297.25,1488
2008-05-08,1298.25,1195
2008-05-09,1349.5,1656
2008-05-12,1335.0,1397
2008-05-13,1374.5,902
2008-05-14,1371.0,54758
2008-05-15,1347.5,85114
2008-05-16,1378.0,72717
2008-05-19,1333.0,65873
2008-05-20,1331.5,60112
2008-05-21,1349.0,67742
2008-05-22,1324.75,79457
2008-05-23,1368.0,70520
2008-05-27,1347.75,66697
2008-05-28,1372.75,77931
2008-05-29,1322.75,105441
2008-05-30,1363.5,85600
2008-06-02,1365.5,71215
2008-06-03,1359.5,83711
2008-06-04,1389.0,76842
2008-06-05,1452.0,140793
2008-06-06,1457.5,111277
2008-06-09,1452.0,114141
2008-06-10,1446.5,108036
2008-06-11,1516.5,91301
2008-06-12,1536.5,122786
2008-06-13,1560.0,106149
2008-06-16,1534.0,106190
2008-06-17,1558.0,75162
2008-06-18,1556.0,58585
2008-06-19,1545.5,71557
2008-06-20,1532.5,69225
2008-06-23,1515.0,66704
2008-06-24,1501.0,54943
2008-06-25,1537.5,51262
2008-06-26,1574.25,55879
2008-06-27,1581.5,42290
2008-06-30,1605.0,19851
2008-07-01,1628.0,12668
2008-07-02,1645.75,9580
2008-07-03,1658.0,4965
2008-07-07,1589.0,8804
2008-07-08,1561.0,3781
2008-07-09,1578.0,2667
2008-07-10,1609.5,2294
2008-07-11,1630.5,1921
2008-07-14,1595.0,24419
2008-07-15,1542.0,46917
2008-07-16,1573.0,29725
2008-07-17,1521.0,39209
2008-07-18,1470.0,30577
2008-07-21,1409.5,54051
2008-07-22,1416.75,32107
2008-07-23,1394.25,25005
2008-07-24,1385.0,23783
2008-07-25,1398.75,25016
2008-07-28,1400.25,32184
2008-07-29,1384.25,35185
2008-07-30,1394.0,29361
2008-07-31,1395.75,10494
2008-08-01,1357.75,5135
2008-08-04,1287.0,5672
2008-08-05,1262.5,3594
2008-08-06,1220.5,2182
2008-08-07,1243.0,1467
2008-08-08,1199.0,1715
2008-08-11,1215.0,787
2008-08-12,1220.0,445
2008-08-13,1270.0,528
2008-08-14,1245.5,11308
2008-08-15,1211.5,7163
2008-08-18,1279.0,9698
2008-08-19,1267.0,9677
2008-08-20,1293.75,11780
2008-08-21,1341.0,10202
2008-08-22,1321.0,8919
2008-08-25,1339.25,12715
2008-08-26,1337.5,9004
2008-08-27,1348.0,16168
2008-08-28,1332.5,12906
2008-08-29,1332.0,4358
2008-09-02,1301.5,2261
2008-09-03,1251.0,3270
2008-09-04,1234.0,1641
2008-09-05,1180.0,791
2008-09-08,1194.5,725
2008-09-09,1209.0,628
2008-09-10,1181.5,1137
2008-09-11,1216.0,1503
2008-09-12,1490.0,107486
2008-09-15,1179.0,105662
2008-09-16,1124.0,124148
2008-09-17,1139.0,122597
2008-09-18,1116.0,105469
2008-09-19,1143.5,77277
2008-09-22,1205.0,103410
2008-09-23,1187.0,90004
2008-09-24,1187.0,76199
2008-09-25,1183.0,81560
2008-09-26,1164.0,67982
2008-09-29,1094.0,63271
2008-09-30,1045.0,121727
2008-10-01,1053.0,94769
2008-10-02,1004.0,113619
2008-10-03,992.0,96340
2008-10-06,922.0,89745
2008-10-07,926.0,116320
2008-10-08,964.0,124068
2008-10-09,980.0,95188
2008-10-10,910.0,48654
2008-10-13,928.0,103546
2008-10-14,896.0,101989
2008-10-15,858.0,108313
2008-10-16,867.0,113002
2008-10-17,894.0,99557
2008-10-20,929.0,101124
2008-10-21,908.0,115614
2008-10-22,859.0,88133
2008-10-23,884.5,87246
2008-10-24,863.75,97707
2008-10-27,893.0,87817
2008-10-28,878.75,125693
2008-10-29,937.25,78876
2008-10-30,934.0,49760
2008-10-31,925.25,25726
2008-11-03,928.25,21905
2008-11-04,949.5,16594
2008-11-05,894.75,11006
2008-11-06,899.5,11435
2008-11-07,911.75,7211
2008-11-10,940.0,6433
2008-11-11,908.0,3964
2008-11-12,885.25,2702
2008-11-13,887.0,2542
2008-11-14,878.0,48947
2008-11-17,906.5,72159
2008-11-18,902.0,61865
2008-11-19,897.0,66840
2008-11-20,856.0,96332
2008-11-21,840.0,72244
2008-11-24,884.0,76786
2008-11-25,883.0,65724
2008-11-26,886.0,49039
2008-11-28,883.0,26902
2008-12-01,846.0,61169
2008-12-02,827.0,86324
2008-12-03,830.0,80595
2008-12-04,811.0,82285
2008-12-05,783.5,101361
2008-12-08,820.5,84414
2008-12-09,813.0,84377
2008-12-10,829.5,87263
2008-12-11,856.5,90418
2008-12-12,854.0,96273
2008-12-15,846.0,81488
2008-12-16,858.5,68580
2008-12-17,864.0,90610
2008-12-18,869.5,44099
2008-12-19,868.25,35405
2008-12-22,886.5,47926
2008-12-23,901.0,42302
2008-12-24,915.75,19894
2008-12-26,951.75,21277
2008-12-29,938.5,42329
2008-12-30,945.75,35206
2008-12-31,972.25,16411
2009-01-02,970.0,14287
2009-01-05,983.75,14204
2009-01-06,1014.25,11088
2009-01-07,990.0,5703
2009-01-08,989.0,5374
2009-01-09,1037.5,1996
2009-01-12,954.0,1750
2009-01-13,969.5,1238
2009-01-14,978.0,88530
2009-01-15,994.5,132543
2009-01-16,1020.0,85832
2009-01-20,992.0,101814
2009-01-21,1020.5,82806
2009-01-22,1012.0,91246
2009-01-23,1009.0,118140
2009-01-26,1009.0,96777
2009-01-27,976.0,81612
2009-01-28,982.5,72551
2009-01-29,970.5,56906
2009-01-30,980.0,56906
2009-02-02,959.5,78746
2009-02-03,946.0,91186
2009-02-04,949.5,92254
2009-02-05,980.0,80863
2009-02-06,1001.0,96649
2009-02-09,1002.0,82869
2009-02-10,994.0,84859
2009-02-11,978.0,86828
2009-02-12,968.5,81827
2009-02-13,955.5,66630
2009-02-17,903.0,92798
2009-02-18,887.5,90027
2009-02-19,884.5,79621
2009-02-20,862.5,87839
2009-02-23,872.75,73765
2009-02-24,881.0,39757
2009-02-25,878.0,41558
2009-02-26,869.25,36884
2009-02-27,874.5,12578
2009-03-02,848.5,5946
2009-03-03,863.0,5498
2009-03-04,875.5,3110
2009-03-05,862.5,2415
2009-03-06,879.0,1771
2009-03-09,881.0,826
2009-03-10,889.0,714
2009-03-11,875.0,435
2009-03-12,899.0,608
2009-03-13,882.5,64528
2009-03-16,911.0,95910
2009-03-17,913.0,74041
2009-03-18,915.0,53267
2009-03-19,940.5,91583
2009-03-20,952.0,69007
2009-03-23,955.5,76475
2009-03-24,967.0,69182
2009-03-25,951.0,86827
2009-03-26,944.0,66467
2009-03-27,917.0,79941
2009-03-30,904.5,70956
2009-03-31,952.0,103109
2009-04-01,952.0,65782
2009-04-02,977.0,91786
2009-04-03,995.5,70332
2009-04-06,994.0,83140
2009-04-07,989.5,97974
2009-04-08,1006.0,102116
2009-04-09,1007.0,97818
2009-04-13,1021.5,71496
2009-04-14,1036.0,109675
2009-04-15,1035.0,85474
2009-04-16,1058.5,100640
2009-04-17,1051.0,111188
2009-04-20,1018.5,72949
2009-04-21,1038.0,71968
2009-04-22,1046.0,40032
2009-04-23,1037.75,43145
2009-04-24,1040.25,27118
2009-04-27,1004.75,38496
2009-04-28,989.5,33780
2009-04-29,1034.0,34156
2009-04-30,1070.0,23117
2009-05-01,1102.0,5244
2009-05-04,1115.25,3327
2009-05-05,1116.0,2635
2009-05-06,1135.0,2105
2009-05-07,1119.0,1813
2009-05-08,1134.0,2010
2009-05-11,1130.0,2010
2009-05-12,1137.5,793
2009-05-13,1150.0,651
2009-05-14,1166.0,92517
2009-05-15,1130.5,80095
2009-05-18,1146.5,70539
2009-05-19,1162.0,84935
2009-05-20,1169.0,101894
2009-05-21,1175.0,77541
2009-05-22,1166.0,67138
2009-05-26,1185.5,83020
2009-05-27,1187.0,94011
2009-05-28,1179.0,77914
2009-05-29,1184.0,72105
2009-06-01,1218.5,97966
2009-06-02,1209.0,71037
2009-06-03,1182.0,84924
2009-06-04,1230.0,92737
2009-06-05,1225.5,83368
2009-06-08,1232.5,87744
2009-06-09,1243.5,90915
2009-06-10,1246.0,99293
2009-06-11,1267.0,114543
2009-06-12,1245.5,82868
2009-06-15,1197.0,78277
2009-06-16,1201.25,71112
2009-06-17,1206.25,72146
2009-06-18,1213.75,57248
2009-06-19,1179.0,67108
2009-06-22,1151.5,65480
2009-06-23,1179.0,41210
2009-06-24,1185.0,42577
2009-06-25,1196.0,49306
2009-06-26,1201.0,49303
2009-06-29,1215.0,46951
2009-06-30,1226.25,20912
2009-07-01,1258.5,10156
2009-07-02,1243.0,4076
2009-07-06,1200.0,2378
2009-07-07,1133.5,4203
2009-07-08,1084.0,2531
2009-07-09,1110.5,1149
2009-07-10,1128.25,1298
2009-07-13,1091.5,820
2009-07-14,1074.0,24695
2009-07-15,1020.5,28439
2009-07-16,976.0,38113
2009-07-17,1009.5,20114
2009-07-20,1033.0,16789
2009-07-21,1014.5,23005
2009-07-22,1018.5,13178
2009-07-23,1023.5,17871
2009-07-24,1021.0,16157
2009-07-27,1021.25,16762
2009-07-28,1054.5,21474
2009-07-29,1057.5,21681
2009-07-30,1128.25,23737
2009-07-31,1134.0,9086
2009-08-03,1173.5,5204
2009-08-04,1165.0,3027
2009-08-05,1175.0,2034
2009-08-06,1170.5,1148
2009-08-07,1184.5,906
2009-08-10,1170.5,1851
2009-08-11,1216.5,2522
2009-08-12,1216.0,1662
2009-08-13,1187.25,1774
2009-08-14,1100.0,15172
2009-08-17,988.0,12975
2009-08-18,995.5,7889
2009-08-19,997.0,9522
2009-08-20,999.25,10277
2009-08-21,1023.0,12429
2009-08-24,1080.0,12724
2009-08-25,1091.0,13501
2009-08-26,1090.5,6318
2009-08-27,1114.25,7601
2009-08-28,1135.75,7643
2009-08-31,1100.0,1845
2009-09-01,1014.0,1860
2009-09-02,1009.25,698
2009-09-03,982.0,930
2009-09-04,961.0,437
2009-09-08,969.0,303
2009-09-09,961.5,366
2009-09-10,973.5,249
2009-09-11,984.5,544
2009-09-14,925.0,74347
2009-09-15,960.0,136096
2009-09-16,950.5,92225
2009-09-17,953.0,77117
2009-09-18,941.0,58331
2009-09-21,913.5,71900
2009-09-22,922.0,76722
2009-09-23,920.5,63072
2009-09-24,919.5,67080
2009-09-25,926.0,51459
2009-09-28,919.5,50387
2009-09-29,917.0,64290
2009-09-30,927.0,81552
2009-10-01,918.0,76084
2009-10-02,885.0,105374
2009-10-05,885.0,88871
2009-10-06,910.0,105629
2009-10-07,912.0,87410
2009-10-08,936.0,125584
2009-10-09,964.0,132235
2009-10-12,999.0,123947
2009-10-13,993.0,126476
2009-10-14,994.0,96997
2009-10-15,983.0,111756
2009-10-16,977.5,72628
2009-10-19,996.25,78976
2009-10-20,982.5,97505
2009-10-21,1008.5,131148
2009-10-22,1005.5,100527
2009-10-23,1006.0,108072
2009-10-26,986.5,106461
2009-10-27,973.5,108434
2009-10-28,968.5,82106
2009-10-29,985.5,83811
2009-10-30,978.0,47836
2009-11-02,997.5,24869
2009-11-03,1006.75,29920
2009-11-04,995.5,20073
2009-11-05,967.0,12263
2009-11-06,948.0,9260
2009-11-09,964.25,9342
2009-11-10,961.5,5749
2009-11-11,963.75,4780
2009-11-12,982.25,1980
2009-11-13,984.0,80992
2009-11-16,1010.0,76950
2009-11-17,1029.5,84389
2009-11-18,1027.0,99039
2009-11-19,1039.0,89096
2009-11-20,1046.0,76373
2009-11-23,1042.0,93858
2009-11-24,1046.0,76488
2009-11-25,1054.5,84039
2009-11-27,1053.0,52777
2009-11-30,1060.5,93909
2009-12-01,1059.5,88019
2009-12-02,1034.0,97073
2009-12-03,1047.0,83955
2009-12-04,1043.0,75753
2009-12-07,1053.0,91295
2009-12-08,1044.0,95941
2009-12-09,1028.5,120468
2009-12-10,1027.0,88961
2009-12-11,1035.0,96194
2009-12-14,1055.0,102437
2009-12-15,1055.0,89296
2009-12-16,1059.5,73656
2009-12-17,1022.0,107849
2009-12-18,1012.0,77888
2009-12-21,1001.0,60443
2009-12-22,991.0,81698
2009-12-23,1001.25,40103
2009-12-24,999.5,29932
2009-12-28,1029.0,48111
2009-12-29,1038.0,47325
2009-12-30,1036.25,42686
2009-12-31,1039.75,29084
2010-01-04,1049.5,25947
2010-01-05,1052.25,21073
2010-01-06,1050.5,17567
2010-01-07,1017.75,11750
2010-01-08,1013.0,11750
2010-01-11,1001.75,11750
2010-01-12,969.5,11750
2010-01-13,983.5,1939
2010-01-14,968.5,80001
2010-01-15,974.0,76864
2010-01-19,963.5,77967
2010-01-20,950.0,91082
2010-01-21,954.0,63882
2010-01-22,951.5,54161
2010-01-25,940.5,72563
2010-01-26,947.5,81769
2010-01-27,929.0,73154
2010-01-28,931.75,82360
2010-01-29,914.0,85062
2010-02-01,909.75,84217
2010-02-02,925.5,91665
2010-02-03,908.0,81861
2010-02-04,914.0,92907
2010-02-05,913.5,104735
2010-02-08,929.5,95026
2010-02-09,924.5,120623
2010-02-10,937.5,116039
2010-02-11,943.0,108012
2010-02-12,945.0,80635
2010-02-16,965.5,82989
2010-02-17,951.5,71599
2010-02-18,948.0,60035
2010-02-19,945.0,50516
2010-02-22,961.5,78385
2010-02-23,952.5,90583
2010-02-24,955.5,62137
2010-02-25,941.5,37834
2010-02-26,951.0,22885
2010-03-01,952.5,12750
2010-03-02,954.25,9441
2010-03-03,954.5,8676
2010-03-04,932.5,6843
2010-03-05,934.75,3818
2010-03-08,940.5,1461
2010-03-09,941.5,865
2010-03-10,952.0,572
2010-03-11,925.5,409
2010-03-12,926.0,66451
2010-03-15,930.0,55498
2010-03-16,945.0,71579
2010-03-17,959.0,69677
2010-03-18,959.5,64849
2010-03-19,961.75,45955
2010-03-22,968.5,67630
2010-03-23,968.0,62583
2010-03-24,960.0,60563
2010-03-25,942.5,79415
2010-03-26,952.0,62101
2010-03-29,967.5,96574
2010-03-30,974.0,76370
2010-03-31,941.0,131018
2010-04-01,942.0,30
2010-04-05,936.0,47924
2010-04-06,944.5,53024
2010-04-07,952.5,74371
2010-04-08,946.5,64665
2010-04-09,952.25,89029
2010-04-12,960.0,107406
2010-04-13,968.0,123181
2010-04-14,969.0,92109
2010-04-15,984.0,91261
2010-04-16,985.25,67874
2010-04-19,976.75,52032
2010-04-20,984.0,39834
2010-04-21,995.5,48564
2010-04-22,1004.25,34834
2010-04-23,1000.0,32219
2010-04-26,998.75,42125
2010-04-27,982.75,37245
2010-04-28,982.75,43069
2010-04-29,985.75,35022
2010-04-30,989.5,13964
2010-05-03,975.75,15217
2010-05-04,977.0,11422
2010-05-05,968.25,9530
2010-05-06,945.5,7481
2010-05-07,951.25,3834
2010-05-10,952.75,2194
2010-05-11,958.25,1532
2010-05-12,959.5,1034
2010-05-13,960.5,839
2010-05-14,948.0,59375
2010-05-17,941.0,62149
2010-05-18,939.5,59875
2010-05-19,938.5,77434
2010-05-20,944.0,80994
2010-05-21,941.0,64210
2010-05-24,940.5,60987
2010-05-25,930.5,59077
2010-05-26,938.0,51696
2010-05-27,951.75,65148
2010-05-28,937.75,68360
2010-06-01,932.0,57229
2010-06-02,932.5,47760
2010-06-03,955.0,87817
2010-06-04,935.0,78812
2010-06-07,935.0,71789
2010-06-08,931.0,77801
2010-06-09,943.5,108439
2010-06-10,935.0,93353
2010-06-11,946.25,65189
2010-06-14,951.5,69139
2010-06-15,949.5,58688
2010-06-16,957.75,47071
2010-06-17,952.0,53904
2010-06-18,961.0,48574
2010-06-21,963.25,48323
2010-06-22,965.5,37116
2010-06-23,958.0,44664
2010-06-24,955.5,36751
2010-06-25,957.0,33554
2010-06-28,955.0,48179
2010-06-29,947.25,36315
2010-06-30,948.5,12654
2010-07-01,953.5,7003
2010-07-02,962.75,5497
2010-07-06,964.25,2499
2010-07-07,993.0,4037
2010-07-08,1012.5,2660
2010-07-09,1025.5,2387
2010-07-12,1031.75,1476
2010-07-13,1030.5,1519
2010-07-14,1036.0,29398
2010-07-15,1019.0,36600
2010-07-16,1019.5,22257
2010-07-19,1008.0,26417
2010-07-20,1011.75,20147
2010-07-21,1015.25,19617
2010-07-22,1016.0,24284
2010-07-23,1017.0,16530
2010-07-26,998.25,23565
2010-07-27,998.0,24867
2010-07-28,1010.5,26787
2010-07-29,1026.75,24245
2010-07-30,1052.5,10588
2010-08-02,1053.25,4855
2010-08-03,1053.5,3978
2010-08-04,1053.0,2210
2010-08-05,1055.0,1490
2010-08-06,1059.0,754
2010-08-09,1048.5,1337
2010-08-10,1036.25,1669
2010-08-11,1044.5,794
2010-08-12,1057.0,604
2010-08-13,1052.0,6509
2010-08-16,1034.0,5877
2010-08-17,1045.25,8048
2010-08-18,1035.25,7520
2010-08-19,1016.75,9681
2010-08-20,1009.25,4686
2010-08-23,1007.0,7370
2010-08-24,999.5,8683
2010-08-25,1000.0,8004
2010-08-26,1013.0,13174
2010-08-27,1022.0,12416
2010-08-30,1018.0,7947
2010-08-31,1008.0,4596
2010-09-01,1004.5,1029
2010-09-02,1007.5,611
2010-09-03,1029.75,798
2010-09-07,1043.75,823
2010-09-08,1041.25,412
2010-09-09,1037.75,354
2010-09-10,1023.5,396
2010-09-13,1025.25,699
2010-09-14,1025.0,70449
2010-09-15,1042.5,57340
2010-09-16,1036.25,53363
2010-09-17,1069.0,108643
2010-09-20,1084.5,110019
2010-09-21,1080.0,81117
2010-09-22,1088.5,68667
2010-09-23,1093.5,77455
2010-09-24,1126.0,114040
2010-09-27,1128.5,99884
2010-09-28,1110.0,81866
2010-09-29,1099.0,104151
2010-09-30,1106.75,105038
2010-10-01,1057.0,157685
2010-10-04,1054.0,114014
2010-10-05,1071.75,96028
2010-10-06,1062.0,68872
2010-10-07,1065.0,106692
2010-10-08,1135.0,51463
2010-10-11,1152.5,205354
2010-10-12,1178.5,140947
2010-10-13,1176.5,153311
2010-10-14,1188.5,115964
2010-10-15,1185.0,98889
2010-10-18,1184.0,109140
2010-10-19,1180.0,122594
2010-10-20,1212.0,129209
2010-10-21,1201.5,118179
2010-10-22,1199.5,109086
2010-10-25,1217.75,123174
2010-10-26,1219.0,97376
2010-10-27,1223.75,98133
2010-10-28,1225.0,87273
2010-10-29,1226.0,33951
2010-11-01,1225.25,18885
2010-11-02,1223.75,14956
2010-11-03,1227.5,7493
2010-11-04,1264.75,6964
2010-11-05,1273.5,6964
2010-11-08,1264.5,3870
2010-11-09,1319.25,5980
2010-11-10,1309.5,4055
2010-11-11,1330.25,1540
2010-11-12,1263.0,158446
2010-11-15,1286.5,122807
2010-11-16,1219.75,154393
2010-11-17,1205.0,130907
2010-11-18,1242.0,92815
2010-11-19,1201.5,109606
2010-11-22,1221.5,90552
2010-11-23,1239.0,109152
2010-11-24,1255.0,73060
2010-11-26,1238.5,45484
2010-11-29,1235.0,79168
2010-11-30,1243.0,70192
2010-12-01,1283.0,100564
2010-12-02,1279.75,87542
2010-12-03,1300.25,113968
2010-12-06,1288.5,107989
2010-12-07,1285.5,121753
2010-12-08,1296.0,112131
2010-12-09,1281.5,78572
2010-12-10,1273.0,102141
2010-12-13,1302.5,106042
2010-12-14,1296.0,91214
2010-12-15,1296.5,132344
2010-12-16,1289.0,96341
2010-12-17,1298.75,83684
2010-12-20,1315.25,88360
2010-12-21,1326.25,84123
2010-12-22,1328.75,69733
2010-12-23,1349.5,65471
2010-12-27,1373.0,45949
2010-12-28,1375.75,52754
2010-12-29,1366.0,50413
2010-12-30,1366.0,24732
2010-12-31,1393.75,11684
2011-01-03,1370.25,9249
2011-01-04,1361.0,5881
2011-01-05,1386.0,9691
2011-01-06,1369.5,3582
2011-01-07,1357.75,3304
2011-01-10,1373.25,3394
2011-01-11,1350.5,2216
2011-01-12,1409.0,1271
2011-01-13,1410.0,1558
2011-01-14,1406.5,76245
2011-01-18,1413.25,93778
2011-01-19,1411.5,122583
2011-01-20,1414.25,111340
2011-01-21,1412.25,111994
2011-01-24,1404.5,87474
2011-01-25,1374.5,122405
2011-01-26,1385.5,83339
2011-01-27,1399.5,83207
2011-01-28,1398.0,135660
2011-01-31,1413.0,80125
2011-02-01,1438.0,119431
2011-02-02,1444.0,82257
2011-02-03,1435.5,85852
2011-02-04,1433.5,78364
2011-02-07,1424.5,89659
2011-02-08,1434.25,110561
2011-02-09,1451.0,120796
2011-02-10,1433.0,112316
2011-02-11,1416.0,137725
2011-02-14,1402.75,119509
2011-02-15,1368.0,144806
2011-02-16,1366.0,121591
2011-02-17,1404.5,130312
2011-02-18,1368.0,119679
2011-02-22,1298.0,135942
2011-02-23,1320.0,87718
2011-02-24,1318.25,55507
2011-02-25,1365.5,47405
2011-02-28,1357.25,21470
2011-03-01,1367.5,9490
2011-03-02,1387.25,6864
2011-03-03,1405.5,3646
2011-03-04,1407.75,5382
2011-03-07,1387.75,3289
2011-03-08,1375.5,3098
2011-03-09,1344.0,2627
2011-03-10,1348.75,1300
2011-03-11,1326.5,544
2011-03-14,1329.0,72096
2011-03-15,1270.0,160944
2011-03-16,1287.0,115627
2011-03-17,1335.25,105300
2011-03-18,1362.5,124866
2011-03-21,1363.0,89426
2011-03-22,1365.5,63138
2011-03-23,1351.25,62385
2011-03-24,1354.5,88608
2011-03-25,1358.25,72510
2011-03-28,1348.5,61244
2011-03-29,1361.5,80620
2011-03-30,1372.0,74995
2011-03-31,1410.25,108576
2011-04-01,1393.75,113003
2011-04-04,1384.0,93610
2011-04-05,1373.25,86278
2011-04-06,1376.5,88358
2011-04-07,1363.5,111295
2011-04-08,1392.25,111015
2011-04-11,1368.5,114512
2011-04-12,1329.75,140396
2011-04-13,1333.5,96885
2011-04-14,1331.0,79709
2011-04-15,1331.75,73463
2011-04-18,1344.25,83080
2011-04-19,1342.0,74374
2011-04-20,1357.75,71712
2011-04-21,1380.5,73226
2011-04-25,1389.5,63654
2011-04-26,1382.75,59906
2011-04-27,1378.0,53492
2011-04-28,1350.25,54743
2011-04-29,1392.75,19328
2011-05-02,1390.25,5234
2011-05-03,1359.25,5704
2011-05-04,1350.5,2087
2011-05-05,1319.75,1792
2011-05-06,1325.0,2705
2011-05-09,1335.0,1158
2011-05-10,1340.0,820
2011-05-11,1333.5,572
2011-05-12,1345.25,482
2011-05-13,1337.0,84353
2011-05-16,1326.5,68277
2011-05-17,1341.0,103046
2011-05-18,1379.5,118262
2011-05-19,1379.5,80605
2011-05-20,1380.25,85706
2011-05-23,1373.75,75480
2011-05-24,1372.25,81161
2011-05-25,1377.0,68753
2011-05-26,1384.75,91456
2011-05-27,1379.75,66398
2011-05-31,1376.0,86334
2011-06-01,1386.25,81193
2011-06-02,1407.0,108926
2011-06-03,1414.5,79159
2011-06-06,1383.25,99425
2011-06-07,1394.0,108072
2011-06-08,1401.5,115628
2011-06-09,1393.75,111737
2011-06-10,1387.25,97627
2011-06-13,1382.75,77738
2011-06-14,1368.0,101593
2011-06-15,1368.0,94166
2011-06-16,1350.5,85809
2011-06-17,1333.0,84043
2011-06-20,1335.75,57969
2011-06-21,1348.75,51448
2011-06-22,1330.25,78446
2011-06-23,1317.75,68283
2011-06-24,1320.25,79696
2011-06-27,1329.75,69586
2011-06-28,1330.75,48313
2011-06-29,1334.25,41246
2011-06-30,1306.25,13495
2011-07-01,1322.25,7597
2011-07-05,1332.25,2786
2011-07-06,1331.0,4996
2011-07-07,1345.5,3849
2011-07-08,1352.0,1520
2011-07-11,1352.5,2098
2011-07-12,1366.5,3121
2011-07-13,1387.0,442
2011-07-14,1390.5,18414
2011-07-15,1385.75,20379
2011-07-18,1385.5,15691
2011-07-19,1379.25,24180
2011-07-20,1378.25,22501
2011-07-21,1380.25,25611
2011-07-22,1380.25,25749
2011-07-25,1365.5,27768
2011-07-26,1383.0,31675
2011-07-27,1375.75,29578
2011-07-28,1367.75,29584
2011-07-29,1354.25,9231
2011-08-01,1358.75,3678
2011-08-02,1373.0,3645
2011-08-03,1364.0,2388
2011-08-04,1339.25,2220
2011-08-05,1331.5,1774
2011-08-08,1309.25,1289
2011-08-09,1298.75,666
2011-08-10,1300.75,1007
2011-08-11,1333.75,461
2011-08-12,1337.0,9498
2011-08-15,1343.5,8755
2011-08-16,1340.0,13434
2011-08-17,1356.75,15012
2011-08-18,1352.0,8710
2011-08-19,1359.75,10231
2011-08-22,1376.5,13587
2011-08-23,1389.5,15840
2011-08-24,1386.5,19556
2011-08-25,1386.0,14482
2011-08-26,1414.75,21689
2011-08-29,1438.0,14810
2011-08-30,1448.75,15584
2011-08-31,1449.0,7120
2011-09-01,1424.75,10055
2011-09-02,1436.0,6235
2011-09-06,1413.5,4749
2011-09-07,1411.0,3657
2011-09-08,1407.25,2545
2011-09-09,1416.5,1878
2011-09-12,1387.5,1431
2011-09-13,1381.25,932
2011-09-14,1374.0,90183
2011-09-15,1358.75,139562
2011-09-16,1355.5,101023
2011-09-19,1336.0,119166
2011-09-20,1338.0,93484
2011-09-21,1320.5,120377
2011-09-22,1283.0,161224
2011-09-23,1258.0,146461
2011-09-26,1259.75,141110
2011-09-27,1263.0,112498
2011-09-28,1223.5,153818
2011-09-29,1230.0,137133
2011-09-30,1179.0,192883
2011-10-03,1177.5,141449
2011-10-04,1160.0,160218
2011-10-05,1163.75,126647
2011-10-06,1163.75,113464
2011-10-07,1158.25,118950
2011-10-10,1177.5,148259
2011-10-11,1235.5,243131
2011-10-12,1239.5,189238
2011-10-13,1257.0,180233
2011-10-14,1270.0,154116
2011-10-17,1253.0,111271
2011-10-18,1250.75,147779
2011-10-19,1225.0,141052
2011-10-20,1225.0,145646
2011-10-21,1212.25,172929
2011-10-24,1226.75,99778
2011-10-25,1225.5,103812
2011-10-26,1210.5,93403
2011-10-27,1235.0,96804
2011-10-28,1217.0,69013
2011-10-31,1207.5,30111
2011-11-01,1192.25,21307
2011-11-02,1193.5,11622
2011-11-03,1219.25,6563
2011-11-04,1212.5,3636
2011-11-07,1192.25,7114
2011-11-08,1195.25,5536
2011-11-09,1175.75,3910
2011-11-10,1158.0,2435
2011-11-11,1166.0,1387
2011-11-14,1172.0,67925
2011-11-15,1200.25,112669
2011-11-16,1187.75,85911
2011-11-17,1168.25,99484
2011-11-18,1168.25,81760
2011-11-21,1148.0,84219
2011-11-22,1153.0,96590
2011-11-23,1122.5,109881
2011-11-25,1106.5,70938
2011-11-28,1121.0,85002
2011-11-29,1125.0,95258
2011-11-30,1131.25,114768
2011-12-01,1128.0,110277
2011-12-02,1135.75,86445
2011-12-05,1126.25,88752
2011-12-06,1129.5,82019
2011-12-07,1131.0,88796
2011-12-08,1132.5,115642
2011-12-09,1107.0,154898
2011-12-12,1112.0,109597
2011-12-13,1118.5,107292
2011-12-14,1100.0,130074
2011-12-15,1111.75,85020
2011-12-16,1130.0,99647
2011-12-19,1137.0,77637
2011-12-20,1144.5,82124
2011-12-21,1153.75,79410
2011-12-22,1162.25,76744
2011-12-23,1163.0,38893
2011-12-27,1199.75,72938
2011-12-28,1198.25,63730
2011-12-29,1187.5,46741
2011-12-30,1198.5,14470
2012-01-03,1218.25,13078
2012-01-04,1221.5,11213
2012-01-05,1201.25,9107
2012-01-06,1189.5,5725
2012-01-09,1225.75,3239
2012-01-10,1223.75,1495
2012-01-11,1197.5,982
2012-01-12,1178.5,740
2012-01-13,1160.0,127505
2012-01-17,1183.5,102904
2012-01-18,1183.5,108813
2012-01-19,1197.0,101302
2012-01-20,1187.0,87860
2012-01-23,1217.5,98348
2012-01-24,1220.0,102469
2012-01-25,1213.5,81822
2012-01-26,1222.75,84528
2012-01-27,1219.0,60554
2012-01-30,1185.25,110514
2012-01-31,1199.0,109498
2012-02-01,1215.25,103352
2012-02-02,1217.0,96532
2012-02-03,1232.5,101505
2012-02-06,1233.0,106641
2012-02-07,1232.0,97375
2012-02-08,1231.5,103893
2012-02-09,1227.5,133129
2012-02-10,1229.0,95447
2012-02-13,1252.0,143518
2012-02-14,1255.0,121808
2012-02-15,1261.0,121999
2012-02-16,1258.25,108157
2012-02-17,1267.5,88310
2012-02-21,1271.0,98178
2012-02-22,1272.25,94449
2012-02-23,1276.75,108306
2012-02-24,1279.0,106390
2012-02-27,1293.75,73387
2012-02-28,1305.25,53192
2012-02-29,1313.5,21121
2012-03-01,1316.75,7137
2012-03-02,1328.25,6989
2012-03-05,1319.25,3138
2012-03-06,1329.75,2553
2012-03-07,1321.5,2119
2012-03-08,1332.5,1884
2012-03-09,1331.75,1220
2012-03-12,1330.5,1014
2012-03-13,1348.75,833
2012-03-14,1356.0,99569
2012-03-15,1369.0,99612
2012-03-16,1374.0,96440
2012-03-19,1366.5,76048
2012-03-20,1345.0,117640
2012-03-21,1355.0,89731
2012-03-22,1349.5,97000
2012-03-23,1365.75,93950
2012-03-26,1379.5,109894
2012-03-27,1369.75,122644
2012-03-28,1367.5,91500
2012-03-29,1355.5,126649
2012-03-30,1403.0,157501
2012-04-02,1421.0,136790
2012-04-03,1416.75,100870
2012-04-04,1419.5,126375
2012-04-05,1434.0,10
2012-04-09,1431.0,89287
2012-04-10,1426.0,163221
2012-04-11,1422.0,102354
2012-04-12,1441.0,106415
2012-04-13,1436.75,109436
2012-04-16,1420.0,84110
2012-04-17,1425.75,89852
2012-04-18,1407.75,68118
2012-04-19,1415.75,72457
2012-04-20,1446.75,90809
2012-04-23,1437.25,58926
2012-04-24,1461.25,56841
2012-04-25,1473.5,57852
2012-04-26,1481.25,62414
2012-04-27,1496.75,33163
2012-04-30,1503.0,18637
2012-05-01,1497.75,9507
2012-05-02,1480.0,5415
2012-05-03,1468.75,3420
2012-05-04,1475.0,2145
2012-05-07,1463.5,1258
2012-05-08,1437.75,1806
2012-05-09,1427.75,1698
2012-05-10,1452.25,283
2012-05-11,1404.0,796
2012-05-14,1390.0,148835
2012-05-15,1413.0,138598
2012-05-16,1422.0,131249
2012-05-17,1438.0,107784
2012-05-18,1405.0,88009
2012-05-21,1412.5,73082
2012-05-22,1382.25,117953
2012-05-23,1362.5,124246
2012-05-24,1376.0,84911
2012-05-25,1382.0,65113
2012-05-29,1386.75,81906
2012-05-30,1373.25,86184
2012-05-31,1340.0,113433
2012-06-01,1344.25,122529
2012-06-04,1340.0,76619
2012-06-05,1349.5,81935
2012-06-06,1386.25,102726
2012-06-07,1428.0,113429
2012-06-08,1426.25,118117
2012-06-11,1424.75,81841
2012-06-12,1435.0,114267
2012-06-13,1408.25,96805
2012-06-14,1386.0,83581
2012-06-15,1376.0,92839
2012-06-18,1384.25,88328
2012-06-19,1433.75,118151
2012-06-20,1446.5,75242
2012-06-21,1438.5,73678
2012-06-22,1442.5,64024
2012-06-25,1482.5,52669
2012-06-26,1470.5,43300
2012-06-27,1471.0,43476
2012-06-28,1466.0,37453
2012-06-29,1512.75,19004
2012-07-02,1532.25,9024
2012-07-03,1572.25,4044
2012-07-05,1626.5,6761
2012-07-06,1619.75,4222
2012-07-09,1665.0,4607
2012-07-10,1648.75,3756
2012-07-11,1623.0,2335
2012-07-12,1625.75,1961
2012-07-13,1642.0,22167
2012-07-16,1633.75,28066
2012-07-17,1639.0,30000
2012-07-18,1683.5,41661
2012-07-19,1733.75,50885
2012-07-20,1757.5,39733
2012-07-23,1698.5,33773
2012-07-24,1649.25,33431
2012-07-25,1694.25,41310
2012-07-26,1655.75,40717
2012-07-27,1684.25,37101
2012-07-30,1725.75,25537
2012-07-31,1721.0,15532
2012-08-01,1682.25,11074
2012-08-02,1653.0,4130
2012-08-03,1656.25,1920
2012-08-06,1607.5,1512
2012-08-07,1605.25,2064
2012-08-08,1630.0,1334
2012-08-09,1694.5,1011
2012-08-10,1709.5,446
2012-08-13,1656.25,445
2012-08-14,1680.0,12189
2012-08-15,1659.75,9545
2012-08-16,1656.25,11740
2012-08-17,1671.0,7574
2012-08-20,1703.75,14065
2012-08-21,1753.5,18311
2012-08-22,1748.0,11540
2012-08-23,1727.25,16830
2012-08-24,1737.5,15782
2012-08-27,1729.75,9921
2012-08-28,1732.5,8277
2012-08-29,1763.25,8143
2012-08-30,1770.25,11067
2012-08-31,1764.5,2730
2012-09-04,1771.0,1985
2012-09-05,1748.0,1461
2012-09-06,1744.5,1210
2012-09-07,1731.75,524
2012-09-10,1713.0,792
2012-09-11,1696.5,764
2012-09-12,1740.75,520
2012-09-13,1743.5,383
2012-09-14,1736.5,113787
2012-09-17,1669.0,167468
2012-09-18,1640.0,183122
2012-09-19,1669.5,111816
2012-09-20,1618.75,190026
2012-09-21,1621.75,135462
2012-09-24,1610.0,132015
2012-09-25,1611.5,107344
2012-09-26,1573.0,146255
2012-09-27,1570.75,140165
2012-09-28,1601.0,201224
2012-10-01,1560.25,135722
2012-10-02,1530.5,158462
2012-10-03,1531.75,165835
2012-10-04,1551.5,136541
2012-10-05,1551.5,145075
2012-10-08,1551.0,118673
2012-10-09,1550.0,135427
2012-10-10,1523.25,153713
2012-10-11,1548.5,209081
2012-10-12,1522.5,133054
2012-10-15,1492.5,129430
2012-10-16,1493.75,103736
2012-10-17,1509.25,80780
2012-10-18,1545.5,144016
2012-10-19,1534.25,114775
2012-10-22,1546.5,118869
2012-10-23,1553.25,95184
2012-10-24,1570.5,136436
2012-10-25,1564.0,96987
2012-10-26,1561.25,106493
2012-10-31,1547.0,34194
2012-11-01,1558.5,15081
2012-11-02,1527.0,13233
2012-11-05,1504.25,9670
2012-11-06,1516.75,5592
2012-11-07,1508.75,2551
2012-11-08,1499.25,2234
2012-11-09,1452.0,11301
2012-11-12,1411.0,1445
2012-11-13,1427.0,1838
2012-11-14,1432.75,86458
2012-11-15,1402.0,75222
2012-11-16,1383.25,111038
2012-11-19,1394.75,76443
2012-11-20,1412.75,93560
2012-11-21,1408.25,69796
2012-11-23,1418.75,32994
2012-11-26,1424.75,77140
2012-11-27,1449.25,91378
2012-11-28,1446.25,81547
2012-11-29,1448.0,95313
2012-11-30,1438.75,74804
2012-12-03,1453.75,93809
2012-12-04,1455.5,84049
2012-12-05,1479.25,96796
2012-12-06,1491.25,101950
2012-12-07,1472.25,144339
2012-12-10,1474.75,134366
2012-12-11,1472.0,153947
2012-12-12,1473.5,131637
2012-12-13,1476.5,124841
2012-12-14,1496.0,85466
2012-12-17,1496.25,92953
2012-12-18,1466.0,133472
2012-12-19,1437.0,119698
2012-12-20,1408.75,113846
2012-12-21,1430.75,61980
2012-12-24,1439.75,16653
2012-12-26,1424.5,32196
2012-12-27,1418.75,43756
2012-12-28,1424.0,38035
2012-12-31,1418.75,12657
2013-01-02,1405.5,11297
2013-01-03,1403.0,6272
2013-01-04,1389.0,7087
2013-01-07,1410.75,2123
2013-01-08,1413.75,2435
2013-01-09,1419.75,1396
2013-01-10,1417.5,1253
2013-01-11,1424.75,1516
2013-01-14,1459.75,146903
2013-01-15,1413.5,103624
2013-01-16,1436.5,94398
2013-01-17,1430.25,111879
2013-01-18,1429.25,76707
2013-01-22,1451.75,111637
2013-01-23,1437.0,90653
2013-01-24,1435.25,83913
2013-01-25,1441.0,95885
2013-01-28,1447.75,86823
2013-01-29,1451.75,84650
2013-01-30,1478.75,138947
2013-01-31,1468.5,138487
2013-02-01,1474.25,94849
2013-02-04,1488.75,95992
2013-02-05,1495.5,90371
2013-02-06,1487.5,107825
2013-02-07,1486.75,131635
2013-02-08,1452.5,166712
2013-02-11,1431.5,117728
2013-02-12,1420.75,113176
2013-02-13,1423.0,104862
2013-02-14,1418.0,95572
2013-02-15,1424.5,90717
2013-02-19,1470.25,145035
2013-02-20,1482.75,118253
2013-02-21,1487.75,118866
2013-02-22,1461.25,139375
2013-02-25,1451.25,74054
2013-02-26,1447.75,64608
2013-02-27,1457.5,45526
2013-02-28,1474.25,28018
2013-03-01,1464.5,11613
2013-03-04,1490.25,8398
2013-03-05,1496.5,6281
2013-03-06,1484.5,3337
2013-03-07,1503.5,3350
2013-03-08,1508.5,1788
2013-03-11,1514.75,585
2013-03-12,1489.75,840
2013-03-13,1475.0,527
2013-03-14,1457.25,95062
2013-03-15,1426.0,95326
2013-03-18,1409.5,112973
2013-03-19,1406.75,97365
2013-03-20,1419.75,76440
2013-03-21,1449.0,98509
2013-03-22,1440.5,79281
2013-03-25,1437.25,62846
2013-03-26,1447.75,61945
2013-03-27,1453.75,58313
2013-03-28,1404.75,155928
2013-04-01,1390.75,96120
2013-04-02,1394.0,98588
2013-04-03,1380.25,100704
2013-04-04,1372.0,95365
2013-04-05,1361.75,102344
2013-04-08,1378.0,105310
2013-04-09,1395.5,123394
2013-04-10,1392.75,113167
2013-04-11,1402.0,122393
2013-04-12,1413.0,103806
2013-04-15,1395.0,100251
2013-04-16,1411.5,102038
2013-04-17,1422.25,87099
2013-04-18,1430.5,79831
2013-04-19,1428.25,44549
2013-04-22,1417.25,57241
2013-04-23,1419.75,77582
2013-04-24,1404.0,62113
2013-04-25,1423.5,61879
2013-04-26,1430.75,53807
2013-04-29,1471.75,45051
2013-04-30,1467.75,18406
2013-05-01,1437.5,10416
2013-05-02,1441.0,4084
2013-05-03,1455.0,2880
2013-05-06,1444.5,1827
2013-05-07,1463.5,1345
2013-05-08,1479.0,2419
2013-05-09,1491.25,1692
2013-05-10,1488.25,1968
2013-05-13,1521.0,2147
2013-05-14,1524.5,75010
2013-05-15,1412.75,79798
2013-05-16,1427.5,88796
2013-05-17,1448.5,111419
2013-05-20,1464.5,107222
2013-05-21,1478.25,125501
2013-05-22,1494.25,115680
2013-05-23,1499.5,187905
2013-05-24,1476.25,119652
2013-05-28,1509.25,105640
2013-05-29,1501.75,80708
2013-05-30,1495.75,52524
2013-05-31,1510.0,80189
2013-06-03,1532.5,84969
2013-06-04,1528.75,56812
2013-06-05,1532.0,101120
2013-06-06,1527.25,76211
2013-06-07,1528.25,80293
2013-06-10,1511.75,90119
2013-06-11,1540.5,93870
2013-06-12,1540.75,110605
2013-06-13,1510.25,94100
2013-06-14,1516.5,55355
2013-06-17,1512.5,50982
2013-06-18,1510.75,67843
2013-06-19,1523.0,58940
2013-06-20,1497.5,45803
2013-06-21,1493.25,61612
2013-06-24,1512.0,52587
2013-06-25,1525.25,52405
2013-06-26,1534.25,52563
2013-06-27,1548.5,39906
2013-06-28,1564.5,17119
2013-07-01,1570.5,4749
2013-07-02,1573.0,1612
2013-07-03,1583.5,2482
2013-07-05,1588.0,1140
2013-07-08,1609.25,1980
2013-07-09,1613.25,3023
2013-07-10,1591.75,2506
2013-07-11,1601.25,1680
2013-07-12,1563.25,34640
2013-07-15,1453.75,31883
2013-07-16,1475.25,33964
2013-07-17,1477.5,20853
2013-07-18,1469.25,23876
2013-07-19,1490.75,26799
2013-07-22,1520.25,29915
2013-07-23,1462.5,45710
2013-07-24,1392.5,48325
2013-07-25,1355.25,29089
2013-07-26,1349.75,25460
2013-07-29,1367.5,17663
2013-07-30,1350.0,13491
2013-07-31,1374.0,4285
2013-08-01,1357.75,3800
2013-08-02,1331.0,1670
2013-08-05,1329.75,1073
2013-08-06,1324.25,689
2013-08-07,1327.75,720
2013-08-08,1355.75,896
2013-08-09,1340.75,757
2013-08-12,1373.75,482
2013-08-13,1359.75,449
2013-08-14,1368.0,11285
2013-08-15,1288.25,17639
2013-08-16,1283.25,14233
2013-08-19,1322.0,20059
2013-08-20,1309.25,11955
2013-08-21,1333.0,17957
2013-08-22,1322.0,13711
2013-08-23,1365.25,18028
2013-08-26,1427.75,12961
2013-08-27,1414.0,8028
2013-08-28,1433.0,12481
2013-08-29,1430.0,9732
2013-08-30,1424.0,2867
2013-09-03,1435.5,3790
2013-09-04,1397.75,1805
2013-09-05,1423.0,1317
2013-09-06,1437.0,989
2013-09-09,1404.25,671
2013-09-10,1403.75,378
2013-09-11,1405.25,224
2013-09-12,1442.0,296
2013-09-13,1488.75,103430
2013-09-16,1348.25,122652
2013-09-17,1342.5,150137
2013-09-18,1347.75,87033
2013-09-19,1339.5,102649
2013-09-20,1315.25,118735
2013-09-23,1307.75,80316
2013-09-24,1312.5,73052
2013-09-25,1321.75,101566
2013-09-26,1316.75,72707
2013-09-27,1319.75,91120
2013-09-30,1282.75,169923
2013-10-01,1268.0,123503
2013-10-02,1273.75,128886
2013-10-03,1288.25,116591
2013-10-04,1295.0,107858
2013-10-07,1296.5,107027
2013-10-08,1288.75,149055
2013-10-09,1287.75,128973
2013-10-10,1288.0,150688
2013-10-11,1266.75,147378
2013-10-14,1273.0,115468
2013-10-15,1267.0,92847
2013-10-16,1276.5,119977
2013-10-17,1293.25,131533
2013-10-18,1291.25,113246
2013-10-21,1303.25,99173
2013-10-22,1302.25,117953
2013-10-23,1310.0,139166
2013-10-24,1309.75,111457
2013-10-25,1300.0,104191
2013-10-28,1271.25,124280
2013-10-29,1279.0,95488
2013-10-30,1287.5,72297
2013-10-31,1280.25,25853
2013-11-01,1266.0,14331
2013-11-04,1264.0,13883
2013-11-05,1259.25,4988
2013-11-06,1263.0,3332
2013-11-07,1278.75,2509
2013-11-08,1306.0,1957
2013-11-11,1308.0,1942
2013-11-12,1319.25,1518
2013-11-13,1319.75,940
2013-11-14,1317.25,77295
2013-11-15,1280.5,106848
2013-11-18,1287.5,72543
2013-11-19,1276.25,114103
2013-11-20,1273.75,71551
2013-11-21,1291.5,92414
2013-11-22,1319.5,131379
2013-11-25,1329.25,111656
2013-11-26,1329.25,102374
2013-11-27,1320.0,105162
2013-11-29,1336.5,56777
2013-12-02,1321.25,100676
2013-12-03,1319.75,92773
2013-12-04,1329.5,108326
2013-12-05,1328.0,105555
2013-12-06,1325.5,89331
2013-12-09,1343.75,119248
2013-12-10,1338.25,151495
2013-12-11,1344.0,95905
2013-12-12,1323.75,142780
2013-12-13,1327.5,73351
2013-12-16,1337.75,96158
2013-12-17,1346.5,110864
2013-12-18,1324.0,119032
2013-12-19,1327.0,107255
2013-12-20,1339.0,75189
2013-12-23,1328.5,57204
2013-12-24,1333.75,20848
2013-12-26,1318.75,49390
2013-12-27,1331.5,40255
2013-12-30,1328.25,45721
2013-12-31,1312.5,21149
2014-01-02,1287.0,8675
2014-01-03,1289.25,7385
2014-01-06,1296.75,2906
2014-01-07,1299.5,2600
2014-01-08,1300.75,3050
2014-01-09,1296.25,2454
2014-01-10,1303.75,1142
2014-01-13,1326.75,1070
2014-01-14,1339.0,125170
2014-01-15,1318.0,96559
2014-01-16,1315.0,101482
2014-01-17,1316.5,76571
2014-01-21,1280.5,120155
2014-01-22,1279.5,101694
2014-01-23,1277.0,107872
2014-01-24,1284.75,110447
2014-01-27,1287.75,91707
2014-01-28,1285.5,58970
2014-01-29,1269.25,100762
2014-01-30,1275.0,127093
2014-01-31,1282.75,71001
2014-02-03,1292.75,91717
2014-02-04,1313.25,114579
2014-02-05,1316.25,112133
2014-02-06,1325.75,110834
2014-02-07,1331.5,86853
2014-02-10,1325.5,138644
2014-02-11,1334.75,136598
2014-02-12,1323.0,120903
2014-02-13,1344.25,146027
2014-02-14,1337.5,104800
2014-02-18,1361.0,110545
2014-02-19,1354.25,91724
2014-02-20,1358.25,89864
2014-02-21,1370.75,87981
2014-02-24,1386.5,75579
2014-02-25,1399.0,75676
2014-02-26,1407.25,76292
2014-02-27,1393.5,65635
2014-02-28,1414.25,13053
2014-03-03,1407.25,5480
2014-03-04,1418.0,4703
2014-03-05,1420.0,2695
2014-03-06,1437.5,1159
2014-03-07,1457.5,1384
2014-03-10,1419.25,2362
2014-03-11,1411.5,786
2014-03-12,1381.75,855
2014-03-13,1390.75,673
2014-03-14,1376.0,82163
2014-03-17,1391.75,73501
2014-03-18,1418.25,86122
2014-03-19,1431.25,84021
2014-03-20,1433.75,115248
2014-03-21,1408.75,77887
2014-03-24,1425.5,79050
2014-03-25,1428.0,59859
2014-03-26,1440.0,64024
2014-03-27,1436.5,66708
2014-03-28,1436.5,59818
2014-03-31,1464.0,114538
2014-04-01,1484.5,99416
2014-04-02,1462.25,115773
2014-04-03,1475.25,86242
2014-04-04,1473.75,72120
2014-04-07,1464.25,80388
2014-04-08,1482.5,97342
2014-04-09,1495.25,131665
2014-04-10,1482.25,80017
2014-04-11,1463.0,92904
2014-04-14,1476.25,92763
2014-04-15,1501.25,95184
2014-04-16,1518.75,68875
2014-04-17,1514.0,63784
2014-04-21,1498.75,46278
2014-04-22,1479.75,84296
2014-04-23,1468.5,61378
2014-04-24,1472.0,66517
2014-04-25,1498.0,78178
2014-04-28,1508.25,60343
2014-04-29,1524.0,41472
2014-04-30,1530.75,15264
2014-05-01,1473.5,7456
2014-05-02,1480.75,2947
2014-05-05,1472.0,3125
2014-05-06,1464.0,3019
2014-05-07,1451.0,2858
2014-05-08,1474.25,1128
2014-05-09,1501.0,1026
2014-05-12,1483.75,510
2014-05-13,1502.25,435
2014-05-14,1496.25,90590
2014-05-15,1470.25,99019
2014-05-16,1465.0,62692
2014-05-19,1485.25,94674
2014-05-20,1469.75,85714
2014-05-21,1505.25,92239
2014-05-22,1518.75,127419
2014-05-23,1515.5,61663
2014-05-27,1488.75,79673
2014-05-28,1497.75,59173
2014-05-29,1499.0,60119
2014-05-30,1493.25,53201
2014-06-02,1500.5,80719
2014-06-03,1481.25,94325
2014-06-04,1482.5,77246
2014-06-05,1460.5,100870
2014-06-06,1457.0,79585
2014-06-09,1457.0,90654
2014-06-10,1462.5,96312
2014-06-11,1445.5,116254
2014-06-12,1415.25,139658
2014-06-13,1425.75,62657
2014-06-16,1421.75,77649
2014-06-17,1398.25,92060
2014-06-18,1409.0,67269
2014-06-19,1420.75,51600
2014-06-20,1415.75,62962
2014-06-23,1424.75,62252
2014-06-24,1413.5,60215
2014-06-25,1415.75,49180
2014-06-26,1437.0,52923
2014-06-27,1432.0,46875
2014-06-30,1400.5,17766
2014-07-01,1400.0,5871
2014-07-02,1392.5,5674
2014-07-03,1387.75,2692
2014-07-07,1363.0,1891
2014-07-08,1329.75,2956
2014-07-09,1334.5,1044
2014-07-10,1329.75,958
2014-07-11,1295.75,992
2014-07-14,1295.0,26519
2014-07-15,1180.5,48077
2014-07-16,1187.25,24155
2014-07-17,1174.75,23518
2014-07-18,1176.75,15949
2014-07-21,1175.75,19792
2014-07-22,1184.0,25581
2014-07-23,1201.0,28082
2014-07-24,1207.5,25494
2014-07-25,1212.25,17799
2014-07-28,1236.5,21524
2014-07-29,1226.5,24637
2014-07-30,1220.5,17853
2014-07-31,1224.5,4135
2014-08-01,1215.0,3604
2014-08-04,1232.5,1836
2014-08-05,1222.75,2375
2014-08-06,1237.0,1153
2014-08-07,1250.0,1404
2014-08-08,1284.75,1201
2014-08-11,1314.75,1495
2014-08-12,1290.0,592
2014-08-13,1264.5,801
2014-08-14,1224.5,11391
2014-08-15,1102.5,11052
2014-08-18,1115.5,14302
2014-08-19,1120.25,14811
2014-08-20,1119.75,19824
2014-08-21,1136.25,16302
2014-08-22,1166.0,22454
2014-08-25,1125.75,16195
2014-08-26,1075.5,11001
2014-08-27,1085.75,7382
2014-08-28,1073.75,4112
2014-08-29,1089.5,747
2014-09-02,1097.25,388
2014-09-03,1080.75,340
2014-09-04,1064.25,416
2014-09-05,1085.5,160
2014-09-08,1090.75,124
2014-09-09,1076.5,94
2014-09-10,1071.0,66
2014-09-11,1061.5,84
2014-09-12,1091.0,90810
2014-09-15,989.5,101027
2014-09-16,980.75,122776
2014-09-17,982.5,72378
2014-09-18,971.5,76860
2014-09-19,957.0,95315
2014-09-22,938.25,136531
2014-09-23,936.25,84494
2014-09-24,936.75,96008
2014-09-25,922.75,118910
2014-09-26,910.25,101564
2014-09-29,923.5,115774
2014-09-30,913.25,174090
2014-10-01,916.75,109740
2014-10-02,924.5,101126
2014-10-03,912.25,104413
2014-10-06,942.25,145530
2014-10-07,940.75,186992
2014-10-08,935.0,132461
2014-10-09,942.0,128358
2014-10-10,922.5,216265
2014-10-13,945.25,180331
2014-10-14,964.75,225993
2014-10-15,952.5,188824
2014-10-16,966.5,119955
2014-10-17,951.75,116590
2014-10-20,944.25,126596
2014-10-21,964.25,169993
2014-10-22,962.75,164736
2014-10-23,993.25,182447
2014-10-24,977.5,180599
2014-10-27,1006.0,157476
2014-10-28,1008.0,152117
2014-10-29,1043.0,122706
2014-10-30,1024.25,83976
2014-10-31,1046.5,30601
2014-11-03,1028.75,14610
2014-11-04,1010.0,9676
2014-11-05,1020.5,6907
2014-11-06,1031.0,7396
2014-11-07,1040.25,3069
2014-11-10,1027.5,2978
2014-11-11,1066.5,3897
2014-11-12,1048.25,3349
2014-11-13,1050.5,1897
2014-11-14,1021.0,113071
2014-11-17,1036.25,117856
2014-11-18,1023.25,83250
2014-11-19,1004.75,86192
2014-11-20,1020.5,83032
2014-11-21,1039.0,129765
2014-11-24,1033.75,81614
2014-11-25,1051.0,98567
2014-11-26,1047.0,71418
2014-11-28,1016.0,82915
2014-12-01,1017.0,102853
2014-12-02,995.75,116216
2014-12-03,998.25,110020
2014-12-04,1010.5,109731
2014-12-05,1036.0,148264
2014-12-08,1043.75,142323
2014-12-09,1049.25,104304
2014-12-10,1032.0,166290
2014-12-11,1042.25,125928
2014-12-12,1047.25,115616
2014-12-15,1039.5,119888
2014-12-16,1023.5,145997
2014-12-17,1027.0,105153
2014-12-18,1035.0,95220
2014-12-19,1030.5,83810
2014-12-22,1038.25,70529
2014-12-23,1038.5,68196
2014-12-24,1028.75,43141
2014-12-26,1047.5,34306
2014-12-29,1041.75,57333
2014-12-30,1037.75,50456
2014-12-31,1019.25,19027
2015-01-02,1002.5,9173
2015-01-05,1039.75,7451
2015-01-06,1051.0,3994
2015-01-07,1052.75,3888
2015-01-08,1045.0,4042
2015-01-09,1051.5,3320
2015-01-12,1013.5,3313
2015-01-13,1000.0,1454
2015-01-14,992.5,119424
2015-01-15,991.0,152445
2015-01-16,991.75,96009
2015-01-20,982.0,114400
2015-01-21,983.5,110963
2015-01-22,976.75,90812
2015-01-23,972.75,107015
2015-01-26,983.5,85312
2015-01-27,973.75,101221
2015-01-28,970.25,95595
2015-01-29,968.25,110658
2015-01-30,961.0,107062
2015-02-02,959.5,86688
2015-02-03,987.0,183638
2015-02-04,972.0,121561
2015-02-05,981.25,92627
2015-02-06,973.5,113427
2015-02-09,978.5,109143
2015-02-10,969.0,171876
2015-02-11,977.75,163833
2015-02-12,983.75,144053
2015-02-13,990.5,128959
2015-02-17,1007.75,104614
2015-02-18,995.75,99252
2015-02-19,1007.25,139528
2015-02-20,999.25,85918
2015-02-23,999.25,66189
2015-02-24,1016.0,111284
2015-02-25,1007.75,55241
2015-02-26,1024.0,59154
2015-02-27,1030.75,17636
2015-03-02,1011.25,8388
2015-03-03,1008.75,8847
2015-03-04,989.0,5138
2015-03-05,979.25,3378
2015-03-06,979.25,3313
2015-03-09,988.25,1714
2015-03-10,980.0,1138
2015-03-11,989.0,841
2015-03-12,986.5,777
2015-03-13,968.25,121550
2015-03-16,969.25,82671
2015-03-17,954.5,113419
2015-03-18,965.0,102716
2015-03-19,961.75,111075
2015-03-20,973.75,126233
2015-03-23,983.5,99545
2015-03-24,981.75,90487
2015-03-25,978.75,113333
2015-03-26,974.5,101275
2015-03-27,967.25,93855
2015-03-30,967.75,88920
2015-03-31,973.25,173826
2015-04-01,989.75,159165
2015-04-02,986.0,107812
2015-04-06,978.5,59977
2015-04-07,971.0,107655
2015-04-08,971.5,108285
2015-04-09,953.5,170266
2015-04-10,951.5,125611
2015-04-13,948.75,103494
2015-04-14,960.25,142042
2015-04-15,965.0,155426
2015-04-16,966.0,90548
2015-04-17,968.75,90527
2015-04-20,977.5,110574
2015-04-21,975.25,67881
2015-04-22,970.5,108165
2015-04-23,978.25,83196
2015-04-24,969.75,62779
2015-04-27,973.0,62813
2015-04-28,977.5,78014
2015-04-29,988.5,51626
2015-04-30,978.5,13903
2015-05-01,968.5,5974
2015-05-04,983.0,3949
2015-05-05,993.5,2787
2015-05-06,990.5,2348
2015-05-07,981.5,2962
2015-05-08,984.5,1691
2015-05-11,983.0,1315
2015-05-12,967.0,1362
2015-05-13,975.0,1392
2015-05-14,963.0,98841
2015-05-15,953.25,94596
2015-05-18,954.5,89562
2015-05-19,946.25,119636
2015-05-20,941.25,94327
2015-05-21,938.5,90906
2015-05-22,924.25,115966
2015-05-26,922.5,106436
2015-05-27,927.0,107395
2015-05-28,926.0,108108
2015-05-29,934.0,112312
2015-06-01,926.0,115283
2015-06-02,940.75,117943
2015-06-03,935.25,129165
2015-06-04,946.5,115650
2015-06-05,937.75,127998
2015-06-08,944.25,109450
2015-06-09,951.5,134068
2015-06-10,949.5,151232
2015-06-11,940.0,129713
2015-06-12,940.0,113304
2015-06-15,937.75,112442
2015-06-16,957.5,129787
2015-06-17,969.0,136516
2015-06-18,977.75,140565
2015-06-19,971.5,102493
2015-06-22,989.5,99654
2015-06-23,987.5,107174
2015-06-24,981.75,80675
2015-06-25,1000.25,90872
2015-06-26,1002.0,100939
2015-06-29,1002.5,51498
2015-06-30,1056.25,20171
2015-07-01,1044.0,8751
2015-07-02,1045.25,3991
2015-07-06,1033.75,1974
2015-07-07,1002.0,2096
2015-07-08,1006.25,1512
2015-07-09,1037.75,883
2015-07-10,1043.5,829
2015-07-13,1045.25,531
2015-07-14,1039.0,34977
2015-07-15,1025.0,28280
2015-07-16,1019.0,24162
2015-07-17,1014.75,19460
2015-07-20,1007.75,27829
2015-07-21,1018.75,30275
2015-07-22,1020.75,43514
2015-07-23,1010.0,48381
2015-07-24,991.25,43122
2015-07-27,961.25,28464
2015-07-28,974.75,26707
2015-07-29,983.0,28191
2015-07-30,990.25,25531
2015-07-31,980.75,9157
2015-08-03,977.5,3428
2015-08-04,976.0,2126
2015-08-05,991.75,1067
2015-08-06,985.5,1537
2015-08-07,1009.0,1000
2015-08-10,1044.75,1700
2015-08-11,1014.0,824
2015-08-12,951.0,916
2015-08-13,993.0,848
2015-08-14,978.5,10557
2015-08-17,927.0,12809
2015-08-18,913.25,14548
2015-08-19,903.5,16772
2015-08-20,921.5,18829
2015-08-21,905.25,21281
2015-08-24,892.75,18851
2015-08-25,894.25,16197
2015-08-26,877.75,15241
2015-08-27,886.25,15895
2015-08-28,893.25,9497
2015-08-31,897.5,2125
2015-09-01,884.75,1376
2015-09-02,883.75,910
2015-09-03,879.75,991
2015-09-04,877.25,879
2015-09-08,890.75,923
2015-09-09,882.75,573
2015-09-10,884.5,351
2015-09-11,887.75,454
2015-09-14,882.75,108353
2015-09-15,889.0,106777
2015-09-16,887.25,120932
2015-09-17,884.5,79487
2015-09-18,867.25,119982
2015-09-21,874.25,98206
2015-09-22,861.75,118016
2015-09-23,863.75,106538
2015-09-24,868.0,112270
2015-09-25,889.25,154414
2015-09-28,876.75,122366
2015-09-29,884.25,106478
2015-09-30,892.0,196549
2015-10-01,877.25,170663
2015-10-02,874.25,169182
2015-10-05,884.25,110820
2015-10-06,888.0,134181
2015-10-07,891.0,120545
2015-10-08,881.25,152530
2015-10-09,885.75,236991
2015-10-12,887.5,127467
2015-10-13,914.0,239517
2015-10-14,910.5,172208
2015-10-15,905.25,141941
2015-10-16,898.25,141192
2015-10-19,891.0,154119
2015-10-20,896.0,149191
2015-10-21,905.25,141806
2015-10-22,898.75,161695
2015-10-23,895.5,135626
2015-10-26,885.0,146578
2015-10-27,891.25,97849
2015-10-28,881.5,109033
2015-10-29,878.75,81621
2015-10-30,883.75,23113
2015-11-02,877.75,8873
2015-11-03,878.5,7186
2015-11-04,882.0,4218
2015-11-05,867.75,3089
2015-11-06,871.25,1643
2015-11-09,873.5,2415
2015-11-10,864.5,1793
2015-11-11,868.5,1574
2015-11-12,869.25,1521
2015-11-13,859.0,70652
2015-11-16,859.5,72785
2015-11-17,864.0,73486
2015-11-18,857.75,126821
2015-11-19,860.0,96810
2015-11-20,857.5,111562
2015-11-23,864.25,135936
2015-11-24,863.75,94127
2015-11-25,875.25,105565
2015-11-27,873.0,62645
2015-11-30,881.0,109282
2015-12-01,889.25,120518
2015-12-02,892.25,113712
2015-12-03,897.5,115330
2015-12-04,906.0,124907
2015-12-07,882.25,160092
2015-12-08,876.75,155245
2015-12-09,876.75,122830
2015-12-10,878.25,116291
2015-12-11,870.75,130808
2015-12-14,874.25,105495
2015-12-15,867.25,115700
2015-12-16,862.5,138449
2015-12-17,877.0,155857
2015-12-18,892.25,138493
2015-12-21,891.25,80678
2015-12-22,885.25,64155
2015-12-23,881.75,66400
2015-12-24,875.25,36085
2015-12-28,865.0,54719
2015-12-29,870.0,55929
2015-12-30,875.5,34292
2015-12-31,871.25,13719
2016-01-04,864.5,9343
2016-01-05,867.75,5460
2016-01-06,875.75,3910
2016-01-07,877.0,3615
2016-01-08,879.5,3592
2016-01-11,881.0,1143
2016-01-12,890.75,2427
2016-01-13,899.0,1184
2016-01-14,896.0,114563
2016-01-15,879.0,120442
2016-01-19,883.5,120808
2016-01-20,874.0,137886
2016-01-21,878.5,147352
2016-01-22,876.5,101537
2016-01-25,880.5,115141
2016-01-26,876.5,95467
2016-01-27,883.0,120976
2016-01-28,867.75,151110
2016-01-29,882.25,137841
2016-02-01,880.75,101524
2016-02-02,886.25,142056
2016-02-03,876.75,137447
2016-02-04,874.5,160779
2016-02-05,867.5,150936
2016-02-08,862.5,114019
2016-02-09,863.25,136517
2016-02-10,862.25,112212
2016-02-11,873.5,145579
2016-02-12,872.75,91788
2016-02-16,879.75,168027
2016-02-17,882.5,171253
2016-02-18,879.75,131756
2016-02-19,878.25,123010
2016-02-22,881.0,143714
2016-02-23,869.25,110272
2016-02-24,867.5,91102
2016-02-25,859.0,83698
2016-02-26,855.0,58897
2016-02-29,853.0,12540
2016-03-01,850.75,9982
2016-03-02,854.25,7854
2016-03-03,856.25,4904
2016-03-04,870.5,6143
2016-03-07,873.5,1293
2016-03-08,877.5,787
2016-03-09,880.0,398
2016-03-10,881.75,313
2016-03-11,888.0,135
2016-03-14,888.0,98258
2016-03-15,892.0,101683
2016-03-16,894.5,94822
2016-03-17,897.75,148891
2016-03-18,897.5,80428
2016-03-21,902.0,109825
2016-03-22,910.25,181690
2016-03-23,905.25,119595
2016-03-24,910.5,118016
2016-03-28,909.0,91130
2016-03-29,916.0,127052
2016-03-30,909.0,126146
2016-03-31,910.75,216652
2016-04-01,918.25,126750
2016-04-04,913.5,104289
2016-04-05,904.75,124866
2016-04-06,908.0,119318
2016-04-07,904.5,133446
2016-04-08,916.75,157543
2016-04-11,928.25,182496
2016-04-12,936.25,220988
2016-04-13,955.75,249399
2016-04-14,948.0,178212
2016-04-15,956.0,167980
2016-04-18,954.25,151588
2016-04-19,985.5,213324
2016-04-20,1009.75,222893
2016-04-21,1018.75,134189
2016-04-22,987.0,110533
2016-04-25,999.75,73925
2016-04-26,1017.75,88136
2016-04-27,1019.0,57506
2016-04-28,1018.0,44049
2016-04-29,1021.0,15257
2016-05-02,1035.5,7457
2016-05-03,1021.5,5036
2016-05-04,1024.5,6322
2016-05-05,1003.5,2663
2016-05-06,1026.25,1539
2016-05-09,1018.75,698
2016-05-10,1076.0,1003
2016-05-11,1069.75,648
2016-05-12,1064.5,550
2016-05-13,1055.0,113596
2016-05-16,1064.5,99920
2016-05-17,1080.25,134099
2016-05-18,1075.25,143649
2016-05-19,1071.5,159865
2016-05-20,1074.25,207878
2016-05-23,1058.5,138858
2016-05-24,1054.75,143916
2016-05-25,1085.5,153001
2016-05-26,1079.75,153388
2016-05-27,1086.5,123316
2016-05-31,1078.5,115268
2016-06-01,1099.75,158403
2016-06-02,1144.25,233772
2016-06-03,1132.0,188388
2016-06-06,1138.25,131250
2016-06-07,1141.25,159669
2016-06-08,1177.75,194856
2016-06-09,1176.0,146291
2016-06-10,1178.25,204412
2016-06-13,1169.0,150246
2016-06-14,1169.5,128076
2016-06-15,1156.0,103310
2016-06-16,1134.5,104442
2016-06-17,1159.5,88085
2016-06-20,1143.5,57507
2016-06-21,1133.25,96099
2016-06-22,1137.5,98340
2016-06-23,1124.5,83315
2016-06-24,1103.0,87656
2016-06-27,1133.0,52415
2016-06-28,1150.5,48614
2016-06-29,1144.5,33419
2016-06-30,1175.0,17579
2016-07-01,1168.75,6745
2016-07-05,1117.0,2887
2016-07-06,1106.25,3075
2016-07-07,1054.25,1133
2016-07-08,1089.75,1670
2016-07-11,1082.75,1344
2016-07-12,1107.25,757
2016-07-13,1128.0,404
2016-07-14,1111.5,38236
2016-07-15,1072.5,32322
2016-07-18,1078.25,50729
2016-07-19,1044.0,45502
2016-07-20,1027.0,32485
2016-07-21,1032.5,26545
2016-07-22,1006.5,52620
2016-07-25,983.75,40930
2016-07-26,993.5,40125
2016-07-27,1010.5,45394
2016-07-28,1003.5,33849
2016-07-29,1032.5,12802
2016-08-01,996.0,4443
2016-08-02,985.25,5283
2016-08-03,990.5,4121
2016-08-04,990.5,1591
2016-08-05,1003.75,1775
2016-08-08,1018.75,1472
2016-08-09,1022.0,865
2016-08-10,1017.0,1843
2016-08-11,1022.25,1327
2016-08-12,1003.25,18362
2016-08-15,1023.75,14535
2016-08-16,1019.5,14832
2016-08-17,1030.5,12925
2016-08-18,1032.25,13690
2016-08-19,1027.0,11596
2016-08-22,1035.25,9720
2016-08-23,1034.25,8486
2016-08-24,1030.75,13884
2016-08-25,998.25,27147
2016-08-26,990.75,17878
2016-08-29,983.25,13450
2016-08-30,965.5,11672
2016-08-31,960.0,3145
2016-09-01,959.0,809
2016-09-02,968.5,639
2016-09-06,974.25,1159
2016-09-07,991.75,900
2016-09-08,992.0,592
2016-09-09,997.25,942
2016-09-12,984.5,385
2016-09-13,968.25,256
2016-09-14,972.0,99458
2016-09-15,950.5,76306
2016-09-16,966.0,102819
2016-09-19,972.5,96833
2016-09-20,989.75,116064
2016-09-21,975.5,104727
2016-09-22,976.5,90697
2016-09-23,955.0,138512
2016-09-26,945.25,114173
2016-09-27,952.5,153261
2016-09-28,945.5,114901
2016-09-29,950.25,101651
2016-09-30,954.0,155973
2016-10-03,973.0,139848
2016-10-04,963.5,123524
2016-10-05,956.75,139606
2016-10-06,958.5,114537
2016-10-07,956.75,173884
2016-10-11,954.25,147788
2016-10-12,945.5,233145
2016-10-13,956.25,178127
2016-10-14,962.5,186056
2016-10-17,978.25,158663
2016-10-18,972.5,178280
2016-10-19,981.5,133115
2016-10-20,975.5,136370
2016-10-21,983.0,140150
2016-10-24,992.0,177604
2016-10-25,990.75,176985
2016-10-26,1010.0,149629
2016-10-27,1014.25,101226
2016-10-28,1001.25,75224
2016-10-31,1002.25,18438
2016-11-01,984.25,11397
2016-11-02,976.75,8873
2016-11-03,979.75,4007
2016-11-04,981.5,4407
2016-11-07,989.25,4549
2016-11-08,1001.75,3434
2016-11-09,982.0,3399
2016-11-10,989.0,2172
2016-11-14,971.0,101692
2016-11-15,989.5,86739
2016-11-16,985.75,94098
2016-11-17,989.5,87755
2016-11-18,993.75,75940
2016-11-21,1020.25,150570
2016-11-22,1030.0,131446
2016-11-23,1034.25,136725
2016-11-25,1046.0,76517
2016-11-28,1056.0,161412
2016-11-29,1042.5,126698
2016-11-30,1032.25,133965
2016-12-01,1029.75,128533
2016-12-02,1027.5,84039
2016-12-05,1043.5,125624
2016-12-06,1047.75,135200
2016-12-07,1049.0,127733
2016-12-08,1027.0,171728
2016-12-09,1037.5,136393
2016-12-12,1031.0,145111
2016-12-13,1028.0,132890
2016-12-14,1023.75,128094
2016-12-15,1029.0,147570
2016-12-16,1036.75,95865
2016-12-19,1021.5,136168
2016-12-20,1005.25,124535
2016-12-21,1006.75,80135
2016-12-22,994.5,108937
2016-12-23,989.0,67094
2016-12-27,1014.75,82741
2016-12-28,1006.75,54617
2016-12-29,1003.25,46236
2016-12-30,996.5,13373
2017-01-03,986.75,6581
2017-01-04,1006.25,6191
2017-01-05,1003.5,2991
2017-01-06,986.0,3350
2017-01-09,996.5,2857
2017-01-10,1005.5,2449
2017-01-11,1003.0,1835
2017-01-12,1032.0,813
2017-01-13,1042.5,145461
2017-01-17,1069.25,201105
2017-01-18,1075.0,144024
2017-01-19,1070.25,108397
2017-01-20,1067.5,112856
2017-01-23,1057.75,92566
2017-01-24,1058.5,95242
2017-01-25,1055.25,83009
2017-01-26,1049.5,91972
2017-01-27,1049.25,68283
2017-01-30,1022.75,126814
2017-01-31,1024.5,83518
2017-02-01,1036.75,107158
2017-02-02,1037.25,101520
2017-02-03,1027.0,105988
2017-02-06,1036.0,119985
2017-02-07,1042.75,131436
2017-02-08,1058.75,166533
2017-02-09,1050.5,141506
2017-02-10,1059.0,133684
2017-02-13,1054.25,174155
2017-02-14,1045.0,118663
2017-02-15,1061.25,128043
2017-02-16,1043.75,130043
2017-02-17,1032.5,142009
2017-02-21,1026.25,143010
2017-02-22,1022.75,96385
2017-02-23,1011.5,148623
2017-02-24,1013.5,92509
2017-02-27,1011.0,62578
2017-02-28,1025.0,17713
2017-03-01,1041.25,7430
2017-03-02,1026.75,6067
2017-03-03,1027.0,4968
2017-03-06,1026.75,4623
2017-03-07,1014.75,3547
2017-03-08,1011.0,5319
2017-03-09,1000.25,4953
2017-03-10,996.25,970
2017-03-13,996.25,984
2017-03-14,987.25,112349
2017-03-15,998.0,75422
2017-03-16,1001.5,83777
2017-03-17,1000.0,61551
2017-03-20,999.5,82382
2017-03-21,1001.5,103325
2017-03-22,999.75,82164
2017-03-23,991.0,94685
2017-03-24,975.75,116483
2017-03-27,971.5,91218
2017-03-28,972.0,92837
2017-03-29,969.0,95072
2017-03-30,963.0,77471
2017-03-31,946.0,182739
2017-04-03,938.25,94599
2017-04-04,937.75,120200
2017-04-05,944.25,146303
2017-04-06,941.5,84594
2017-04-07,942.0,99239
2017-04-10,941.75,87487
2017-04-11,939.25,136337
2017-04-12,947.75,119407
2017-04-13,955.5,128013
2017-04-17,953.25,106836
2017-04-18,946.0,154742
2017-04-19,950.25,105926
2017-04-20,946.75,115885
2017-04-21,951.0,130802
2017-04-24,961.25,99172
2017-04-25,954.5,84731
2017-04-26,945.75,107831
2017-04-27,945.75,59309
2017-04-28,945.25,13917
2017-05-01,959.0,6794
2017-05-02,958.0,6949
2017-05-03,965.5,3728
2017-05-04,965.25,1604
2017-05-05,963.0,1231
2017-05-08,956.25,1055
2017-05-09,965.25,449
2017-05-10,961.75,167
2017-05-11,956.0,489
2017-05-12,954.0,64617
2017-05-15,965.25,77844
2017-05-16,976.25,94232
2017-05-17,975.75,81966
2017-05-18,944.75,250660
2017-05-19,953.0,101723
2017-05-22,956.5,82508
2017-05-23,948.25,91457
2017-05-24,948.25,90335
2017-05-25,939.5,94347
2017-05-26,926.5,107952
2017-05-30,912.75,134220
2017-05-31,916.0,130785
2017-06-01,912.25,78635
2017-06-02,921.25,86248
2017-06-05,922.0,98539
2017-06-06,923.5,122797
2017-06-07,930.75,143611
2017-06-08,938.0,137587
2017-06-09,941.5,136983
2017-06-12,931.25,115351
2017-06-13,932.5,122202
2017-06-14,931.75,88734
2017-06-15,934.75,105034
2017-06-16,939.0,95007
2017-06-19,937.75,95604
2017-06-20,927.75,116399
2017-06-21,918.75,116464
2017-06-22,904.0,137676
2017-06-23,904.5,142320
2017-06-26,906.75,83976
2017-06-27,911.25,89490
2017-06-28,914.0,106115
2017-06-29,915.5,66183
2017-06-30,942.25,12776
2017-07-03,964.75,4575
2017-07-05,976.25,4435
2017-07-06,980.75,2199
2017-07-07,996.0,1409
2017-07-10,1020.25,1019
2017-07-11,1025.25,647
2017-07-12,1016.75,382
2017-07-13,972.5,289
2017-07-14,985.25,37218
2017-07-17,985.0,30306
2017-07-18,989.5,36919
2017-07-19,999.75,35118
2017-07-20,1013.25,38660
2017-07-21,1009.0,43742
2017-07-24,997.5,48981
2017-07-25,981.5,60667
2017-07-26,988.75,39673
2017-07-27,994.75,47804
2017-07-28,1000.75,36039
2017-07-31,994.5,13530
2017-08-01,959.5,6446
2017-08-02,966.5,3217
2017-08-03,950.5,1734
2017-08-04,949.25,2095
2017-08-07,959.75,755
2017-08-08,963.0,480
2017-08-09,963.0,190
2017-08-10,930.75,60
2017-08-11,935.5,109
2017-08-14,925.5,17141
2017-08-15,921.75,27865
2017-08-16,921.75,17676
2017-08-17,930.25,19581
2017-08-18,937.5,21323
2017-08-21,932.5,14643
2017-08-22,933.75,17264
2017-08-23,935.0,22119
2017-08-24,941.25,21364
2017-08-25,939.0,21628
2017-08-28,935.25,21286
2017-08-29,930.75,18217
2017-08-30,923.0,20326
2017-08-31,936.25,4217
2017-09-01,942.0,1686
2017-09-05,960.5,1399
2017-09-06,964.5,910
2017-09-07,963.25,330
2017-09-08,956.5,152
2017-09-11,954.75,51
2017-09-12,944.25,52
2017-09-13,953.0,18
2017-09-14,967.25,138275
2017-09-15,968.75,109445
2017-09-18,967.75,102033
2017-09-19,965.5,111414
2017-09-20,970.0,88348
2017-09-21,970.75,115371
2017-09-22,984.25,170900
2017-09-25,971.25,128038
2017-09-26,963.5,146295
2017-09-27,965.5,113888
2017-09-28,959.5,108641
2017-09-29,968.25,171916
2017-10-02,957.25,114376
2017-10-03,955.25,94821
2017-10-04,958.25,95416
2017-10-05,968.25,149317
2017-10-06,972.25,119722
2017-10-09,966.75,137150
2017-10-10,966.0,136485
2017-10-11,965.25,152000
2017-10-12,992.0,293877
2017-10-13,1000.25,225131
2017-10-16,991.0,165302
2017-10-17,984.75,134302
2017-10-18,984.25,110266
2017-10-19,986.5,141515
2017-10-20,978.75,180890
2017-10-23,980.75,170989
2017-10-24,975.5,136868
2017-10-25,975.5,165668
2017-10-26,971.25,147355
2017-10-27,975.25,176451
2017-10-30,972.75,129929
2017-10-31,973.75,22828
2017-11-01,981.0,12626
2017-11-02,989.0,9600
2017-11-03,977.0,5268
2017-11-06,984.0,2450
2017-11-07,986.0,3775
2017-11-08,988.0,3182
2017-11-09,975.25,3173
2017-11-10,977.25,1163
2017-11-13,963.5,1164
2017-11-14,959.0,101927
2017-11-15,976.25,98303
2017-11-16,972.0,90050
2017-11-17,990.5,124540
2017-11-20,990.0,95756
2017-11-21,989.0,75304
2017-11-22,997.25,53761
2017-11-24,993.25,60329
2017-11-27,996.0,133815
2017-11-28,993.0,96755
2017-11-29,992.5,84307
2017-11-30,985.75,121206
2017-12-01,994.25,136840
2017-12-04,998.5,165467
2017-12-05,1008.5,157924
2017-12-06,1002.75,194108
2017-12-07,992.0,162921
2017-12-08,989.75,129075
2017-12-11,982.5,139320
2017-12-12,975.75,161910
2017-12-13,979.25,106371
2017-12-14,967.75,125196
2017-12-15,967.25,119812
2017-12-18,961.5,114985
2017-12-19,956.0,104929
2017-12-20,954.0,133019
2017-12-21,948.75,111244
2017-12-22,949.5,47530
2017-12-26,959.25,57390
2017-12-27,955.5,79032
2017-12-28,945.75,68163
2017-12-29,951.75,11423
2018-01-02,955.0,2900
2018-01-03,959.75,2582
2018-01-04,959.25,2133
2018-01-05,961.5,1278
2018-01-08,958.25,988
2018-01-09,955.75,580
2018-01-10,947.0,574
2018-01-11,940.5,204
2018-01-12,944.0,149724
2018-01-16,968.0,97797
2018-01-17,968.75,91701
2018-01-18,973.0,74574
2018-01-19,977.25,105770
2018-01-22,984.25,124262
2018-01-23,986.25,107959
2018-01-24,992.25,139169
2018-01-25,992.25,154146
2018-01-26,985.5,110339
2018-01-29,991.5,143395
2018-01-30,1000.25,169083
2018-01-31,995.75,165828
2018-02-01,985.0,159220
2018-02-02,978.75,100314
2018-02-05,969.75,128425
2018-02-06,986.25,179233
2018-02-07,983.0,167291
2018-02-08,987.75,230204
2018-02-09,983.0,164565
2018-02-12,1001.75,215178
2018-02-13,1011.75,177145
2018-02-14,1017.25,154450
2018-02-15,1024.25,158344
2018-02-16,1021.5,146731
2018-02-20,1026.5,193966
2018-02-21,1034.25,133023
2018-02-22,1032.0,108212
2018-02-23,1036.25,108212
2018-02-26,1034.25,136487
2018-02-27,1038.0,78531
2018-02-28,1045.0,14916
2018-03-01,1057.5,7733
2018-03-02,1060.75,5525
2018-03-05,1066.75,3045
2018-03-06,1064.5,2839
2018-03-07,1055.0,2360
2018-03-08,1053.75,493
2018-03-09,1029.25,390
2018-03-12,1033.25,1590
2018-03-13,1040.5,249
2018-03-14,1028.5,148683
2018-03-15,1040.75,123213
2018-03-16,1049.5,78281
2018-03-19,1022.5,131023
2018-03-20,1028.25,78890
2018-03-21,1029.75,101951
2018-03-22,1029.75,99281
2018-03-23,1028.25,164881
2018-03-26,1025.5,100548
2018-03-27,1019.5,98041
2018-03-28,1018.0,104492
2018-03-29,1044.75,177841
2018-04-02,1035.5,108570
2018-04-03,1038.0,135404
2018-04-04,1015.25,352462
2018-04-05,1031.25,219539
2018-04-06,1033.75,164385
2018-04-09,1047.0,171846
2018-04-10,1050.0,171444
2018-04-11,1047.75,121591
2018-04-12,1060.75,186951
2018-04-13,1054.25,118735
2018-04-16,1042.0,101597
2018-04-17,1046.0,81326
2018-04-18,1041.75,94271
2018-04-19,1037.25,95799
2018-04-20,1028.75,74206
2018-04-23,1020.75,72696
2018-04-24,1022.25,90059
2018-04-25,1027.5,68707
2018-04-26,1028.0,79917
2018-04-27,1045.0,64971
2018-04-30,1037.75,10337
2018-05-01,1042.5,6794
2018-05-02,1032.75,5489
2018-05-03,1043.25,3158
2018-05-04,1027.25,1314
2018-05-07,1002.25,1657
2018-05-08,1011.25,784
2018-05-09,1007.25,712
2018-05-10,1013.25,389
2018-05-11,994.75,103
2018-05-14,1013.0,131052
2018-05-15,1018.75,115400
2018-05-16,999.75,100892
2018-05-17,995.0,92145
2018-05-18,998.5,122151
2018-05-21,1025.25,147490
2018-05-22,1030.5,106181
2018-05-23,1039.25,90467
2018-05-24,1035.75,122485
2018-05-25,1041.5,79808
2018-05-29,1030.5,128700
2018-05-30,1023.0,134683
2018-05-31,1018.5,103115
2018-06-01,1021.25,99974
2018-06-04,1001.75,101111
2018-06-05,1001.25,127577
2018-06-06,994.25,90708
2018-06-07,974.25,173223
2018-06-08,969.25,132153
2018-06-11,953.75,136802
2018-06-12,954.0,137200
2018-06-13,936.0,188399
2018-06-14,927.25,118204
2018-06-15,905.5,169719
2018-06-18,908.5,139697
2018-06-19,889.0,196376
2018-06-20,889.5,126765
2018-06-21,880.5,99476
2018-06-22,894.5,128481
2018-06-25,874.5,89323
2018-06-26,867.25,88854
2018-06-27,867.5,87401
2018-06-28,861.25,43758
2018-06-29,858.5,11057
2018-07-02,848.5,5569
2018-07-03,844.0,0
2018-07-05,835.5,3567
2018-07-06,874.0,2510
2018-07-09,851.75,1258
2018-07-10,852.25,866
2018-07-11,829.75,1166
2018-07-12,830.0,154
2018-07-13,814.0,23846
2018-07-16,829.5,28635
2018-07-17,839.5,37736
2018-07-18,842.25,18546
2018-07-19,846.0,26561
2018-07-20,849.75,26319
2018-07-23,847.75,31905
2018-07-24,858.0,39163
2018-07-25,860.75,33013
2018-07-26,861.25,49688
2018-07-27,870.5,47143
2018-07-30,875.0,59118
2018-07-31,903.75,15115
2018-08-01,886.75,11347
2018-08-02,882.5,4368
2018-08-03,886.25,2608
2018-08-06,877.25,1754
2018-08-07,889.25,2138
2018-08-08,893.75,1415
2018-08-09,887.75,635
2018-08-10,846.0,304
2018-08-13,853.5,139
2018-08-14,864.5,16365
2018-08-15,857.5,10749
2018-08-16,885.5,19406
2018-08-17,881.5,19408
2018-08-20,881.75,10658
2018-08-21,874.5,18546
2018-08-22,858.25,21139
2018-08-23,842.0,19488
2018-08-24,842.0,29279
2018-08-27,834.75,29914
2018-08-28,820.5,26658
2018-08-29,823.25,24291
2018-08-30,819.5,16391
2018-08-31,833.0,0
2018-09-04,832.0,1583
2018-09-05,825.5,822
2018-09-06,826.75,571
2018-09-07,832.0,402
2018-09-10,833.5,173
2018-09-11,820.25,351
2018-09-12,829.0,644
2018-09-13,822.75,64
2018-09-14,821.5,70421
2018-09-17,823.5,72673
2018-09-18,814.0,94047
2018-09-19,830.0,80961
2018-09-20,850.25,163230
2018-09-21,847.25,88697
2018-09-24,841.0,74829
2018-09-25,845.75,160953
2018-09-26,850.0,89464
2018-09-27,855.0,76059
2018-09-28,845.5,143042
2018-10-01,857.75,152163
2018-10-02,866.0,117212
2018-10-03,861.5,98123
2018-10-04,859.25,102929
2018-10-05,869.0,167588
2018-10-08,869.75,123432
2018-10-09,863.0,141122
2018-10-10,852.25,135163
2018-10-11,858.25,161159
2018-10-12,867.5,85795
2018-10-15,891.5,150598
2018-10-16,884.75,106588
2018-10-17,885.75,101638
2018-10-18,863.5,125411
2018-10-19,856.75,120379
2018-10-22,858.5,124570
2018-10-23,857.5,107486
2018-10-24,850.25,187127
2018-10-25,841.75,130130
2018-10-26,845.0,120782
2018-10-29,839.0,114907
2018-10-30,833.5,107969
2018-10-31,839.0,18050
2018-11-01,869.0,17055
2018-11-02,875.25,11996
2018-11-05,873.0,7226
2018-11-06,872.0,4267
2018-11-07,867.75,4552
2018-11-08,867.5,3663
2018-11-09,875.25,3311
2018-11-12,871.75,3178
2018-11-13,867.25,2529
2018-11-14,870.5,71293
2018-11-15,888.75,87077
2018-11-16,892.25,76599
2018-11-19,873.75,95488
2018-11-20,881.0,68069
2018-11-21,883.0,68295
2018-11-23,881.0,35988
2018-11-26,862.25,123317
2018-11-27,875.5,98671
2018-11-28,890.5,118516
2018-11-29,887.25,91228
2018-11-30,894.75,97858
2018-12-03,905.75,178080
2018-12-04,911.75,107528
2018-12-06,909.5,127436
2018-12-07,916.75,112608
2018-12-10,909.75,109608
2018-12-11,915.0,114414
2018-12-12,920.0,121344
2018-12-13,907.0,120802
2018-12-14,900.5,93463
2018-12-17,904.75,76021
2018-12-18,907.75,91101
2018-12-19,900.0,115946
2018-12-20,893.5,95834
2018-12-21,884.75,93658
2018-12-24,884.0,30790
2018-12-26,870.0,56380
2018-12-27,869.0,66899
2018-12-28,882.75,46910
2018-12-31,882.5,13220
2019-01-02,894.75,8393
2019-01-03,900.25,5149
2019-01-04,909.5,6571
2019-01-07,912.25,4350
2019-01-08,906.25,3286
2019-01-09,911.5,2759
2019-01-10,895.5,1094
2019-01-11,899.25,287
2019-01-14,890.75,75988
2019-01-15,893.25,107769
2019-01-16,894.5,87043
2019-01-17,907.75,103132
2019-01-18,916.75,112894
2019-01-22,909.25,126766
2019-01-23,915.0,72124
2019-01-24,916.0,85832
2019-01-25,925.25,103755
2019-01-28,923.25,69622
2019-01-29,919.0,86953
2019-01-30,921.0,68239
2019-01-31,915.25,98081
2019-02-01,917.75,168136
2019-02-04,918.5,76590
2019-02-05,920.25,83109
2019-02-06,921.75,98810
2019-02-07,913.25,120903
2019-02-08,914.5,134648
2019-02-11,905.0,124095
2019-02-12,917.5,126536
2019-02-13,916.5,87709
2019-02-14,903.5,111538
2019-02-15,907.5,113607
2019-02-19,900.75,119260
2019-02-20,902.5,132174
2019-02-21,911.0,169207
2019-02-22,910.25,127436
2019-02-25,911.75,108509
2019-02-26,903.75,88696
2019-02-27,903.5,69356
2019-02-28,897.5,13006
2019-03-01,899.25,8373
2019-03-04,903.25,4165
2019-03-05,901.25,3339
2019-03-06,889.75,2100
2019-03-07,890.75,2606
2019-03-08,883.75,1275
2019-03-11,877.75,436
2019-03-12,884.75,237
2019-03-13,889.0,215
2019-03-14,889.5,87983
2019-03-15,909.25,97847
2019-03-18,905.75,68441
2019-03-19,904.0,78731
2019-03-20,906.0,73221
2019-03-21,910.5,79287
2019-03-22,903.75,91931
2019-03-25,906.5,62221
2019-03-26,900.75,64159
2019-03-27,887.5,108413
2019-03-28,889.5,71399
2019-03-29,884.25,96062
2019-04-01,895.5,116288
2019-04-02,900.0,78593
2019-04-03,898.75,63617
2019-04-04,906.5,112219
2019-04-05,899.0,102769
2019-04-08,898.75,113476
2019-04-09,898.75,95488
2019-04-10,902.0,110699
2019-04-11,895.25,98642
2019-04-12,895.25,82118
2019-04-15,898.75,105410
2019-04-16,888.0,115185
2019-04-17,879.0,105530
2019-04-18,880.5,77262
2019-04-22,877.0,80529
2019-04-23,862.0,168391
2019-04-24,855.25,87642
2019-04-25,859.25,124152
2019-04-26,853.75,142904
2019-04-29,847.5,81581
2019-04-30,841.25,11508
2019-05-01,839.5,9763
2019-05-02,830.5,5556
2019-05-03,829.5,3485
2019-05-06,817.5,2686
2019-05-07,817.75,2555
2019-05-08,814.25,1990
2019-05-09,800.25,680
2019-05-10,797.0,712
2019-05-13,791.0,369
2019-05-14,817.75,167862
2019-05-15,835.5,182209
2019-05-16,839.75,106299
2019-05-17,821.75,119427
2019-05-20,831.75,113522
2019-05-21,822.0,188028
2019-05-22,828.5,124467
2019-05-23,821.5,125848
2019-05-24,829.75,94258
2019-05-28,856.0,148619
2019-05-29,872.0,216536
2019-05-30,889.0,138936
2019-05-31,877.75,120397
2019-06-03,879.0,127513
2019-06-04,881.75,146836
2019-06-05,869.75,133437
2019-06-06,868.75,115535
2019-06-07,856.25,126250
2019-06-10,858.5,109009
2019-06-11,859.25,138285
2019-06-12,878.0,168960
2019-06-13,888.0,122373
2019-06-14,896.75,131228
2019-06-17,912.75,164353
2019-06-18,913.5,154004
2019-06-19,903.25,149148
2019-06-20,915.5,147071
2019-06-21,902.75,139463
2019-06-24,909.0,110371
2019-06-25,903.5,141144
2019-06-26,894.25,108709
2019-06-27,887.75,74477
2019-06-28,899.75,16083
2019-07-01,885.5,4732
2019-07-02,876.25,2636
2019-07-03,885.25,3531
2019-07-05,872.25,1991
2019-07-08,875.25,1340
2019-07-09,882.75,936
2019-07-10,893.0,651
2019-07-11,896.25,208
2019-07-12,906.75,29186
2019-07-15,901.75,26785
2019-07-16,887.75,64645
2019-07-17,882.5,32882
2019-07-18,881.25,34663
2019-07-19,901.5,53086
2019-07-22,888.25,35788
2019-07-23,885.75,25780
2019-07-24,891.0,47514
2019-07-25,882.5,42118
2019-07-26,883.25,62234
2019-07-29,885.75,74809
2019-07-30,878.75,52783
2019-07-31,864.0,10230
2019-08-01,847.0,6821
2019-08-02,850.25,4626
2019-08-05,850.25,3186
2019-08-06,847.75,2306
2019-08-07,848.75,2532
2019-08-08,865.0,2028
2019-08-09,873.75,1592
2019-08-12,861.5,324
2019-08-13,872.0,145
2019-08-14,861.0,21321
2019-08-15,858.0,13755
2019-08-16,867.25,14071
2019-08-19,854.0,14187
2019-08-20,855.75,14785
2019-08-21,860.5,10768
2019-08-22,856.0,18766
2019-08-23,843.25,35504
2019-08-26,853.75,39661
2019-08-27,846.25,51663
2019-08-28,852.75,41347
2019-08-29,856.25,42036
2019-08-30,857.0,6659
2019-09-03,856.5,2239
2019-09-04,862.5,2164
2019-09-05,849.75,1293
2019-09-06,845.0,657
2019-09-09,845.0,617
2019-09-10,859.25,465
2019-09-11,854.0,648
2019-09-12,883.0,198
2019-09-13,884.75,103085
2019-09-16,900.0,90735
2019-09-17,893.75,91238
2019-09-18,888.75,61671
2019-09-19,893.0,88652
2019-09-20,882.75,96181
2019-09-23,892.5,121013
2019-09-24,894.25,96225
2019-09-25,889.25,99066
2019-09-26,888.5,83062
2019-09-27,883.0,67140
2019-09-30,906.0,163353
2019-10-01,919.5,182135
2019-10-02,913.75,114727
2019-10-03,911.75,109300
2019-10-04,916.25,88001
2019-10-07,915.25,131284
2019-10-08,920.5,149426
2019-10-09,923.75,165142
2019-10-10,923.5,170687
2019-10-11,936.0,131889
2019-10-14,940.5,131889
2019-10-15,934.0,129605
2019-10-16,928.0,102683
2019-10-17,931.5,119451
2019-10-18,934.0,120202
2019-10-21,933.25,132043
2019-10-22,934.0,162322
2019-10-23,933.75,183773
2019-10-24,933.25,133429
2019-10-25,920.25,190315
2019-10-28,920.75,132478
2019-10-29,918.25,147901
2019-10-30,916.0,110262
2019-10-31,916.75,14167
2019-11-01,924.25,7099
2019-11-04,925.75,1287
2019-11-05,921.75,660
2019-11-06,915.0,1583
2019-11-07,925.0,793
2019-11-08,919.5,610
2019-11-11,905.0,798
2019-11-12,905.75,158
2019-11-13,902.5,342
2019-11-14,900.25,88541
2019-11-15,918.25,80816
2019-11-18,910.25,83364
2019-11-19,911.5,90805
2019-11-20,905.0,118388
2019-11-21,901.0,97029
2019-11-22,897.0,84251
2019-11-25,892.5,77560
2019-11-26,884.25,104621
2019-11-27,882.0,88224
2019-11-29,876.75,66997
2019-12-02,870.5,125372
2019-12-03,871.0,111142
2019-12-04,878.0,102632
2019-12-05,884.25,108171
2019-12-06,889.5,159565
2019-12-09,897.25,179217
2019-12-10,901.25,100653
2019-12-11,893.5,154948
2019-12-12,898.25,129658
2019-12-13,907.5,167011
2019-12-16,922.0,108734
2019-12-17,928.75,137658
2019-12-18,928.5,98044
2019-12-19,924.5,82259
2019-12-20,928.25,88295
2019-12-23,934.0,100647
2019-12-24,936.5,45245
2019-12-26,937.75,42300
2019-12-27,929.5,72394
2019-12-30,939.5,54975
2019-12-31,943.0,10926
2020-01-02,944.25,2217
2020-01-03,930.5,2272
2020-01-06,932.75,1524
2020-01-07,935.0,866
2020-01-08,938.25,576
2020-01-09,933.75,345
2020-01-10,935.0,203
2020-01-13,929.25,82
2020-01-14,928.5,84463
2020-01-15,928.75,119742
2020-01-16,924.0,101998
2020-01-17,929.75,90936
2020-01-21,916.0,119955
2020-01-22,913.75,92153
2020-01-23,909.5,98543
2020-01-24,902.0,77349
2020-01-27,897.25,107839
2020-01-28,895.0,86749
2020-01-29,893.0,77353
2020-01-30,876.25,123089
2020-01-31,872.5,88324
2020-02-03,877.0,138975
2020-02-04,879.5,102451
2020-02-05,880.0,75259
2020-02-06,881.0,110541
2020-02-07,882.0,124917
2020-02-10,884.25,145123
2020-02-11,884.75,134299
2020-02-12,892.5,163370
2020-02-13,896.25,193428
2020-02-14,893.75,130575
2020-02-18,892.25,133199
2020-02-19,897.25,142100
2020-02-20,892.75,99285
2020-02-21,890.5,139963
2020-02-24,874.25,91246
2020-02-25,879.0,56793
2020-02-26,881.0,86864
2020-02-27,886.25,67399
2020-02-28,883.5,11811
2020-03-02,890.5,4084
2020-03-03,893.0,3011
2020-03-04,898.75,657
2020-03-05,889.0,291
2020-03-06,883.25,406
2020-03-09,863.5,223
2020-03-10,873.0,380
2020-03-11,867.75,228
2020-03-12,855.0,8
2020-03-13,846.75,157825
2020-03-16,821.75,162521
2020-03-17,824.25,124052
2020-03-18,825.5,131550
2020-03-19,843.25,146051
2020-03-20,862.5,123550
2020-03-23,884.0,137562
2020-03-24,886.75,101830
2020-03-25,881.5,101240
2020-03-26,880.25,92600
2020-03-27,881.5,85866
2020-03-30,882.25,75012
2020-03-31,886.0,100917
2020-04-01,862.75,91934
2020-04-02,858.75,89450
2020-04-03,854.25,83592
2020-04-06,855.5,68720
2020-04-07,854.75,86188
2020-04-08,854.5,79057
2020-04-09,863.5,105524
2020-04-13,854.25,89265
2020-04-14,847.0,102334
2020-04-15,842.0,111556
2020-04-16,836.75,64484
2020-04-17,832.5,56944
2020-04-20,826.5,52383
2020-04-21,830.75,85886
2020-04-22,834.75,79892
2020-04-23,839.25,67541
2020-04-24,832.25,68404
2020-04-27,829.0,60072
2020-04-28,826.0,63296
2020-04-29,831.75,32364
2020-04-30,850.25,5384
2020-05-01,847.25,2586
2020-05-04,834.0,675
2020-05-05,838.25,543
2020-05-06,830.5,319
2020-05-07,841.5,456
2020-05-08,848.75,404
2020-05-11,852.25,155
2020-05-12,849.25,60
2020-05-13,836.0,40
2020-05-14,835.25,66851
2020-05-15,838.5,64517
2020-05-18,845.0,65172
2020-05-19,842.5,71624
2020-05-20,846.75,63343
2020-05-21,835.0,96034
2020-05-22,833.25,95907
2020-05-26,847.0,120908
2020-05-27,848.5,89189
2020-05-28,847.0,82411
2020-05-29,840.75,93470
2020-06-01,840.5,119172
2020-06-02,850.5,125683
2020-06-03,857.5,107887
2020-06-04,867.75,150610
2020-06-05,867.75,138816
2020-06-08,864.75,117154
2020-06-09,863.25,141206
2020-06-10,865.5,117232
2020-06-11,866.0,114073
2020-06-12,871.25,134400
2020-06-15,869.0,103929
2020-06-16,867.0,108921
2020-06-17,871.25,115263
2020-06-18,873.0,101429
2020-06-19,876.5,87950
2020-06-22,876.25,94353
2020-06-23,875.0,121219
2020-06-24,870.75,90927
2020-06-25,869.25,69955
2020-06-26,865.0,97228
2020-06-29,866.5,37709
2020-06-30,884.25,10148
2020-07-01,893.75,4084
2020-07-02,892.5,791
2020-07-06,898.5,762
2020-07-07,895.25,285
2020-07-08,894.75,371
2020-07-09,898.25,171
2020-07-10,891.5,67
2020-07-13,876.5,21
2020-07-14,882.25,30476
2020-07-15,886.25,29421
2020-07-16,893.5,29648
2020-07-17,898.0,23350
2020-07-20,903.0,27127
2020-07-21,896.5,28322
2020-07-22,899.25,26710
2020-07-23,906.25,27924
2020-07-24,904.75,32453
2020-07-27,906.5,30189
2020-07-28,896.75,45927
2020-07-29,891.5,46758
2020-07-30,891.75,18187
2020-07-31,897.5,5040
2020-08-03,897.5,1059
2020-08-04,883.75,1115
2020-08-05,882.0,609
2020-08-06,880.75,207
2020-08-07,870.25,451
2020-08-10,876.5,79
2020-08-11,878.0,275
2020-08-12,890.5,447
2020-08-13,907.25,344
2020-08-14,903.5,15669
2020-08-17,912.5,26203
2020-08-18,912.0,34101
2020-08-19,912.5,15732
2020-08-20,903.0,16782
2020-08-21,900.75,26635
2020-08-24,899.75,17315
2020-08-25,913.75,22496
2020-08-26,919.5,15086
2020-08-27,937.25,16175
2020-08-28,950.5,12103
2020-08-31,951.25,1130
2020-09-01,955.0,553
2020-09-02,962.5,360
2020-09-03,968.75,323
2020-09-04,969.5,85
2020-09-08,973.0,83
2020-09-09,979.75,62
2020-09-10,985.0,32
2020-09-11,1005.5,63
2020-09-14,1019.25,137347
2020-09-15,991.5,135852
2020-09-16,1011.25,176360
2020-09-17,1028.5,259968
2020-09-18,1043.5,188266
2020-09-21,1022.5,198261
2020-09-22,1019.75,169336
2020-09-23,1014.5,135269
2020-09-24,1000.0,175815
2020-09-25,1002.5,115655
2020-09-28,996.25,117222
2020-09-29,993.0,120596
2020-09-30,1023.5,220274
2020-10-01,1023.5,141785
2020-10-02,1020.75,136558
2020-10-05,1021.5,112442
2020-10-06,1044.0,212107
2020-10-07,1051.0,236406
2020-10-08,1050.0,239775
2020-10-09,1065.5,264053
2020-10-12,1033.75,262222
2020-10-13,1044.0,171633
2020-10-14,1056.25,161954
2020-10-15,1062.25,158655
2020-10-16,1050.0,138422
2020-10-19,1054.25,117717
2020-10-20,1064.0,120566
2020-10-21,1072.0,127982
2020-10-22,1073.75,149124
2020-10-23,1083.75,173835
2020-10-26,1087.75,111054
2020-10-27,1082.25,111439
2020-10-28,1057.25,100102
2020-10-29,1051.75,63846
2020-10-30,1056.5,12667
2020-11-02,1050.75,3660
2020-11-03,1059.0,2656
2020-11-04,1079.0,1304
2020-11-05,1101.75,2013
2020-11-06,1098.5,1031
2020-11-09,1105.0,808
2020-11-10,1138.25,582
2020-11-11,1143.25,489
2020-11-12,1137.0,451
2020-11-13,1141.5,118177
2020-11-16,1153.5,93941
2020-11-17,1169.75,148053
2020-11-18,1175.75,165853
2020-11-19,1177.5,130563
2020-11-20,1181.0,149969
2020-11-23,1191.5,113186
2020-11-24,1191.25,126040
2020-11-25,1184.0,85398
2020-11-27,1191.75,49078
2020-11-30,1168.5,127702
2020-12-01,1162.0,109296
2020-12-02,1153.0,134260
2020-12-03,1168.25,93899
2020-12-04,1163.0,98159
2020-12-07,1158.5,165902
2020-12-08,1145.75,176569
2020-12-09,1158.5,121502
2020-12-10,1152.75,202110
2020-12-11,1160.5,129424
2020-12-14,1169.5,101997
2020-12-15,1184.25,128713
2020-12-16,1183.75,122886
2020-12-17,1201.25,125030
2020-12-18,1220.0,110919
2020-12-21,1243.25,129147
2020-12-22,1247.25,102551
2020-12-23,1258.75,93382
2020-12-24,1263.5,41312
2020-12-28,1255.25,56756
2020-12-29,1295.5,43283
2020-12-30,1303.75,24625
2020-12-31,1315.25,3634
2021-01-04,1316.5,2421
2021-01-05,1350.0,1194
2021-01-06,1365.25,880
2021-01-07,1360.5,1097
2021-01-08,1375.75,810
2021-01-11,1374.5,365
2021-01-12,1422.0,331
2021-01-13,1411.0,242
2021-01-14,1436.5,109224
2021-01-15,1416.75,102084
2021-01-19,1385.75,129335
2021-01-20,1369.5,182300
2021-01-21,1370.25,118977
2021-01-22,1311.75,203991
2021-01-25,1343.5,150390
2021-01-26,1370.25,116570
2021-01-27,1374.75,176959
2021-01-28,1353.25,147312
2021-01-29,1370.0,140139
2021-02-01,1365.25,122610
2021-02-02,1354.75,101229
2021-02-03,1371.25,104412
2021-02-04,1372.5,105595
2021-02-05,1366.75,125252
2021-02-08,1387.75,132805
2021-02-09,1401.75,183992
2021-02-10,1354.0,171264
2021-02-11,1367.5,133481
2021-02-12,1372.0,89711
2021-02-16,1384.75,115890
2021-02-17,1383.75,75855
2021-02-18,1375.0,114634
2021-02-19,1377.25,140822
2021-02-22,1383.75,124120
2021-02-23,1406.0,88637
2021-02-24,1423.75,66143
2021-02-25,1406.0,44673
2021-02-26,1405.25,5701
2021-03-01,1392.5,1258
2021-03-02,1414.0,680
2021-03-03,1410.75,619
2021-03-04,1415.25,385
2021-03-05,1434.25,171
2021-03-08,1437.75,149
2021-03-09,1441.25,186
2021-03-10,1411.5,340
2021-03-11,1415.5,180
2021-03-12,1415.75,100480
2021-03-15,1419.5,82218
2021-03-16,1423.25,71215
2021-03-17,1417.75,69409
2021-03-18,1392.25,93486
2021-03-19,1416.25,86775
2021-03-22,1417.5,77293
2021-03-23,1423.25,108200
2021-03-24,1432.75,78103
2021-03-25,1414.25,104662
2021-03-26,1400.5,100389
2021-03-29,1393.0,98533
2021-03-30,1366.75,96925
2021-03-31,1436.75,128593
2021-04-01,1402.0,169783
2021-04-05,1412.75,63975
2021-04-06,1418.75,81203
2021-04-07,1408.75,84843
2021-04-08,1415.25,98187
2021-04-09,1403.0,113734
2021-04-12,1382.0,134732
2021-04-13,1389.5,119433
2021-04-14,1410.0,113554
2021-04-15,1418.25,85081
2021-04-16,1433.25,88555
2021-04-19,1449.75,78228
2021-04-20,1472.0,91627
2021-04-21,1497.25,88608
2021-04-22,1533.25,115383
2021-04-23,1539.75,112190
2021-04-26,1569.0,84662
2021-04-27,1549.75,77706
2021-04-28,1557.75,66001
2021-04-29,1542.5,22542
2021-04-30,1571.0,4669
2021-05-03,1560.25,1617
2021-05-04,1577.0,1618
2021-05-05,1582.0,631
2021-05-06,1605.5,588
2021-05-07,1621.0,508
2021-05-10,1620.0,396
2021-05-11,1637.5,128
2021-05-12,1660.5,172
2021-05-13,1612.25,199
2021-05-14,1603.75,104663
2021-05-17,1587.5,84850
2021-05-18,1574.25,100081
2021-05-19,1538.25,125738
2021-05-20,1533.25,74949
2021-05-21,1526.25,87016
2021-05-24,1522.75,78380
2021-05-25,1511.75,98163
2021-05-26,1503.5,101218
2021-05-27,1537.0,87612
2021-05-28,1530.5,74559
2021-06-01,1548.5,97373
2021-06-02,1562.5,93696
2021-06-03,1549.25,91793
2021-06-04,1583.75,80384
2021-06-07,1560.25,145331
2021-06-08,1580.0,141918
2021-06-09,1562.5,117025
2021-06-10,1544.0,144526
2021-06-11,1508.5,155417
2021-06-14,1472.25,106170
2021-06-15,1465.75,103081
2021-06-16,1448.5,74804
2021-06-17,1329.75,121978
2021-06-18,1396.0,100857
2021-06-21,1415.0,64081
2021-06-22,1394.5,67595
2021-06-23,1385.0,65951
2021-06-24,1371.25,57347
2021-06-25,1329.75,97444
2021-06-28,1357.0,51276
2021-06-29,1359.75,20510
2021-06-30,1450.0,4559
2021-07-01,1446.75,2182
2021-07-02,1451.75,1542
2021-07-06,1363.75,586
2021-07-07,1386.5,795
2021-07-08,1390.25,507
2021-07-09,1404.0,329
2021-07-12,1432.5,105
2021-07-13,1438.0,172
2021-07-14,1467.75,36423
2021-07-15,1447.5,30128
2021-07-16,1454.75,31628
2021-07-19,1428.0,24475
2021-07-20,1443.5,33664
2021-07-21,1439.25,21426
2021-07-22,1416.25,30714
2021-07-23,1401.0,23499
2021-07-26,1412.75,25875
2021-07-27,1418.25,22129
2021-07-28,1432.0,21549
2021-07-29,1434.25,17953
2021-07-30,1414.75,2967
2021-08-02,1418.75,1153
2021-08-03,1392.25,2286
2021-08-04,1403.5,2841
2021-08-05,1402.5,1246
2021-08-06,1422.25,957
2021-08-09,1433.75,446
2021-08-10,1447.5,812
2021-08-11,1405.5,285
2021-08-12,1401.5,37
2021-08-13,1424.25,20560
2021-08-16,1376.0,13440
2021-08-17,1369.0,12021
2021-08-18,1358.25,10179
2021-08-19,1323.0,17626
2021-08-20,1293.75,18268
2021-08-23,1294.0,13922
2021-08-24,1337.0,25598
2021-08-25,1346.0,24442
2021-08-26,1367.5,23771
2021-08-27,1359.25,16506
2021-08-30,1304.75,7248
2021-08-31,1298.75,1682
2021-09-01,1277.75,663
2021-09-02,1279.25,354
2021-09-03,1283.0,62
2021-09-07,1268.75,31
2021-09-08,1270.75,30
2021-09-09,1258.75,175
2021-09-10,1275.25,49
2021-09-13,1272.5,22
2021-09-14,1276.5,72169
2021-09-15,1294.5,91389
2021-09-16,1296.0,75853
2021-09-17,1284.0,72388
2021-09-20,1262.5,94112
2021-09-21,1274.0,78941
2021-09-22,1282.75,75666
2021-09-23,1284.25,70612
2021-09-24,1285.0,64911
2021-09-27,1287.5,96607
2021-09-28,1277.0,88017
2021-09-29,1283.75,91807
2021-09-30,1256.0,202394
2021-10-01,1246.5,117447
2021-10-04,1235.75,111356
2021-10-05,1250.5,119391
2021-10-06,1242.0,83888
2021-10-07,1247.25,120772
2021-10-08,1243.0,143586
2021-10-11,1228.25,112209
2021-10-12,1198.25,183780
2021-10-13,1195.25,186725
2021-10-14,1206.25,127035
2021-10-15,1217.75,111808
2021-10-18,1221.5,99058
2021-10-19,1228.0,139462
2021-10-20,1245.5,134395
2021-10-21,1224.0,105786
2021-10-22,1220.5,176315
2021-10-25,1237.25,137468
2021-10-26,1238.0,94349
2021-10-27,1239.25,122469
2021-10-28,1233.75,73201
2021-10-29,1235.75,10990
2021-11-01,1236.75,3899
2021-11-02,1244.0,2003
2021-11-03,1231.5,1263
2021-11-04,1209.25,2676
2021-11-05,1192.25,776
2021-11-08,1178.0,596
2021-11-09,1199.5,512
2021-11-10,1203.5,825
2021-11-11,1212.25,336
2021-11-12,1234.0,104151
2021-11-15,1257.25,94353
2021-11-16,1251.25,80591
2021-11-17,1277.0,146987
2021-11-18,1265.25,103205
2021-11-19,1263.25,78709
2021-11-22,1274.25,70634
2021-11-23,1273.0,65548
2021-11-24,1266.5,72906
2021-11-26,1252.75,88520
2021-11-29,1241.5,82284
2021-11-30,1217.25,132640
2021-12-01,1228.25,105476
2021-12-02,1244.25,94962
2021-12-03,1267.25,94245
2021-12-06,1261.5,75260
2021-12-07,1250.25,171655
2021-12-08,1261.0,122041
2021-12-09,1264.5,102868
2021-12-10,1267.75,112572
2021-12-13,1244.0,116561
2021-12-14,1259.5,102492
2021-12-15,1262.5,91939
2021-12-16,1277.25,115189
2021-12-17,1285.25,122742
2021-12-20,1292.25,83928
2021-12-21,1308.0,81517
2021-12-22,1328.75,68991
2021-12-23,1332.0,60005
2021-12-27,1362.5,54478
2021-12-28,1359.25,40328
2021-12-29,1356.5,51167
2021-12-30,1327.75,16224
2021-12-31,1328.75,2572
2022-01-03,1344.0,3434
2022-01-04,1378.75,2450
2022-01-05,1384.25,1101
2022-01-06,1377.25,691
2022-01-07,1401.5,254
2022-01-10,1374.75,73
2022-01-11,1376.75,57
2022-01-12,1391.25,293
2022-01-13,1365.25,415
2022-01-14,1356.75,86045
2022-01-18,1361.25,124254
2022-01-19,1391.25,107595
2022-01-20,1425.75,149817
2022-01-21,1414.25,104361
2022-01-24,1403.0,134866
2022-01-25,1407.25,107870
2022-01-26,1440.0,139954
2022-01-27,1448.25,143879
2022-01-28,1470.0,148673
2022-01-31,1490.5,111725
2022-02-01,1528.5,157814
2022-02-02,1545.25,175949
2022-02-03,1544.25,133829
2022-02-04,1553.5,116119
2022-02-07,1581.75,178009
2022-02-08,1569.0,176069
2022-02-09,1594.75,190630
2022-02-10,1574.25,255540
2022-02-11,1583.0,184659
2022-02-14,1570.0,125494
2022-02-15,1551.25,147743
2022-02-16,1587.5,100187
2022-02-17,1592.0,114032
2022-02-18,1601.5,107148
2022-02-22,1635.0,117091
2022-02-23,1675.0,98545
2022-02-24,1661.5,70087
2022-02-25,1590.25,26189
2022-02-28,1644.25,4729
2022-03-01,1705.5,1432
2022-03-02,1677.5,1342
2022-03-03,1680.25,1585
2022-03-04,1676.25,305
2022-03-07,1674.25,298
2022-03-08,1704.5,243
2022-03-09,1686.5,566
2022-03-10,1700.0,223
2022-03-11,1690.75,333
2022-03-14,1687.25,73458
2022-03-15,1658.75,70449
2022-03-16,1649.25,65232
2022-03-17,1668.5,74317
2022-03-18,1668.0,67110
2022-03-21,1691.0,82394
2022-03-22,1696.5,80750
2022-03-23,1718.75,75495
2022-03-24,1700.75,72414
2022-03-25,1710.25,64501
2022-03-28,1664.25,76627
2022-03-29,1643.0,107185
2022-03-30,1664.0,67718
2022-03-31,1618.25,96368
2022-04-01,1582.75,102861
2022-04-04,1602.25,71525
2022-04-05,1631.0,66277
2022-04-06,1619.5,75082
2022-04-07,1645.5,114549
2022-04-08,1689.0,116406
2022-04-11,1655.25,113893
2022-04-12,1670.25,104828
2022-04-13,1676.0,117939
2022-04-14,1682.25,78738
2022-04-18,1714.75,83054
2022-04-19,1716.5,71593
2022-04-20,1746.75,89812
2022-04-21,1748.25,86056
2022-04-22,1716.0,85149
2022-04-25,1703.5,76951
2022-04-26,1705.25,59609
2022-04-27,1726.5,49610
2022-04-28,1706.5,26981
2022-04-29,1708.25,3083
2022-05-02,1674.0,1445
2022-05-03,1659.0,706
2022-05-04,1669.75,869
2022-05-05,1678.5,843
2022-05-06,1655.5,352
2022-05-09,1621.0,309
2022-05-10,1630.0,395
2022-05-11,1650.25,319
2022-05-12,1660.25,66
2022-05-13,1723.25,83090
2022-05-16,1656.5,63372
2022-05-17,1678.0,76915
2022-05-18,1662.75,86177
2022-05-19,1690.5,102891
2022-05-20,1705.25,90964
2022-05-23,1687.0,87419
2022-05-24,1693.0,78583
2022-05-25,1681.0,82862
2022-05-26,1726.5,144069
2022-05-27,1732.25,93346
2022-05-31,1683.25,147012
2022-06-01,1690.25,104722
2022-06-02,1729.25,111106
2022-06-03,1697.75,86973
2022-06-06,1699.25,82275
2022-06-07,1728.25,147738
2022-06-08,1740.0,138385
2022-06-09,1769.0,172229
2022-06-10,1745.5,140826
2022-06-13,1707.5,125077
2022-06-14,1698.5,100752
2022-06-15,1693.75,101623
2022-06-16,1709.5,70574
2022-06-17,1702.0,84650
2022-06-21,1681.0,100676
2022-06-22,1652.75,102256
2022-06-23,1593.25,128173
2022-06-24,1610.75,92486
2022-06-27,1630.5,69643
2022-06-28,1663.75,59698
2022-06-29,1674.25,35558
2022-06-30,1675.0,6466
2022-07-01,1626.0,5313
2022-07-05,1575.25,2235
2022-07-06,1580.25,2309
2022-07-07,1591.25,744
2022-07-08,1630.25,399
2022-07-11,1641.0,384
2022-07-12,1592.75,395
2022-07-13,1588.25,60
2022-07-14,1610.0,23094
2022-07-15,1466.0,22609
2022-07-18,1497.25,22423
2022-07-19,1477.25,19403
2022-07-20,1449.0,26111
2022-07-21,1418.5,27254
2022-07-22,1434.5,27240
2022-07-25,1473.0,24846
2022-07-26,1532.75,28936
2022-07-27,1578.75,31657
2022-07-28,1609.25,14499
2022-07-29,1637.0,4783
2022-08-01,1594.25,1378
2022-08-02,1569.25,1342
2022-08-03,1558.0,872
2022-08-04,1615.0,396
2022-08-05,1614.75,240
2022-08-08,1619.5,350
2022-08-09,1693.25,427
2022-08-10,1688.75,239
2022-08-11,1709.5,93
2022-08-12,1669.25,17217
2022-08-15,1494.0,13073
2022-08-16,1454.25,12286
2022-08-17,1475.25,8838
2022-08-18,1495.5,8579
2022-08-19,1488.75,5821
2022-08-22,1527.0,10433
2022-08-23,1566.75,13082
2022-08-24,1560.75,12242
2022-08-25,1552.5,9648
2022-08-26,1605.25,14850
2022-08-29,1534.75,11281
2022-08-30,1513.0,4540
2022-08-31,1507.5,578
2022-09-01,1472.75,697
2022-09-02,1510.5,123
2022-09-06,1490.0,82
2022-09-07,1466.75,54
2022-09-08,1470.5,59
2022-09-09,1489.25,9
2022-09-12,1549.75,25
2022-09-13,1534.25,170
2022-09-14,1503.75,110615
2022-09-15,1451.5,100629
2022-09-16,1448.5,85172
2022-09-19,1461.25,88514
2022-09-20,1478.75,107521
2022-09-21,1461.25,95500
2022-09-22,1457.0,115426
2022-09-23,1425.75,120138
2022-09-26,1411.25,125611
2022-09-27,1408.0,144461
2022-09-28,1408.75,153869
2022-09-29,1410.75,157471
2022-09-30,1364.75,185769
2022-10-03,1374.0,122444
2022-10-04,1383.5,119917
2022-10-05,1369.75,108763
2022-10-06,1358.0,110344
2022-10-07,1367.0,140543
2022-10-10,1374.0,196819
2022-10-11,1376.25,126082
2022-10-12,1396.0,220285
2022-10-13,1395.75,145762
2022-10-14,1383.75,123738
2022-10-17,1385.25,116449
2022-10-18,1372.0,143267
2022-10-19,1372.5,105181
2022-10-20,1391.5,130958
2022-10-21,1395.5,116214
2022-10-24,1372.0,118812
2022-10-25,1382.0,98749
2022-10-26,1381.75,107710
2022-10-27,1382.25,79221
2022-10-28,1387.75,66790
2022-10-31,1407.0,10073
2022-11-01,1435.75,5327
2022-11-02,1440.0,2357
2022-11-03,1426.75,989
2022-11-04,1451.5,473
2022-11-07,1440.0,1472
2022-11-08,1444.0,1250
2022-11-09,1459.75,820
2022-11-10,1430.5,510
2022-11-11,1455.5,236
2022-11-14,1441.75,78858
2022-11-15,1457.25,99988
2022-11-16,1429.25,96622
2022-11-17,1417.0,88314
2022-11-18,1428.25,63078
2022-11-21,1436.75,69911
2022-11-22,1429.75,69272
2022-11-23,1436.0,67115
2022-11-25,1436.25,41566
2022-11-28,1457.25,102364
2022-11-29,1459.5,91119
2022-11-30,1469.5,93201
2022-12-01,1429.75,134068
2022-12-02,1438.5,91648
2022-12-05,1437.75,82713
2022-12-06,1455.0,126974
2022-12-07,1472.0,145108
2022-12-08,1486.25,141915
2022-12-09,1483.75,96091
2022-12-12,1460.5,125861
2022-12-13,1479.75,145783
2022-12-14,1482.25,112117
2022-12-15,1473.5,97511
2022-12-16,1480.0,69325
2022-12-19,1460.75,101717
2022-12-20,1478.5,111696
2022-12-21,1481.0,84786
2022-12-22,1467.75,75905
2022-12-23,1479.0,52836
2022-12-27,1482.25,61925
2022-12-28,1506.5,42705
2022-12-29,1508.75,27307
2022-12-30,1519.25,7092
2023-01-03,1487.25,2951
2023-01-04,1478.25,2200
2023-01-05,1466.75,1169
2023-01-06,1501.5,2024
2023-01-09,1503.5,446
2023-01-10,1510.0,350
2023-01-11,1515.0,617
2023-01-12,1529.5,491
2023-01-13,1538.25,104971
2023-01-17,1539.75,118314
2023-01-18,1524.5,133372
2023-01-19,1514.75,124401
2023-01-20,1506.5,98916
2023-01-23,1490.25,134889
2023-01-24,1488.5,129464
2023-01-25,1502.5,119104
2023-01-26,1523.5,123245
2023-01-27,1509.5,101755
2023-01-30,1535.25,123619
2023-01-31,1538.0,126434
2023-02-01,1520.25,129978
2023-02-02,1534.25,99742
2023-02-03,1532.0,101436
2023-02-06,1521.25,131712
2023-02-07,1515.25,164240
2023-02-08,1519.75,177793
2023-02-09,1519.25,189473
2023-02-10,1542.5,173799
2023-02-13,1542.75,162409
2023-02-14,1537.5,115529
2023-02-15,1525.75,132117
2023-02-16,1526.5,115376
2023-02-17,1527.25,93637
2023-02-21,1548.75,115702
2023-02-22,1539.5,90517
2023-02-23,1534.25,85546
2023-02-24,1529.0,71895
2023-02-27,1518.25,43689
2023-02-28,1490.5,9027
2023-03-01,1504.25,2793
2023-03-02,1519.75,2029
2023-03-03,1530.5,1607
2023-03-06,1541.0,1130
2023-03-07,1525.25,645
2023-03-08,1526.75,272
2023-03-09,1520.0,224
2023-03-10,1513.0,467
2023-03-13,1500.0,139
2023-03-14,1499.75,108201
2023-03-15,1489.25,115247
2023-03-16,1491.5,107038
2023-03-17,1476.5,119474
2023-03-20,1486.0,122780
2023-03-21,1467.0,101494
2023-03-22,1448.5,141743
2023-03-23,1419.5,157574
2023-03-24,1428.25,143036
2023-03-27,1442.25,98099
2023-03-28,1467.75,122627
2023-03-29,1477.25,105996
2023-03-30,1474.5,110079
2023-03-31,1505.5,167862
2023-04-03,1522.0,121608
2023-04-04,1517.5,112285
2023-04-05,1511.0,124119
2023-04-06,1492.5,0
2023-04-10,1487.25,105039
2023-04-11,1497.25,156745
2023-04-12,1504.25,132897
2023-04-13,1501.0,132337
2023-04-14,1500.5,118382
2023-04-17,1517.0,85451
2023-04-18,1519.25,99155
2023-04-19,1506.5,95853
2023-04-20,1497.5,95685
2023-04-21,1483.5,89795
2023-04-24,1465.25,87803
2023-04-25,1445.25,62592
2023-04-26,1436.0,51187
2023-04-27,1426.75,22194
2023-04-28,1444.25,3373
2023-05-01,1454.75,601
2023-05-02,1439.5,634
2023-05-03,1448.0,733
2023-05-04,1448.5,424
2023-05-05,1469.0,242
2023-05-08,1468.75,267
2023-05-09,1451.75,327
2023-05-10,1436.5,106
2023-05-11,1443.25,137
2023-05-12,1435.0,124961
2023-05-15,1400.75,111854
2023-05-16,1364.0,149242
2023-05-17,1337.0,145517
2023-05-18,1333.25,124325
2023-05-19,1307.25,135856
2023-05-22,1341.25,143213
2023-05-23,1322.5,111359
2023-05-24,1324.5,95312
2023-05-25,1324.0,131878
2023-05-26,1337.25,104197
2023-05-30,1296.5,128256
2023-05-31,1299.75,137386
2023-06-01,1329.5,132076
2023-06-02,1352.5,120303
2023-06-05,1350.0,98182
2023-06-06,1353.25,129813
2023-06-07,1360.75,143477
2023-06-08,1363.25,152587
2023-06-09,1386.5,142158
2023-06-12,1372.75,122300
2023-06-13,1399.25,161567
2023-06-14,1388.25,124157
2023-06-15,1428.25,144129
2023-06-16,1466.5,158732
2023-06-20,1477.25,126378
2023-06-21,1514.75,105944
2023-06-22,1500.5,100736
2023-06-23,1494.5,83289
2023-06-26,1521.0,51073
2023-06-27,1495.0,50206
2023-06-28,1451.0,34817
2023-06-29,1483.0,23201
2023-06-30,1557.25,5228
2023-07-03,1562.0,1870
2023-07-05,1547.25,1034
2023-07-06,1525.75,507
2023-07-07,1485.5,417
2023-07-10,1508.0,94
2023-07-11,1520.5,209
2023-07-12,1488.5,132
2023-07-13,1518.0,72
2023-07-14,1495.75,27708
2023-07-17,1484.0,25571
2023-07-18,1492.0,26908
2023-07-19,1491.5,33338
2023-07-20,1495.0,28198
2023-07-21,1501.0,28372
2023-07-24,1523.25,29203
2023-07-25,1515.5,25259
2023-07-26,1546.25,30605
2023-07-27,1532.0,25445
2023-07-28,1486.75,13888
2023-07-31,1445.75,2352
2023-08-01,1446.75,2092
2023-08-02,1429.75,744
2023-08-03,1428.75,1505
2023-08-04,1444.0,323
2023-08-07,1414.5,212
2023-08-08,1430.0,382
2023-08-09,1431.5,104
2023-08-10,1412.0,82
2023-08-11,1401.25,25
2023-08-14,1391.0,7906
2023-08-15,1323.25,15884
2023-08-16,1334.75,9256
2023-08-17,1336.75,12549
2023-08-18,1362.75,11335
2023-08-21,1370.0,13759
2023-08-22,1351.5,8855
2023-08-23,1359.5,16285
2023-08-24,1365.75,8107
2023-08-25,1381.0,14320
2023-08-28,1395.25,10112
2023-08-29,1382.0,9140
2023-08-30,1381.25,9727
2023-08-31,1360.0,853
2023-09-01,1356.25,422
2023-09-05,1349.0,85
2023-09-06,1360.25,102
2023-09-07,1345.0,310
2023-09-08,1349.5,198
2023-09-11,1352.5,36
2023-09-12,1331.75,274
2023-09-13,1336.0,201
2023-09-14,1343.75,138778
2023-09-15,1340.25,114647
2023-09-18,1316.75,137195
2023-09-19,1315.5,138842
2023-09-20,1320.0,112121
2023-09-21,1293.75,140563
2023-09-22,1296.25,121669
2023-09-25,1297.75,101011
2023-09-26,1302.75,135125
2023-09-27,1303.25,146484
2023-09-28,1300.5,151183
2023-09-29,1275.0,169945
2023-10-02,1277.0,156106
2023-10-03,1272.75,191994
2023-10-04,1273.0,126709
2023-10-05,1280.75,143482
2023-10-06,1266.0,156382
2023-10-09,1264.25,162794
2023-10-10,1271.5,161646
2023-10-11,1252.5,185252
2023-10-12,1290.0,235474
2023-10-13,1280.25,139748
2023-10-16,1286.25,111494
2023-10-17,1296.75,135410
2023-10-18,1311.0,163209
2023-10-19,1315.5,182300
2023-10-20,1302.25,143729
2023-10-23,1286.75,119491
2023-10-24,1295.25,125254
2023-10-25,1288.25,111043
2023-10-26,1279.5,105810
2023-10-27,1297.25,108290
2023-10-30,1282.75,77497
2023-10-31,1287.0,7814
2023-11-01,1291.25,2816
2023-11-02,1304.0,1729
2023-11-03,1327.5,2203
2023-11-06,1340.5,1020
2023-11-07,1348.75,2165
2023-11-08,1349.0,217
2023-11-09,1327.75,92
2023-11-10,1333.5,163
2023-11-13,1368.0,284
2023-11-14,1368.75,121756
2023-11-15,1385.0,112125
2023-11-16,1360.25,139084
2023-11-17,1340.25,125658
2023-11-20,1367.25,126688
2023-11-21,1377.25,131504
2023-11-22,1356.5,123978
2023-11-24,1330.75,79518
2023-11-27,1329.75,108127
2023-11-28,1346.5,122211
2023-11-29,1347.0,110829
2023-11-30,1342.75,106352
2023-12-01,1325.0,133231
2023-12-04,1306.25,145541
2023-12-05,1305.5,127531
2023-12-06,1295.5,114902
2023-12-07,1311.75,142340
2023-12-08,1304.0,143886
2023-12-11,1336.0,156810
2023-12-12,1323.75,151132
2023-12-13,1307.5,134421
2023-12-14,1314.0,92835
2023-12-15,1315.75,104871
2023-12-18,1327.0,105952
2023-12-19,1312.5,136922
2023-12-20,1308.25,101196
2023-12-21,1297.25,71637
2023-12-22,1299.75,52365
2023-12-26,1313.25,34317
2023-12-27,1316.75,37407
2023-12-28,1305.25,23869
2023-12-29,1293.5,6682
2024-01-02,1274.0,2675
2024-01-03,1269.5,2363
2024-01-04,1262.0,353
2024-01-05,1249.75,1000
2024-01-08,1239.5,255
2024-01-09,1241.5,158
2024-01-10,1228.75,307
2024-01-11,1231.25,220
2024-01-12,1205.75,237245
2024-01-16,1227.25,140122
2024-01-17,1205.75,138322
2024-01-18,1213.5,112771
2024-01-19,1213.25,96455
2024-01-22,1224.25,94437
2024-01-23,1239.5,107718
2024-01-24,1240.25,130579
2024-01-25,1223.0,138526
2024-01-26,1209.25,112232
2024-01-29,1194.25,160776
2024-01-30,1218.75,133600
2024-01-31,1222.25,131031
2024-02-01,1203.25,117651
2024-02-02,1188.5,101687
2024-02-05,1196.25,133159
2024-02-06,1199.5,104104
2024-02-07,1189.0,137235
2024-02-08,1193.5,165204
2024-02-09,1183.5,120117
2024-02-12,1193.0,114463
2024-02-13,1186.25,132884
2024-02-14,1170.5,128628
2024-02-15,1162.25,135571
2024-02-16,1172.25,99941
2024-02-20,1179.0,145020
2024-02-21,1160.75,113652
2024-02-22,1147.75,136672
2024-02-23,1133.0,125088
2024-02-26,1136.0,98731
2024-02-27,1131.25,79533
2024-02-28,1134.0,37481
2024-02-29,1128.25,4459
2024-03-01,1143.0,763
2024-03-04,1147.0,404
2024-03-05,1140.75,1080
2024-03-06,1140.25,287
2024-03-07,1157.0,443
2024-03-08,1170.5,199
2024-03-11,1165.0,42
2024-03-12,1182.0,73
2024-03-13,1181.75,24
2024-03-14,1180.75,164064
2024-03-15,1198.25,117888
2024-03-18,1187.75,97550
2024-03-19,1185.5,103620
2024-03-20,1209.5,161255
2024-03-21,1212.0,150049
2024-03-22,1192.5,121895
2024-03-25,1209.25,106767
2024-03-26,1199.0,119009
2024-03-27,1192.5,104399
2024-03-28,1191.5,160360
2024-04-01,1185.75,104397
2024-04-02,1174.0,173481
2024-04-03,1182.25,160346
2024-04-04,1180.0,119935
2024-04-05,1185.0,162613
2024-04-08,1181.5,159389
2024-04-09,1174.5,167029
2024-04-10,1164.75,156535
2024-04-11,1159.25,163734
2024-04-12,1174.0,160130
2024-04-15,1158.25,134465
2024-04-16,1145.0,148376
2024-04-17,1149.5,104230
2024-04-18,1134.25,109349
2024-04-19,1150.5,124590
2024-04-22,1161.0,107395
2024-04-23,1167.5,112266
2024-04-24,1166.0,92302
2024-04-25,1162.75,106684
2024-04-26,1159.5,78879
2024-04-29,1160.75,58269
2024-04-30,1145.5,5743
2024-05-01,1155.75,3404
2024-05-02,1190.0,2408
2024-05-03,1201.75,711
2024-05-06,1234.75,486
2024-05-07,1232.25,51
2024-05-08,1212.75,87
2024-05-09,1192.75,66
2024-05-10,1205.0,82
2024-05-13,1205.5,6
2024-05-14,1199.0,115517
2024-05-15,1213.5,124938
2024-05-16,1216.25,99241
2024-05-17,1228.0,133101
2024-05-20,1248.0,171388
2024-05-21,1236.25,126275
2024-05-22,1246.25,125072
2024-05-23,1239.25,136099
2024-05-24,1248.0,107257
2024-05-28,1229.5,140138
2024-05-29,1214.0,123723
2024-05-30,1209.75,107751
2024-05-31,1205.0,106393
2024-06-03,1184.5,119994
2024-06-04,1179.0,145530
2024-06-05,1177.25,154196
2024-06-06,1200.0,162161
2024-06-07,1179.25,175688
2024-06-10,1188.25,139377
2024-06-11,1178.0,160774
2024-06-12,1177.25,161099
2024-06-13,1189.5,149824
2024-06-14,1179.75,132144
2024-06-17,1157.75,138815
2024-06-18,1174.0,148950
2024-06-20,1155.25,146080
2024-06-21,1160.5,111374
2024-06-24,1175.25,88889
2024-06-25,1163.25,83116
2024-06-26,1162.75,67870
2024-06-27,1152.25,32512
2024-06-28,1150.5,4183
2024-07-01,1159.5,1313
2024-07-02,1165.0,1375
2024-07-03,1176.5,924
2024-07-05,1188.5,812
2024-07-08,1174.25,985
2024-07-09,1161.5,839
2024-07-10,1141.25,698
2024-07-11,1142.75,108
2024-07-12,1134.5,41399
2024-07-15,1078.0,35655
2024-07-16,1090.5,37408
2024-07-17,1097.25,41677
2024-07-18,1098.5,35569
2024-07-19,1097.25,25658
2024-07-22,1117.75,40798
2024-07-23,1117.5,51623
2024-07-24,1111.0,34547
2024-07-25,1116.0,38157
2024-07-26,1077.5,61437
2024-07-29,1054.75,37618
2024-07-30,1027.25,16709
2024-07-31,1028.5,2651
2024-08-01,1022.0,1384
2024-08-02,1029.25,633
2024-08-05,1044.25,64
2024-08-06,1028.5,694
2024-08-07,1020.25,195
2024-08-08,1009.75,172
2024-08-09,1028.0,24
2024-08-12,1012.0,12
2024-08-13,989.0,19
2024-08-14,979.75,15972
2024-08-15,951.5,15039
2024-08-16,938.75,17420
2024-08-19,956.25,15833
2024-08-20,957.25,13630
2024-08-21,963.0,12788
2024-08-22,941.25,17660
2024-08-23,952.0,16814
2024-08-26,959.75,18427
2024-08-27,967.5,13636
2024-08-28,958.5,10273
2024-08-29,973.75,10556
2024-08-30,982.0,2055
2024-09-03,997.0,518
2024-09-04,1006.0,382
2024-09-05,1008.25,309
2024-09-06,989.25,122
2024-09-09,1000.0,122
2024-09-10,977.5,59
2024-09-11,979.75,25
2024-09-12,991.5,4
2024-09-13,986.75,120065
2024-09-16,1004.5,79098
2024-09-17,1006.0,80303
2024-09-18,1014.0,147447
2024-09-19,1013.25,116585
2024-09-20,1012.0,128091
2024-09-23,1039.25,220319
2024-09-24,1042.25,206134
2024-09-25,1053.25,175631
2024-09-26,1041.0,191090
2024-09-27,1065.75,237043
2024-09-30,1057.0,167653
2024-10-01,1057.25,165015
2024-10-02,1056.0,158797
2024-10-03,1046.0,126126
2024-10-04,1037.75,136658
2024-10-07,1034.0,170260
2024-10-08,1016.25,215735
2024-10-09,1020.25,185293
2024-10-10,1014.75,158953
2024-10-11,1005.5,213825
2024-10-14,996.0,165943
2024-10-15,991.0,239187
2024-10-16,980.0,247535
2024-10-17,988.75,236377
2024-10-18,970.0,229536
2024-10-21,981.0,184725
2024-10-22,991.75,185249
2024-10-23,997.5,157963
2024-10-24,996.25,190684
2024-10-25,987.75,143812
2024-10-28,974.0,109011
2024-10-29,965.25,82001
2024-10-30,976.5,57700
2024-10-31,982.5,7820
2024-11-01,982.5,3051
2024-11-04,987.25,1524
2024-11-05,993.75,629
2024-11-06,994.5,391
2024-11-07,1015.5,545
2024-11-08,1016.75,427
2024-11-11,1011.75,212
2024-11-12,1003.5,209
2024-11-13,1004.25,86
2024-11-14,985.75,152378
2024-11-15,998.5,140153
2024-11-18,1009.75,107221
2024-11-19,998.5,114559
2024-11-20,990.5,110520
2024-11-21,977.75,145233
2024-11-22,983.5,113875
2024-11-25,985.75,100522
2024-11-26,983.5,131739
2024-11-27,988.75,134095
2024-11-29,989.5,77392
2024-12-02,985.25,124010
2024-12-03,991.75,135065
2024-12-04,983.75,113543
2024-12-05,993.75,109222
2024-12-06,993.75,150604
2024-12-09,990.0,155123
2024-12-10,994.75,162231
2024-12-11,995.5,177510
2024-12-12,995.75,178084
2024-12-13,988.25,97052
2024-12-16,982.0,126195
2024-12-17,976.75,170736
2024-12-18,951.75,171410
2024-12-19,963.0,170407
2024-12-20,974.5,110119
2024-12-23,969.5,73622
2024-12-24,975.25,28802
2024-12-26,988.0,70637
2024-12-27,980.0,56059
2024-12-30,982.0,39468
2024-12-31,998.25,5238
2025-01-02,999.5,1299
2025-01-03,981.0,912
2025-01-06,992.5,598
2025-01-07,992.25,265
2025-01-08,987.5,308
2025-01-09,992.25,168
2025-01-10,1013.5,435
2025-01-13,1041.5,202
2025-01-14,1043.0,220603
2025-01-15,1042.75,139448
2025-01-16,1019.0,162099
2025-01-17,1034.0,189419
2025-01-21,1067.25,215089
2025-01-22,1056.0,214743
2025-01-23,1065.5,148819
2025-01-24,1055.75,177241
2025-01-27,1045.0,127356
2025-01-28,1045.0,129003
2025-01-29,1060.5,128051
2025-01-30,1044.0,135406
2025-01-31,1042.0,154522
2025-02-03,1058.25,164396
2025-02-04,1075.0,182908
2025-02-05,1057.0,166300
2025-02-06,1060.5,129164
2025-02-07,1049.5,154226
2025-02-10,1049.5,128319
2025-02-11,1043.5,149758
2025-02-12,1027.75,171577
2025-02-13,1030.0,147392
2025-02-14,1036.0,120772
2025-02-18,1038.5,123334
2025-02-19,1031.75,133961
2025-02-20,1045.5,112590
2025-02-21,1039.5,115932
2025-02-24,1029.0,101531
2025-02-25,1031.25,117588
2025-02-26,1024.5,74754
2025-02-27,1022.75,37040
2025-02-28,1011.5,1982
2025-03-03,998.25,2052
2025-03-04,984.0,928
2025-03-05,997.75,276
2025-03-06,1014.0,416
2025-03-07,1010.25,112
2025-03-10,999.75,89
2025-03-11,997.75,66
2025-03-12,987.5,39
2025-03-13,996.75,33
2025-03-14,999.25,101125
2025-03-17,1015.5,80925
2025-03-18,1012.75,100675
2025-03-19,1008.25,124450
2025-03-20,1013.0,117385
2025-03-21,1009.75,101376
2025-03-24,1007.25,88648
2025-03-25,1001.75,99523
2025-03-26,1001.0,103851
2025-03-27,1016.75,111192
2025-03-28,1023.0,120885
2025-03-31,1014.75,160036
2025-04-01,1034.25,167012
2025-04-02,1029.5,129992
2025-04-03,1011.5,169499
2025-04-04,977.0,269757
2025-04-07,983.0,272593
2025-04-08,992.75,216115
2025-04-09,1012.75,205523
2025-04-10,1029.0,192962
2025-04-11,1042.75,191945
2025-04-14,1041.75,117322
2025-04-15,1036.0,126985
2025-04-16,1038.75,113594
2025-04-17,1036.5,88269
2025-04-21,1029.5,56324
2025-04-22,1035.0,78848
2025-04-23,1040.25,105262
2025-04-24,1053.0,95258
2025-04-25,1049.75,80595
2025-04-28,1052.0,69123
2025-04-29,1041.0,38351
2025-04-30,1034.75,3242
2025-05-01,1040.25,2080
2025-05-02,1048.75,1388
2025-05-05,1038.0,682
2025-05-06,1034.75,282
2025-05-07,1030.5,204
2025-05-08,1036.75,61
2025-05-09,1044.0,53
2025-05-12,1066.0,75
2025-05-13,1067.25,31
2025-05-14,1067.0,124910
2025-05-15,1051.25,172955
2025-05-16,1050.0,114733
2025-05-19,1050.75,78345
2025-05-20,1053.0,92812
2025-05-21,1062.75,129770
2025-05-22,1067.5,114369
2025-05-23,1060.25,105119
2025-05-27,1062.5,85012
2025-05-28,1048.5,94732
2025-05-29,1051.75,121364
2025-05-30,1041.75,103024
2025-06-02,1033.5,110582
2025-06-03,1040.75,103958
2025-06-04,1045.0,136377
2025-06-05,1051.75,0
2025-06-06,1057.25,130387
2025-06-09,1056.0,120715
2025-06-10,1057.75,139464
2025-06-11,1050.5,159137
2025-06-12,1042.25,228330
2025-06-13,1069.75,211601
2025-06-16,1069.75,159294
2025-06-17,1074.0,132731
2025-06-18,1074.75,0
2025-06-20,1068.0,104762
2025-06-23,1058.75,105102
2025-06-24,1046.75,98635
2025-06-25,1025.25,114571
2025-06-26,1022.75,61878
2025-06-27,1027.75,26684
2025-06-30,1024.25,5015
2025-07-01,1024.75,1119
2025-07-02,1050.5,863
2025-07-03,1056.25,0
2025-07-07,1031.75,1227
2025-07-08,1024.25,239
2025-07-09,1012.25,18
2025-07-10,1012.5,48
2025-07-11,1004.0,22
2025-07-14,997.0,41417
2025-07-15,995.0,31994
2025-07-16,1013.5,33432
2025-07-17,1021.5,36536
2025-07-18,1027.75,46931
2025-07-21,1015.0,36572
2025-07-22,1010.25,57095
2025-07-23,1005.75,56306
2025-07-24,1004.25,68411
2025-07-25,998.75,50674
2025-07-28,988.75,59017
2025-07-29,981.75,51072
2025-07-30,967.75,26906
2025-07-31,961.75,2159
2025-08-01,961.75,446
2025-08-04,969.0,484
2025-08-05,969.0,306
2025-08-06,961.5,142
2025-08-07,971.75,22
2025-08-08,966.75,206
2025-08-11,989.5,26
2025-08-12,1011.75,157
2025-08-13,1023.5,59
2025-08-14,1008.5,27617
2025-08-15,1022.25,19843
2025-08-18,1020.75,17318
2025-08-19,1013.0,18605
2025-08-20,1015.0,14436
2025-08-21,1034.5,35172
2025-08-22,1036.5,23422
2025-08-25,1025.5,30733
2025-08-26,1028.75,23442
2025-08-27,1027.25,18842
2025-08-28,1028.25,19385
2025-08-29,1036.75,0
2025-09-02,1025.75,1134
2025-09-03,1016.0,583
2025-09-04,1012.0,409
2025-09-05,1006.5,127
2025-09-08,1013.5,65
2025-09-09,1011.5,18
2025-09-10,1005.5,20
2025-09-11,1015.25,17
2025-09-12,1025.75,185166
2025-09-15,1042.75,119751
2025-09-16,1049.75,109074
2025-09-17,1043.75,106461
2025-09-18,1037.5,99218
2025-09-19,1025.5,184812
2025-09-22,1011.0,188011
2025-09-23,1012.0,147291
2025-09-24,1009.0,155373
2025-09-25,1012.25,132635
2025-09-26,1013.75,103466
2025-09-29,1010.5,103672
2025-09-30,1001.75,160384
2025-10-01,1013.0,207983
2025-10-02,1023.75,169691
2025-10-03,1018.0,137811
2025-10-06,1017.75,117346
2025-10-07,1022.0,153295
2025-10-08,1029.5,199782
2025-10-09,1022.25,212396
2025-10-10,1006.75,239699
2025-10-13,1007.75,239699
2025-10-14,1006.5,143602
2025-10-15,1006.5,147308
2025-10-16,1010.75,145818
2025-10-17,1019.5,163412
2025-10-20,1031.75,183111
2025-10-21,1030.75,173746
2025-10-22,1034.75,206187
2025-10-23,1044.75,145526
2025-10-24,1041.75,154262
2025-10-27,1067.25,178679
2025-10-28,1078.25,136145
2025-10-29,1080.25,83363
2025-10-30,1091.25,54356
2025-10-31,1099.75,7984
2025-11-03,1119.75,0
2025-11-04,1108.25,1309
2025-11-05,1119.75,1495
2025-11-06,1091.75,662
2025-11-07,1101.75,350
2025-11-10,1116.0,635
2025-11-11,1113.25,196
2025-11-12,1120.5,99
2025-11-13,1132.0,148
2025-11-14,1112.75,217050
2025-11-17,1157.25,233035
2025-11-18,1153.5,186560
2025-11-19,1136.25,118644
2025-11-20,1122.5,128502
2025-11-21,1125.0,123067
2025-11-24,1123.25,109625
2025-11-25,1124.75,115334
2025-11-26,1131.5,104778
2025-11-28,1137.75,38009
2025-12-01,1128.0,117117
2025-12-02,1124.75,134455
2025-12-03,1115.75,127538
2025-12-04,1119.5,134989
2025-12-05,1105.25,140332
2025-12-08,1093.75,170570
2025-12-09,1087.25,185665
2025-12-10,1091.25,148748
2025-12-11,1093.5,149794
2025-12-12,1076.75,131283
2025-12-15,1071.75,184066
2025-12-16,1062.75,138914
2025-12-17,1058.25,130593
2025-12-18,1052.25,115444
2025-12-19,1049.25,101057
2025-12-22,1053.25,102352
2025-12-23,1051.5,98420
2025-12-24,1063.25,48593
2025-12-26,1058.75,43839
2025-12-29,1049.5,61737
2025-12-30,1046.25,38187
2025-12-31,1030.5,5656
2026-01-02,1029.5,1541
2026-01-05,1047.25,1159
2026-01-06,1042.0,527
2026-01-07,1052.75,233
2026-01-08,1047.0,183
2026-01-09,1048.5,73
2026-01-12,1033.0,101
2026-01-13,1023.25,83
2026-01-14,1030.5,120636
2026-01-15,1053.0,145382
2026-01-16,1057.75,106931
2026-01-20,1053.0,113531
2026-01-21,1064.5,135831
2026-01-22,1064.0,137094
2026-01-23,1067.75,92591
2026-01-26,1061.75,97874
2026-01-27,1067.25,81662
2026-01-28,1075.0,144498
2026-01-29,1072.25,144858
2026-01-30,1064.25,144858
2026-02-02,1060.0,91219
