date,close_corn,volume_corn
2005-01-03,201.75,1743
2005-01-04,201.0,1357
2005-01-05,201.5,1159
2005-01-06,208.75,7093
2005-01-07,206.75,1307
2005-01-10,206.75,998
2005-01-11,206.75,1091
2005-01-12,200.5,1427
2005-01-13,200.0,1189
2005-01-14,197.25,3171
2005-01-18,196.0,867
2005-01-19,196.75,594
2005-01-20,197.75,401
2005-01-21,197.0,1033
2005-01-24,197.75,505
2005-01-25,199.0,1975
2005-01-26,198.75,829
2005-01-27,195.75,1176
2005-01-28,195.75,1612
2005-01-31,197.0,1051
2005-02-01,197.0,702
2005-02-02,195.25,525
2005-02-03,195.0,386
2005-02-04,195.0,588
2005-02-07,196.25,934
2005-02-08,194.75,879
2005-02-09,195.0,830
2005-02-10,198.25,875
2005-02-11,198.25,2785
2005-02-14,200.5,1029
2005-02-15,200.0,930
2005-02-16,197.0,1193
2005-02-17,199.25,998
2005-02-18,200.0,2883
2005-02-22,207.5,863
2005-02-23,205.75,820
2005-02-24,205.75,1268
2005-02-25,211.5,915
2005-02-28,214.5,441
2005-03-01,211.0,9
2005-03-02,210.25,212
2005-03-03,209.5,348
2005-03-04,209.0,66
2005-03-07,205.5,65
2005-03-08,206.75,78
2005-03-09,209.25,42
2005-03-10,212.5,42
2005-03-11,217.5,2
2005-03-14,214.5,2819
2005-03-15,228.5,2985
2005-03-16,225.5,2897
2005-03-17,223.5,2679
2005-03-18,219.75,1046
2005-03-21,214.5,1016
2005-03-22,214.0,3881
2005-03-23,210.75,1220
2005-03-24,210.5,933
2005-03-28,212.75,568
2005-03-29,213.0,792
2005-03-30,212.5,915
2005-03-31,213.0,1856
2005-04-01,212.75,760
2005-04-04,209.75,693
2005-04-05,205.5,464
2005-04-06,207.25,799
2005-04-07,205.5,623
2005-04-08,204.0,873
2005-04-11,205.75,3102
2005-04-12,206.75,657
2005-04-13,205.75,718
2005-04-14,207.5,706
2005-04-15,206.25,766
2005-04-18,204.25,364
2005-04-19,209.5,966
2005-04-20,210.75,723
2005-04-21,211.25,222
2005-04-22,209.25,983
2005-04-25,213.25,319
2005-04-26,213.0,403
2005-04-27,208.25,307
2005-04-28,204.5,737
2005-04-29,204.75,564
2005-05-02,200.5,37
2005-05-03,197.0,9
2005-05-04,198.0,153
2005-05-05,199.75,39
2005-05-06,200.5,10
2005-05-09,199.75,11
2005-05-10,200.25,11
2005-05-11,198.25,17
2005-05-12,196.25,17
2005-05-13,195.25,1159
2005-05-16,207.0,2258
2005-05-17,207.5,586
2005-05-18,210.75,2424
2005-05-19,209.5,1128
2005-05-20,213.25,3051
2005-05-23,224.5,4699
2005-05-24,221.25,2236
2005-05-25,222.75,834
2005-05-26,225.0,4868
2005-05-27,221.25,4972
2005-05-31,222.0,1942
2005-06-01,224.5,2138
2005-06-02,217.0,2803
2005-06-03,218.25,4651
2005-06-06,220.75,2515
2005-06-07,220.25,3645
2005-06-08,216.0,3120
2005-06-09,215.5,1106
2005-06-10,210.0,3192
2005-06-13,215.0,3055
2005-06-14,219.0,2258
2005-06-15,224.25,1788
2005-06-16,225.75,2133
2005-06-17,229.0,7407
2005-06-20,235.5,2895
2005-06-21,232.25,2076
2005-06-22,229.5,1827
2005-06-23,226.5,3683
2005-06-24,232.75,3917
2005-06-27,221.5,842
2005-06-28,218.5,450
2005-06-29,216.5,717
2005-06-30,212.25,258
2005-07-01,216.5,190
2005-07-05,231.0,495
2005-07-06,230.75,59
2005-07-07,233.75,6
2005-07-08,226.25,4
2005-07-11,226.75,3
2005-07-12,227.0,45
2005-07-13,237.25,7
2005-07-14,245.25,1071
2005-07-15,257.75,3851
2005-07-18,260.0,1063
2005-07-19,248.5,956
2005-07-20,241.5,1390
2005-07-21,234.0,1493
2005-07-22,233.5,1449
2005-07-25,230.5,484
2005-07-26,234.25,527
2005-07-27,236.5,652
2005-07-28,241.0,557
2005-07-29,236.5,1175
2005-08-01,231.75,932
2005-08-02,232.5,577
2005-08-03,227.0,1109
2005-08-04,224.5,709
2005-08-05,220.5,758
2005-08-08,222.0,1225
2005-08-09,218.75,784
2005-08-10,223.0,1538
2005-08-11,225.0,1360
2005-08-12,217.75,1674
2005-08-15,210.5,399
2005-08-16,209.5,387
2005-08-17,213.0,351
2005-08-18,211.25,391
2005-08-19,210.25,114
2005-08-22,212.5,343
2005-08-23,210.5,301
2005-08-24,208.75,505
2005-08-25,206.25,369
2005-08-26,203.75,1845
2005-08-29,204.75,807
2005-08-30,203.5,1184
2005-08-31,201.5,145
2005-09-01,207.75,54
2005-09-02,203.5,209
2005-09-06,207.5,209
2005-09-07,204.25,107
2005-09-08,202.75,37
2005-09-09,203.0,10
2005-09-12,198.5,67
2005-09-13,198.5,1
2005-09-14,195.0,2067
2005-09-15,206.5,729
2005-09-16,206.25,588
2005-09-19,206.25,1043
2005-09-20,206.75,682
2005-09-21,206.5,1896
2005-09-22,208.25,590
2005-09-23,207.25,574
2005-09-26,204.5,530
2005-09-27,203.25,464
2005-09-28,203.25,854
2005-09-29,203.5,678
2005-09-30,205.5,1737
2005-10-03,208.75,2323
2005-10-04,205.75,1506
2005-10-05,204.75,996
2005-10-06,204.25,620
2005-10-07,202.5,660
2005-10-10,202.0,1470
2005-10-11,202.5,2079
2005-10-12,205.75,1980
2005-10-13,203.5,789
2005-10-14,203.5,823
2005-10-17,203.75,1337
2005-10-18,202.0,666
2005-10-19,201.75,1898
2005-10-20,202.75,1481
2005-10-21,201.5,1095
2005-10-24,199.5,1455
2005-10-25,199.5,850
2005-10-26,198.25,557
2005-10-27,197.75,1007
2005-10-28,197.0,636
2005-10-31,196.25,2138
2005-11-01,196.75,1630
2005-11-02,196.0,978
2005-11-03,196.25,951
2005-11-04,195.5,886
2005-11-07,194.75,1012
2005-11-08,195.25,1179
2005-11-09,195.25,2847
2005-11-10,193.75,397
2005-11-11,195.5,1739
2005-11-14,196.75,746
2005-11-15,195.75,463
2005-11-16,192.75,1489
2005-11-17,192.25,744
2005-11-18,191.25,579
2005-11-21,191.5,830
2005-11-22,191.5,2023
2005-11-23,190.75,2023
2005-11-24,190.75,370
2005-11-25,189.75,2291
2005-11-28,187.75,2115
2005-11-29,186.25,988
2005-11-30,187.5,189
2005-12-01,189.25,246
2005-12-02,189.75,168
2005-12-05,193.5,89
2005-12-06,190.75,24
2005-12-07,187.0,22
2005-12-08,188.25,97
2005-12-09,189.75,37
2005-12-12,194.25,37
2005-12-13,195.5,0
2005-12-14,194.25,573
2005-12-15,204.75,1449
2005-12-16,207.5,1548
2005-12-19,208.75,1881
2005-12-20,209.75,1229
2005-12-21,210.0,2481
2005-12-22,212.75,1381
2005-12-23,214.0,3407
2005-12-27,215.5,1376
2005-12-28,216.25,1312
2005-12-29,211.0,1671
2005-12-30,215.75,4756
2006-01-03,220.0,2672
2006-01-04,218.25,1703
2006-01-05,215.5,1097
2006-01-06,214.25,3455
2006-01-09,211.0,2717
2006-01-10,213.25,1500
2006-01-11,214.5,2310
2006-01-12,212.75,1444
2006-01-13,213.5,1779
2006-01-17,208.75,2882
2006-01-18,205.75,1292
2006-01-19,205.0,919
2006-01-20,205.0,3265
2006-01-23,208.25,1010
2006-01-24,213.25,4639
2006-01-25,216.5,2308
2006-01-26,217.0,3797
2006-01-27,218.75,6283
2006-01-30,217.75,2030
2006-01-31,218.75,4187
2006-02-01,216.5,898
2006-02-02,220.5,5533
2006-02-03,225.25,6383
2006-02-06,222.75,3126
2006-02-07,218.0,5016
2006-02-08,221.25,4792
2006-02-09,225.5,7552
2006-02-10,221.25,4553
2006-02-13,220.75,1444
2006-02-14,218.75,1549
2006-02-15,222.0,5895
2006-02-16,223.5,1132
2006-02-17,226.5,2877
2006-02-21,226.0,971
2006-02-22,221.5,844
2006-02-23,223.0,2059
2006-02-24,227.75,3750
2006-02-27,227.5,1347
2006-02-28,228.0,486
2006-03-01,224.25,1273
2006-03-02,228.5,175
2006-03-03,228.75,447
2006-03-06,223.0,534
2006-03-07,221.0,197
2006-03-08,219.0,68
2006-03-09,223.25,194
2006-03-10,226.0,140
2006-03-13,220.5,41
2006-03-14,218.75,1258
2006-03-15,229.25,813
2006-03-16,224.5,1722
2006-03-17,221.5,3537
2006-03-20,218.25,1847
2006-03-21,223.5,3088
2006-03-22,222.5,1341
2006-03-23,219.25,867
2006-03-24,218.75,12515
2006-03-27,221.75,1054
2006-03-28,222.25,1944
2006-03-29,224.25,716
2006-03-30,227.75,2082
2006-03-31,236.0,5105
2006-04-03,236.5,1691
2006-04-04,234.5,1140
2006-04-05,236.25,1783
2006-04-06,241.5,1992
2006-04-07,243.0,2807
2006-04-10,241.25,1345
2006-04-11,242.0,1755
2006-04-12,237.0,3471
2006-04-13,236.25,3236
2006-04-17,236.5,869
2006-04-18,239.25,1706
2006-04-19,238.5,572
2006-04-20,235.75,1555
2006-04-21,236.5,1508
2006-04-24,232.75,1085
2006-04-25,231.0,620
2006-04-26,231.5,2388
2006-04-27,231.25,1161
2006-04-28,238.25,441
2006-05-01,238.0,682
2006-05-02,233.25,649
2006-05-03,232.25,201
2006-05-04,229.75,76
2006-05-05,230.75,76
2006-05-08,227.0,22
2006-05-09,228.5,25
2006-05-10,230.0,25
2006-05-11,237.75,4
2006-05-12,248.25,11367
2006-05-15,260.0,4837
2006-05-16,259.0,5448
2006-05-17,263.0,4661
2006-05-18,260.25,2636
2006-05-19,252.75,7033
2006-05-22,254.5,2284
2006-05-23,253.0,1785
2006-05-24,249.5,4467
2006-05-25,253.25,9252
2006-05-26,254.0,6588
2006-05-30,254.5,2242
2006-05-31,251.25,5588
2006-06-01,254.5,3352
2006-06-02,259.5,5311
2006-06-05,253.0,2235
2006-06-06,247.75,5124
2006-06-07,251.0,2499
2006-06-08,245.5,3553
2006-06-09,242.0,11446
2006-06-12,247.5,2762
2006-06-13,243.25,3270
2006-06-14,237.0,2120
2006-06-15,233.0,8277
2006-06-16,235.5,4230
2006-06-19,229.75,2326
2006-06-20,229.75,1794
2006-06-21,232.75,2066
2006-06-22,230.5,656
2006-06-23,228.25,1211
2006-06-26,223.0,1570
2006-06-27,225.25,1075
2006-06-28,226.0,2069
2006-06-29,228.5,863
2006-06-30,235.5,515
2006-07-03,243.25,684
2006-07-05,239.5,1440
2006-07-06,245.25,955
2006-07-07,241.0,666
2006-07-10,247.75,1248
2006-07-11,253.75,2905
2006-07-12,259.25,20
2006-07-13,252.5,5
2006-07-14,253.5,2543
2006-07-17,251.75,2672
2006-07-18,246.5,1932
2006-07-19,244.75,2213
2006-07-20,242.5,1815
2006-07-21,237.25,1578
2006-07-24,239.0,2130
2006-07-25,239.5,1261
2006-07-26,236.0,1771
2006-07-27,237.75,662
2006-07-28,237.25,9034
2006-07-31,239.0,7737
2006-08-01,240.5,24311
2006-08-02,247.25,7227
2006-08-03,245.0,2997
2006-08-04,245.0,8863
2006-08-07,239.75,10314
2006-08-08,235.75,12956
2006-08-09,239.75,7844
2006-08-10,238.75,21355
2006-08-11,224.75,25436
2006-08-14,222.0,10494
2006-08-15,222.0,11555
2006-08-16,221.5,15165
2006-08-17,219.0,5027
2006-08-18,219.75,4058
2006-08-21,221.0,9263
2006-08-22,219.5,6076
2006-08-23,223.5,6558
2006-08-24,227.5,7026
2006-08-25,225.0,4181
2006-08-28,224.5,7539
2006-08-29,222.75,12446
2006-08-30,228.5,7294
2006-08-31,232.0,5094
2006-09-01,230.0,2355
2006-09-05,228.75,4178
2006-09-06,226.25,2905
2006-09-07,230.75,661
2006-09-08,231.75,1360
2006-09-11,228.75,102
2006-09-12,223.5,889
2006-09-13,224.0,138
2006-09-14,223.0,59636
2006-09-15,241.75,63173
2006-09-18,247.75,42998
2006-09-19,246.5,47159
2006-09-20,249.0,76465
2006-09-21,257.25,56463
2006-09-22,255.25,58408
2006-09-25,254.75,48440
2006-09-26,259.0,55144
2006-09-27,253.75,98585
2006-09-28,264.25,85184
2006-09-29,262.5,49229
2006-10-02,267.75,14712
2006-10-03,264.0,71352
2006-10-04,274.25,92135
2006-10-05,271.75,51348
2006-10-06,271.0,67919
2006-10-09,289.5,92572
2006-10-10,275.5,74865
2006-10-11,284.0,82688
2006-10-12,298.25,71882
2006-10-13,314.5,74653
2006-10-16,316.75,61264
2006-10-17,321.0,52273
2006-10-18,315.5,51228
2006-10-19,316.0,37537
2006-10-20,312.75,63178
2006-10-23,318.25,57230
2006-10-24,324.25,56534
2006-10-25,327.0,51145
2006-10-26,327.0,43104
2006-10-27,332.5,55413
2006-10-30,329.5,73819
2006-10-31,320.75,71410
2006-11-01,333.5,102255
2006-11-02,344.75,72973
2006-11-03,342.25,60824
2006-11-06,343.5,68781
2006-11-07,351.0,111316
2006-11-08,357.75,102325
2006-11-09,350.0,67298
2006-11-10,343.25,88073
2006-11-13,342.5,103624
2006-11-14,357.75,98320
2006-11-15,358.25,77118
2006-11-16,351.5,62703
2006-11-17,355.25,62407
2006-11-20,360.0,31441
2006-11-21,361.25,24843
2006-11-22,362.75,24843
2006-11-23,362.75,14094
2006-11-24,369.25,31676
2006-11-27,371.5,14893
2006-11-28,368.75,20316
2006-11-29,370.25,14728
2006-11-30,377.0,7473
2006-12-01,374.0,8080
2006-12-04,362.75,5194
2006-12-05,366.25,5328
2006-12-06,353.0,3597
2006-12-07,358.5,2924
2006-12-08,354.25,2354
2006-12-11,355.5,2331
2006-12-12,359.0,2808
2006-12-13,354.5,816
2006-12-14,358.75,42698
2006-12-15,369.0,44609
2006-12-18,365.75,55673
2006-12-19,373.0,44745
2006-12-20,372.75,44129
2006-12-21,377.75,29643
2006-12-22,384.0,32368
2006-12-26,388.0,29944
2006-12-27,386.75,32477
2006-12-28,388.5,27251
2006-12-29,390.25,91431
2007-01-03,370.5,94238
2007-01-04,362.25,71276
2007-01-05,368.25,64095
2007-01-08,363.5,109010
2007-01-09,354.5,101093
2007-01-10,360.25,112790
2007-01-11,376.5,3478
2007-01-12,396.5,146893
2007-01-16,403.0,103560
2007-01-17,408.0,101734
2007-01-18,412.25,81188
2007-01-19,406.75,76853
2007-01-22,404.25,85482
2007-01-23,409.0,76575
2007-01-24,400.75,82213
2007-01-25,407.0,58266
2007-01-26,405.5,71176
2007-01-29,400.0,73303
2007-01-30,404.75,72004
2007-01-31,404.0,76019
2007-02-01,398.0,63365
2007-02-02,402.0,48860
2007-02-05,402.0,62946
2007-02-06,396.5,102888
2007-02-07,392.25,92477
2007-02-08,399.75,100437
2007-02-09,406.25,69079
2007-02-12,404.75,69196
2007-02-13,411.0,80090
2007-02-14,408.25,78194
2007-02-15,407.5,64332
2007-02-16,417.0,76131
2007-02-20,415.25,55388
2007-02-21,426.25,43649
2007-02-22,434.5,36109
2007-02-23,430.25,38281
2007-02-26,425.5,32802
2007-02-27,411.0,21962
2007-02-28,425.25,15509
2007-03-01,417.25,13347
2007-03-02,411.0,6440
2007-03-05,417.25,4383
2007-03-06,412.5,2668
2007-03-07,415.75,6179
2007-03-08,412.0,3312
2007-03-09,408.25,2528
2007-03-12,399.75,2528
2007-03-13,397.0,955
2007-03-14,389.5,97638
2007-03-15,397.75,70682
2007-03-16,399.5,104538
2007-03-19,398.0,77249
2007-03-20,405.25,80994
2007-03-21,409.75,75619
2007-03-22,409.5,40090
2007-03-23,403.25,61263
2007-03-26,391.0,82187
2007-03-27,392.5,59601
2007-03-28,388.5,74599
2007-03-29,394.5,68599
2007-03-30,374.5,33619
2007-04-02,354.75,69692
2007-04-03,346.25,105031
2007-04-04,359.25,86821
2007-04-05,366.0,63866
2007-04-09,363.5,94542
2007-04-10,369.0,95110
2007-04-11,360.75,73134
2007-04-12,358.75,122051
2007-04-13,369.0,74868
2007-04-16,364.25,42803
2007-04-17,353.25,36971
2007-04-18,363.5,49367
2007-04-19,371.25,39043
2007-04-20,360.5,34509
2007-04-23,352.25,23700
2007-04-24,360.5,25180
2007-04-25,371.25,32945
2007-04-26,364.75,22618
2007-04-27,364.25,24996
2007-04-30,358.0,17422
2007-05-01,367.5,12195
2007-05-02,372.0,8228
2007-05-03,379.75,7391
2007-05-04,381.25,7263
2007-05-07,369.5,4001
2007-05-08,353.75,5118
2007-05-09,357.25,4642
2007-05-10,345.75,2358
2007-05-11,361.0,2921
2007-05-14,358.0,55739
2007-05-15,371.5,72271
2007-05-16,376.0,87194
2007-05-17,373.0,87046
2007-05-18,371.25,58452
2007-05-21,381.0,61268
2007-05-22,369.5,78761
2007-05-23,368.5,59358
2007-05-24,376.5,64546
2007-05-25,376.0,59977
2007-05-29,364.75,66616
2007-05-30,382.25,103212
2007-05-31,390.25,101657
2007-06-01,386.75,70489
2007-06-04,383.75,51525
2007-06-05,380.25,87179
2007-06-06,374.75,78594
2007-06-07,384.75,76862
2007-06-08,382.0,79461
2007-06-11,396.0,99534
2007-06-12,393.5,94992
2007-06-13,404.5,114261
2007-06-14,409.5,87081
2007-06-15,419.0,65519
2007-06-18,416.0,51126
2007-06-19,396.0,74694
2007-06-20,394.25,63079
2007-06-21,385.0,53631
2007-06-22,367.5,69035
2007-06-25,357.75,46804
2007-06-26,356.5,39410
2007-06-27,343.75,30305
2007-06-28,339.5,32678
2007-06-29,329.5,18398
2007-07-02,330.5,12944
2007-07-03,320.0,14621
2007-07-05,324.0,9169
2007-07-06,334.5,6105
2007-07-09,332.5,1712
2007-07-10,338.0,2649
2007-07-11,336.0,1698
2007-07-12,344.0,1005
2007-07-13,341.5,33060
2007-07-16,334.75,17461
2007-07-17,322.5,50805
2007-07-18,327.0,42783
2007-07-19,321.25,27122
2007-07-20,318.25,28250
2007-07-23,310.0,26082
2007-07-24,311.5,27978
2007-07-25,311.5,18794
2007-07-26,317.5,42394
2007-07-27,321.0,23449
2007-07-30,323.5,25315
2007-07-31,325.75,30891
2007-08-01,319.0,25569
2007-08-02,324.0,20120
2007-08-03,326.5,24814
2007-08-06,325.75,27710
2007-08-07,335.25,33438
2007-08-08,341.0,58250
2007-08-09,332.25,61152
2007-08-10,333.0,44512
2007-08-13,331.0,41508
2007-08-14,327.5,47755
2007-08-15,328.0,27016
2007-08-16,321.5,48238
2007-08-17,328.5,22039
2007-08-20,331.75,17876
2007-08-21,338.5,20696
2007-08-22,347.5,28109
2007-08-23,345.25,7979
2007-08-24,341.5,17508
2007-08-27,335.75,17725
2007-08-28,327.25,23196
2007-08-29,322.75,19722
2007-08-30,322.75,25108
2007-08-31,324.0,17760
2007-09-04,336.75,7902
2007-09-05,328.75,13851
2007-09-06,323.25,14671
2007-09-07,331.25,9559
2007-09-10,329.75,6347
2007-09-11,324.5,7101
2007-09-12,339.75,4458
2007-09-13,330.75,3087
2007-09-14,336.5,52666
2007-09-17,352.25,48349
2007-09-18,352.25,68121
2007-09-19,358.25,65955
2007-09-20,369.25,114757
2007-09-21,376.5,60791
2007-09-24,373.5,89555
2007-09-25,371.75,65812
2007-09-26,375.0,67962
2007-09-27,386.75,107139
2007-09-28,373.0,115779
2007-10-01,368.75,66527
2007-10-02,348.75,94201
2007-10-03,344.5,111649
2007-10-04,342.25,63328
2007-10-05,342.25,52201
2007-10-08,339.75,51793
2007-10-09,342.5,72638
2007-10-10,347.25,40439
2007-10-11,343.75,63356
2007-10-12,351.0,90955
2007-10-15,362.0,73324
2007-10-16,360.5,63523
2007-10-17,358.0,65181
2007-10-18,367.25,64566
2007-10-19,370.25,73620
2007-10-22,364.5,67678
2007-10-23,361.0,63626
2007-10-24,356.5,62805
2007-10-25,366.25,59070
2007-10-26,372.0,76836
2007-10-29,376.0,76702
2007-10-30,370.25,76315
2007-10-31,375.5,77029
2007-11-01,368.75,72482
2007-11-02,377.0,93632
2007-11-05,375.25,75478
2007-11-06,385.75,104257
2007-11-07,384.25,138022
2007-11-08,389.5,86448
2007-11-09,386.75,124592
2007-11-12,379.0,91074
2007-11-13,374.75,75180
2007-11-14,383.0,76552
2007-11-15,374.75,121281
2007-11-16,379.5,71443
2007-11-19,377.5,60103
2007-11-20,381.25,81828
2007-11-21,382.0,35892
2007-11-23,389.0,42014
2007-11-26,385.75,61077
2007-11-27,383.5,34931
2007-11-28,387.25,36755
2007-11-29,383.5,50763
2007-11-30,384.5,37211
2007-12-03,386.0,25723
2007-12-04,394.0,23373
2007-12-05,394.0,17685
2007-12-06,394.75,15869
2007-12-07,399.5,15056
2007-12-10,400.5,11858
2007-12-11,406.5,11367
2007-12-12,416.75,11674
2007-12-13,418.75,8114
2007-12-14,420.0,72390
2007-12-17,438.75,90303
2007-12-18,432.0,63135
2007-12-19,434.75,62765
2007-12-20,437.5,48133
2007-12-21,443.5,66495
2007-12-24,444.0,16576
2007-12-26,452.25,44885
2007-12-27,454.75,46167
2007-12-28,452.0,43141
2007-12-31,455.5,42243
2008-01-02,462.5,82995
2008-01-03,466.0,70759
2008-01-04,466.75,71387
2008-01-07,466.25,65254
2008-01-08,478.75,86301
2008-01-09,477.25,77906
2008-01-10,475.0,91060
2008-01-11,495.0,91060
2008-01-14,512.0,91060
2008-01-15,509.0,91060
2008-01-16,502.5,91060
2008-01-17,502.0,91060
2008-01-18,498.25,99913
2008-01-22,489.0,139381
2008-01-23,469.25,162660
2008-01-24,489.25,116624
2008-01-25,498.25,126215
2008-01-28,502.25,91721
2008-01-29,501.0,95856
2008-01-30,498.5,89969
2008-01-31,501.25,107158
2008-02-01,500.5,124049
2008-02-04,510.5,90090
2008-02-05,509.25,109290
2008-02-06,501.5,184644
2008-02-07,499.5,192244
2008-02-08,508.0,197095
2008-02-11,503.5,139958
2008-02-12,497.75,146545
2008-02-13,497.0,111991
2008-02-14,511.0,108007
2008-02-15,514.75,110936
2008-02-19,520.0,128426
2008-02-20,523.5,120374
2008-02-21,524.5,110252
2008-02-22,522.25,65603
2008-02-25,533.25,113708
2008-02-26,530.5,75866
2008-02-27,525.0,72140
2008-02-28,543.25,110033
2008-02-29,546.0,40847
2008-03-03,555.5,30123
2008-03-04,543.0,27331
2008-03-05,557.0,14329
2008-03-06,557.0,11671
2008-03-07,533.5,9314
2008-03-10,555.5,3850
2008-03-11,564.0,3808
2008-03-12,556.75,4692
2008-03-13,559.75,2440
2008-03-14,545.5,120026
2008-03-17,539.25,67780
2008-03-18,547.25,90844
2008-03-19,527.25,117481
2008-03-20,507.5,149989
2008-03-24,524.75,100968
2008-03-25,544.75,67708
2008-03-26,552.25,101068
2008-03-27,555.5,66816
2008-03-28,560.5,78064
2008-03-31,567.25,169084
2008-04-01,584.0,146412
2008-04-02,595.75,122521
2008-04-03,600.0,114646
2008-04-04,598.0,81488
2008-04-07,590.0,135414
2008-04-08,591.25,122427
2008-04-09,605.0,171693
2008-04-10,594.25,156007
2008-04-11,584.25,142072
2008-04-14,591.75,129003
2008-04-15,606.0,133875
2008-04-16,603.5,87590
2008-04-17,603.5,72470
2008-04-18,599.5,51173
2008-04-21,580.25,84710
2008-04-22,594.25,61316
2008-04-23,587.75,42514
2008-04-24,576.25,115119
2008-04-25,577.25,83646
2008-04-28,600.0,87752
2008-04-29,591.25,129006
2008-04-30,600.25,62554
2008-05-01,605.5,46310
2008-05-02,602.0,33106
2008-05-05,582.0,39786
2008-05-06,594.75,23576
2008-05-07,601.5,15268
2008-05-08,618.75,12287
2008-05-09,618.5,9011
2008-05-12,603.5,7839
2008-05-13,597.5,5197
2008-05-14,589.75,94813
2008-05-15,599.0,113564
2008-05-16,591.0,89515
2008-05-19,586.75,86677
2008-05-20,589.75,102239
2008-05-21,607.25,98638
2008-05-22,595.75,115412
2008-05-23,599.75,73062
2008-05-27,598.0,68636
2008-05-28,592.5,108666
2008-05-29,582.25,154670
2008-05-30,599.25,124124
2008-06-02,615.75,149080
2008-06-03,608.0,157427
2008-06-04,614.5,110818
2008-06-05,643.25,168510
2008-06-06,650.75,199759
2008-06-09,657.25,136730
2008-06-10,673.25,164566
2008-06-11,703.25,108001
2008-06-12,709.0,231280
2008-06-13,731.75,153347
2008-06-16,732.5,154553
2008-06-17,742.25,106113
2008-06-18,746.25,99079
2008-06-19,727.75,172707
2008-06-20,721.25,116525
2008-06-23,724.25,98434
2008-06-24,712.5,130898
2008-06-25,730.0,82036
2008-06-26,753.75,114392
2008-06-27,754.75,104541
2008-06-30,724.75,77225
2008-07-01,719.5,39107
2008-07-02,748.75,35992
2008-07-03,746.0,25562
2008-07-07,716.5,39180
2008-07-08,692.75,14808
2008-07-09,683.0,8957
2008-07-10,675.25,4867
2008-07-11,680.0,2685
2008-07-14,657.0,54918
2008-07-15,648.25,64517
2008-07-16,658.5,64939
2008-07-17,631.25,56941
2008-07-18,609.5,60867
2008-07-21,589.25,50636
2008-07-22,573.5,65580
2008-07-23,571.5,70462
2008-07-24,573.0,40898
2008-07-25,577.25,40878
2008-07-28,582.0,48579
2008-07-29,594.0,45821
2008-07-30,601.5,46615
2008-07-31,587.5,62035
2008-08-01,565.0,58123
2008-08-04,535.5,48767
2008-08-05,525.25,76493
2008-08-06,508.0,70443
2008-08-07,522.25,67250
2008-08-08,498.5,63919
2008-08-11,497.25,66873
2008-08-12,509.0,98323
2008-08-13,539.0,67616
2008-08-14,557.75,83099
2008-08-15,529.75,48093
2008-08-18,553.0,31620
2008-08-19,564.75,40421
2008-08-20,575.25,39300
2008-08-21,597.75,55365
2008-08-22,586.5,49624
2008-08-25,580.25,57551
2008-08-26,575.25,77554
2008-08-27,577.5,88627
2008-08-28,570.0,78569
2008-08-29,568.25,37432
2008-09-02,553.0,16671
2008-09-03,546.5,14672
2008-09-04,549.25,10636
2008-09-05,531.5,7542
2008-09-08,533.0,5411
2008-09-09,529.5,2676
2008-09-10,522.5,2783
2008-09-11,522.25,2360
2008-09-12,547.5,125790
2008-09-15,562.0,155947
2008-09-16,532.25,156918
2008-09-17,554.0,192345
2008-09-18,527.25,176651
2008-09-19,542.25,107830
2008-09-22,558.5,125398
2008-09-23,560.25,109990
2008-09-24,563.0,94573
2008-09-25,558.25,103299
2008-09-26,543.0,106618
2008-09-29,513.0,112025
2008-09-30,487.5,216889
2008-10-01,484.0,141925
2008-10-02,454.0,150592
2008-10-03,454.0,119134
2008-10-06,424.0,137525
2008-10-07,417.0,154002
2008-10-08,427.5,139482
2008-10-09,438.25,119918
2008-10-10,408.25,39848
2008-10-13,411.5,105583
2008-10-14,411.25,99419
2008-10-15,388.0,130944
2008-10-16,384.5,137828
2008-10-17,403.0,107661
2008-10-20,418.5,99746
2008-10-21,411.0,147870
2008-10-22,385.0,127533
2008-10-23,390.25,125163
2008-10-24,372.75,133207
2008-10-27,385.25,114823
2008-10-28,390.75,144318
2008-10-29,420.75,107041
2008-10-30,409.5,182927
2008-10-31,401.5,140875
2008-11-03,403.0,127418
2008-11-04,413.0,125971
2008-11-05,390.25,139558
2008-11-06,378.0,163866
2008-11-07,375.5,124495
2008-11-10,383.5,144708
2008-11-11,374.25,162316
2008-11-12,369.5,175006
2008-11-13,377.0,141034
2008-11-14,380.25,105148
2008-11-17,385.75,109970
2008-11-18,380.0,100584
2008-11-19,378.75,104901
2008-11-20,363.75,95876
2008-11-21,338.5,149304
2008-11-24,354.5,137794
2008-11-25,353.5,131047
2008-11-26,354.0,124950
2008-11-28,349.5,39707
2008-12-01,332.75,50202
2008-12-02,332.5,45168
2008-12-03,332.0,32940
2008-12-04,318.25,22612
2008-12-05,293.5,19576
2008-12-08,314.25,10605
2008-12-09,312.25,8412
2008-12-10,326.75,7112
2008-12-11,338.0,3501
2008-12-12,359.5,155696
2008-12-15,375.25,104152
2008-12-16,394.0,127605
2008-12-17,389.5,132993
2008-12-18,389.5,73190
2008-12-19,380.75,77698
2008-12-22,381.75,68015
2008-12-23,394.75,66192
2008-12-24,398.0,29930
2008-12-26,412.25,48090
2008-12-29,393.5,83438
2008-12-30,396.25,61557
2008-12-31,407.0,72613
2009-01-02,412.25,62516
2009-01-05,411.25,92204
2009-01-06,427.5,127908
2009-01-07,416.5,108227
2009-01-08,406.75,103424
2009-01-09,410.75,126302
2009-01-12,380.75,77022
2009-01-13,362.5,148744
2009-01-14,366.5,96607
2009-01-15,365.25,91411
2009-01-16,391.0,105581
2009-01-20,383.5,148423
2009-01-21,390.25,116622
2009-01-22,387.5,88256
2009-01-23,390.5,94688
2009-01-26,393.75,87724
2009-01-27,377.5,107667
2009-01-28,384.5,88637
2009-01-29,381.75,84486
2009-01-30,379.0,84486
2009-02-02,370.5,119323
2009-02-03,361.75,115473
2009-02-04,358.25,129510
2009-02-05,371.25,119519
2009-02-06,377.25,112285
2009-02-09,377.5,105968
2009-02-10,376.75,143000
2009-02-11,368.5,104800
2009-02-12,366.25,153366
2009-02-13,363.25,81286
2009-02-17,349.25,112378
2009-02-18,349.25,129407
2009-02-19,353.25,121888
2009-02-20,350.25,124200
2009-02-23,351.75,101502
2009-02-24,354.25,95818
2009-02-25,363.75,104121
2009-02-26,362.0,83466
2009-02-27,350.75,49652
2009-03-02,343.5,30207
2009-03-03,343.5,20612
2009-03-04,355.25,15130
2009-03-05,349.25,13239
2009-03-06,352.75,9840
2009-03-09,357.25,9345
2009-03-10,366.75,7757
2009-03-11,356.0,4757
2009-03-12,376.75,2298
2009-03-13,375.0,118179
2009-03-16,391.5,113918
2009-03-17,390.5,79442
2009-03-18,388.25,73467
2009-03-19,396.5,111298
2009-03-20,396.5,51087
2009-03-23,395.5,90415
2009-03-24,393.75,70924
2009-03-25,385.75,70537
2009-03-26,390.75,61476
2009-03-27,387.0,54159
2009-03-30,386.25,83103
2009-03-31,404.75,180515
2009-04-01,396.0,139809
2009-04-02,402.5,123632
2009-04-03,404.5,75048
2009-04-06,405.5,71344
2009-04-07,396.25,105583
2009-04-08,397.0,126860
2009-04-09,390.25,143212
2009-04-13,387.5,85714
2009-04-14,394.25,151057
2009-04-15,384.5,88280
2009-04-16,385.75,77507
2009-04-17,376.25,85624
2009-04-20,369.5,112679
2009-04-21,374.0,91117
2009-04-22,373.5,73485
2009-04-23,381.0,60457
2009-04-24,377.0,66402
2009-04-27,372.25,58255
2009-04-28,375.0,66836
2009-04-29,393.0,85783
2009-04-30,396.25,39603
2009-05-01,406.25,15039
2009-05-04,398.0,13704
2009-05-05,398.5,7754
2009-05-06,400.75,6446
2009-05-07,404.75,4562
2009-05-08,414.0,2725
2009-05-11,413.5,2725
2009-05-12,419.5,3612
2009-05-13,419.5,2387
2009-05-14,421.5,78977
2009-05-15,417.25,102586
2009-05-18,421.5,131371
2009-05-19,425.75,102845
2009-05-20,426.0,105441
2009-05-21,424.0,79881
2009-05-22,430.25,103102
2009-05-26,427.5,135844
2009-05-27,426.0,118637
2009-05-28,428.75,167229
2009-05-29,436.25,105255
2009-06-01,445.75,122160
2009-06-02,449.5,100667
2009-06-03,432.5,154837
2009-06-04,448.5,111775
2009-06-05,444.0,96614
2009-06-08,435.0,132762
2009-06-09,444.0,145124
2009-06-10,435.75,154056
2009-06-11,441.0,144658
2009-06-12,425.5,146802
2009-06-15,406.0,136456
2009-06-16,404.0,118283
2009-06-17,407.75,105737
2009-06-18,403.25,75335
2009-06-19,399.25,93048
2009-06-22,385.25,129737
2009-06-23,389.0,91428
2009-06-24,386.5,91222
2009-06-25,382.5,95144
2009-06-26,384.25,90795
2009-06-29,377.0,94883
2009-06-30,347.75,54514
2009-07-01,351.75,32074
2009-07-02,345.75,14566
2009-07-06,343.25,16979
2009-07-07,335.5,8966
2009-07-08,339.25,2466
2009-07-09,343.5,1491
2009-07-10,345.5,1121
2009-07-13,359.0,1390
2009-07-14,350.0,67018
2009-07-15,329.5,70109
2009-07-16,316.75,69617
2009-07-17,322.25,45879
2009-07-20,323.25,77223
2009-07-21,311.5,69592
2009-07-22,308.0,63580
2009-07-23,327.0,61132
2009-07-24,316.25,47360
2009-07-27,322.25,52231
2009-07-28,320.5,88869
2009-07-29,320.75,67359
2009-07-30,332.25,53689
2009-07-31,339.5,61754
2009-08-03,358.0,79905
2009-08-04,354.5,55168
2009-08-05,347.0,75758
2009-08-06,332.5,84753
2009-08-07,322.0,91180
2009-08-10,324.25,99696
2009-08-11,326.5,98630
2009-08-12,330.75,99513
2009-08-13,324.5,100230
2009-08-14,319.25,59297
2009-08-17,314.25,70690
2009-08-18,314.5,46943
2009-08-19,320.0,45718
2009-08-20,318.5,34627
2009-08-21,321.75,43812
2009-08-24,329.5,52786
2009-08-25,321.5,48731
2009-08-26,320.5,43896
2009-08-27,323.0,57229
2009-08-28,321.0,77099
2009-08-31,326.25,36359
2009-09-01,312.25,30264
2009-09-02,313.25,12833
2009-09-03,311.0,9587
2009-09-04,300.5,5911
2009-09-08,302.75,6103
2009-09-09,305.5,2829
2009-09-10,309.5,2027
2009-09-11,314.5,3882
2009-09-14,305.0,66066
2009-09-15,346.5,252221
2009-09-16,336.25,164737
2009-09-17,329.0,104433
2009-09-18,318.0,75982
2009-09-21,316.0,88758
2009-09-22,325.75,94155
2009-09-23,330.25,104604
2009-09-24,336.5,117260
2009-09-25,334.0,124796
2009-09-28,338.75,71776
2009-09-29,341.0,118176
2009-09-30,344.0,99522
2009-10-01,340.5,86479
2009-10-02,333.5,89988
2009-10-05,341.5,152341
2009-10-06,358.25,213787
2009-10-07,359.75,102821
2009-10-08,364.0,155035
2009-10-09,362.25,133104
2009-10-12,381.25,130709
2009-10-13,381.75,151836
2009-10-14,383.0,137988
2009-10-15,373.0,129292
2009-10-16,372.0,79581
2009-10-19,386.25,108197
2009-10-20,384.5,110048
2009-10-21,398.25,181615
2009-10-22,403.5,121943
2009-10-23,397.75,162324
2009-10-26,378.0,159136
2009-10-27,370.75,144291
2009-10-28,369.0,126299
2009-10-29,379.5,121926
2009-10-30,366.0,135037
2009-11-02,382.25,164534
2009-11-03,390.0,171348
2009-11-04,384.0,141437
2009-11-05,376.5,125299
2009-11-06,367.0,147125
2009-11-09,386.0,174312
2009-11-10,394.5,202202
2009-11-11,394.0,246000
2009-11-12,390.5,186124
2009-11-13,390.5,100914
2009-11-16,402.25,125197
2009-11-17,402.0,111075
2009-11-18,398.0,127149
2009-11-19,395.0,104244
2009-11-20,391.0,114564
2009-11-23,387.25,156963
2009-11-24,376.0,160900
2009-11-25,392.0,129798
2009-11-27,397.25,137816
2009-11-30,402.75,67469
2009-12-01,399.75,36952
2009-12-02,391.75,37070
2009-12-03,385.25,41326
2009-12-04,373.75,28400
2009-12-07,368.75,26026
2009-12-08,369.5,20497
2009-12-09,368.0,18140
2009-12-10,377.25,13306
2009-12-11,389.25,12518
2009-12-14,392.0,94622
2009-12-15,407.5,87687
2009-12-16,410.25,95967
2009-12-17,397.0,107646
2009-12-18,397.75,82084
2009-12-21,400.0,73421
2009-12-22,398.75,63154
2009-12-23,404.75,47989
2009-12-24,408.5,23834
2009-12-28,416.0,75665
2009-12-29,417.0,68013
2009-12-30,413.75,81483
2009-12-31,414.5,56667
2010-01-04,418.5,140553
2010-01-05,418.75,80967
2010-01-06,421.75,96453
2010-01-07,417.5,137395
2010-01-08,423.0,137395
2010-01-11,422.5,137395
2010-01-12,392.5,137395
2010-01-13,384.0,301566
2010-01-14,381.0,150818
2010-01-15,371.5,164273
2010-01-19,369.25,125418
2010-01-20,368.0,117028
2010-01-21,372.0,117638
2010-01-22,364.75,116246
2010-01-25,367.75,83425
2010-01-26,362.25,106613
2010-01-27,358.25,86413
2010-01-28,361.75,104224
2010-01-29,356.5,131890
2010-02-01,359.0,112634
2010-02-02,365.0,146992
2010-02-03,353.0,171750
2010-02-04,354.0,163425
2010-02-05,351.5,164659
2010-02-08,356.0,148576
2010-02-09,358.5,196600
2010-02-10,361.75,169470
2010-02-11,363.25,134275
2010-02-12,361.5,101557
2010-02-16,367.25,126169
2010-02-17,360.0,86665
2010-02-18,357.25,98889
2010-02-19,360.0,97358
2010-02-22,371.5,192526
2010-02-23,367.75,113231
2010-02-24,375.25,73542
2010-02-25,372.25,77961
2010-02-26,378.0,47785
2010-03-01,370.75,32859
2010-03-02,370.5,28409
2010-03-03,375.75,24319
2010-03-04,372.0,20347
2010-03-05,364.75,16347
2010-03-08,364.5,11798
2010-03-09,358.75,11569
2010-03-10,355.5,6883
2010-03-11,355.5,4818
2010-03-12,354.0,71322
2010-03-15,363.25,74189
2010-03-16,366.75,75425
2010-03-17,374.0,87013
2010-03-18,376.0,83044
2010-03-19,374.5,58909
2010-03-22,370.75,73826
2010-03-23,362.75,104624
2010-03-24,365.0,77811
2010-03-25,355.0,102042
2010-03-26,356.25,67136
2010-03-29,357.0,89062
2010-03-30,354.5,134295
2010-03-31,345.0,126262
2010-04-01,344.5,589
2010-04-05,345.75,79432
2010-04-06,346.5,89924
2010-04-07,356.5,186180
2010-04-08,348.25,146831
2010-04-09,345.75,112702
2010-04-12,348.25,138115
2010-04-13,352.5,183842
2010-04-14,358.0,223855
2010-04-15,363.25,115369
2010-04-16,364.0,109384
2010-04-19,347.75,107934
2010-04-20,355.5,96888
2010-04-21,359.25,104079
2010-04-22,362.25,73359
2010-04-23,353.0,98676
2010-04-26,352.25,92137
2010-04-27,347.5,85029
2010-04-28,357.0,71517
2010-04-29,360.5,78456
2010-04-30,366.25,26530
2010-05-03,362.75,17483
2010-05-04,360.0,16371
2010-05-05,364.75,14167
2010-05-06,364.0,10329
2010-05-07,364.75,5188
2010-05-10,363.0,4549
2010-05-11,369.75,1923
2010-05-12,371.75,3604
2010-05-13,366.5,1326
2010-05-14,356.75,127487
2010-05-17,356.0,112705
2010-05-18,359.75,104868
2010-05-19,359.25,115468
2010-05-20,362.0,112279
2010-05-21,369.0,147199
2010-05-24,371.0,96250
2010-05-25,364.25,122528
2010-05-26,371.5,97015
2010-05-27,373.25,97272
2010-05-28,359.0,150749
2010-06-01,354.0,137372
2010-06-02,348.5,127867
2010-06-03,349.5,141195
2010-06-04,340.0,139239
2010-06-07,335.75,140946
2010-06-08,337.25,171038
2010-06-09,338.25,144352
2010-06-10,343.25,161773
2010-06-11,349.5,106329
2010-06-14,353.75,112712
2010-06-15,353.75,99101
2010-06-16,356.25,117993
2010-06-17,357.5,101835
2010-06-18,360.75,116128
2010-06-21,355.0,149983
2010-06-22,351.5,106443
2010-06-23,346.5,100134
2010-06-24,344.75,125609
2010-06-25,340.5,102191
2010-06-28,333.75,123243
2010-06-29,325.0,116715
2010-06-30,354.25,65209
2010-07-01,365.5,17351
2010-07-02,364.0,19278
2010-07-06,360.0,17886
2010-07-07,370.75,8953
2010-07-08,377.5,7471
2010-07-09,375.25,7015
2010-07-12,371.25,6507
2010-07-13,366.75,4930
2010-07-14,375.25,70640
2010-07-15,392.5,87390
2010-07-16,394.75,69731
2010-07-19,381.5,72718
2010-07-20,374.0,64362
2010-07-21,379.75,47803
2010-07-22,376.5,68229
2010-07-23,371.25,58696
2010-07-26,364.0,75192
2010-07-27,362.75,48460
2010-07-28,376.25,75851
2010-07-29,379.25,76118
2010-07-30,392.75,91621
2010-08-02,390.5,96441
2010-08-03,389.5,58900
2010-08-04,400.25,69440
2010-08-05,403.5,136368
2010-08-06,405.0,99928
2010-08-09,403.0,97009
2010-08-10,393.5,92894
2010-08-11,395.5,115740
2010-08-12,406.25,135452
2010-08-13,411.75,59859
2010-08-16,407.25,51487
2010-08-17,414.75,87596
2010-08-18,418.5,72344
2010-08-19,414.25,62710
2010-08-20,421.25,57238
2010-08-23,417.25,57138
2010-08-24,405.25,90835
2010-08-25,404.75,48914
2010-08-26,416.5,78744
2010-08-27,421.0,79140
2010-08-30,425.5,104483
2010-08-31,424.5,52358
2010-09-01,432.25,23058
2010-09-02,433.0,22155
2010-09-03,449.75,22227
2010-09-07,451.5,16446
2010-09-08,447.5,12495
2010-09-09,456.25,10735
2010-09-10,464.0,9982
2010-09-13,469.25,7972
2010-09-14,478.0,206323
2010-09-15,495.25,154188
2010-09-16,496.0,161285
2010-09-17,513.25,263306
2010-09-20,508.25,228169
2010-09-21,505.25,187400
2010-09-22,505.0,187576
2010-09-23,499.25,192998
2010-09-24,521.75,201964
2010-09-27,512.75,176759
2010-09-28,500.0,151856
2010-09-29,505.0,209526
2010-09-30,495.75,307752
2010-10-01,465.75,304420
2010-10-04,471.5,217559
2010-10-05,491.0,213718
2010-10-06,488.5,136692
2010-10-07,498.25,205680
2010-10-08,528.25,85717
2010-10-11,555.75,275238
2010-10-12,579.0,284555
2010-10-13,569.25,247192
2010-10-14,567.25,189203
2010-10-15,563.0,160433
2010-10-18,557.25,146179
2010-10-19,546.0,232701
2010-10-20,573.5,222193
2010-10-21,564.25,187133
2010-10-22,560.0,142067
2010-10-25,568.75,149493
2010-10-26,571.0,173453
2010-10-27,577.25,176337
2010-10-28,579.0,187624
2010-10-29,582.0,130063
2010-11-01,577.25,163197
2010-11-02,575.75,178280
2010-11-03,581.0,203281
2010-11-04,590.0,193299
2010-11-05,587.75,193299
2010-11-08,585.25,181957
2010-11-09,576.25,368624
2010-11-10,566.75,234149
2010-11-11,564.0,240557
2010-11-12,534.0,270071
2010-11-15,555.5,209834
2010-11-16,526.5,265132
2010-11-17,525.75,239339
2010-11-18,541.75,152125
2010-11-19,520.75,197574
2010-11-22,515.25,215864
2010-11-23,528.5,216145
2010-11-24,538.75,145624
2010-11-26,538.25,91560
2010-11-29,538.25,173312
2010-11-30,530.0,57505
2010-12-01,551.75,49513
2010-12-02,540.75,36142
2010-12-03,559.0,23743
2010-12-06,553.75,24310
2010-12-07,547.25,18136
2010-12-08,559.5,14866
2010-12-09,560.25,12495
2010-12-10,560.25,11105
2010-12-13,575.25,5973
2010-12-14,574.5,103096
2010-12-15,584.25,128396
2010-12-16,587.5,87439
2010-12-17,596.5,113487
2010-12-20,599.5,93069
2010-12-21,602.25,75074
2010-12-22,609.0,101209
2010-12-23,614.0,86297
2010-12-27,615.25,62225
2010-12-28,623.25,82057
2010-12-29,624.0,72854
2010-12-30,616.0,94981
2010-12-31,629.0,69508
2011-01-03,620.5,122199
2011-01-04,608.5,177112
2011-01-05,619.25,164318
2011-01-06,602.0,178708
2011-01-07,595.0,164232
2011-01-10,607.0,165455
2011-01-11,607.0,146506
2011-01-12,631.0,214201
2011-01-13,642.5,199502
2011-01-14,648.75,159213
2011-01-18,659.5,171361
2011-01-19,641.25,225524
2011-01-20,654.0,198694
2011-01-21,657.25,181672
2011-01-24,655.25,129965
2011-01-25,644.0,169909
2011-01-26,657.75,145601
2011-01-27,650.75,144411
2011-01-28,644.0,149126
2011-01-31,659.5,143660
2011-02-01,666.0,136793
2011-02-02,669.25,135553
2011-02-03,662.5,155387
2011-02-04,678.5,144574
2011-02-07,674.75,182660
2011-02-08,673.75,147470
2011-02-09,698.0,231721
2011-02-10,698.5,224737
2011-02-11,706.5,179714
2011-02-14,695.75,156566
2011-02-15,690.5,218422
2011-02-16,690.5,165499
2011-02-17,712.75,121105
2011-02-18,709.75,156484
2011-02-22,679.75,176836
2011-02-23,691.5,194778
2011-02-24,685.75,147134
2011-02-25,712.0,137423
2011-02-28,722.5,39229
2011-03-01,727.25,28952
2011-03-02,714.0,18565
2011-03-03,729.75,8537
2011-03-04,721.25,9568
2011-03-07,710.75,5401
2011-03-08,698.75,4674
2011-03-09,695.0,3446
2011-03-10,676.25,2715
2011-03-11,659.25,1486
2011-03-14,664.0,140715
2011-03-15,636.0,189088
2011-03-16,616.5,283674
2011-03-17,646.5,118749
2011-03-18,683.5,248242
2011-03-21,686.5,141444
2011-03-22,686.75,129106
2011-03-23,681.0,116369
2011-03-24,702.5,213013
2011-03-25,689.5,204084
2011-03-28,671.0,152408
2011-03-29,671.75,149177
2011-03-30,663.25,147177
2011-03-31,693.25,64247
2011-04-01,736.0,224259
2011-04-04,760.25,196929
2011-04-05,766.75,165996
2011-04-06,763.0,139675
2011-04-07,759.0,192597
2011-04-08,768.0,240918
2011-04-11,776.0,166109
2011-04-12,752.5,216651
2011-04-13,755.5,207989
2011-04-14,754.25,158742
2011-04-15,742.0,164728
2011-04-18,751.75,196248
2011-04-19,749.0,113079
2011-04-20,732.75,118858
2011-04-21,737.25,110024
2011-04-25,762.5,144141
2011-04-26,766.25,158025
2011-04-27,752.25,160696
2011-04-28,723.0,161817
2011-04-29,754.0,55921
2011-05-02,730.75,22670
2011-05-03,719.0,18933
2011-05-04,726.5,9003
2011-05-05,705.0,6901
2011-05-06,682.75,5524
2011-05-09,704.5,4106
2011-05-10,706.0,2550
2011-05-11,668.75,2610
2011-05-12,681.25,1574
2011-05-13,679.0,121024
2011-05-16,697.5,138184
2011-05-17,720.25,147132
2011-05-18,749.75,164860
2011-05-19,748.25,156387
2011-05-20,759.5,153228
2011-05-23,754.0,152056
2011-05-24,733.25,167096
2011-05-25,742.25,117083
2011-05-26,745.5,135062
2011-05-27,758.5,120456
2011-05-31,747.5,148538
2011-06-01,758.5,163809
2011-06-02,766.5,135173
2011-06-03,754.0,122238
2011-06-06,732.0,139370
2011-06-07,736.5,188507
2011-06-08,764.0,224538
2011-06-09,785.5,213502
2011-06-10,787.0,171077
2011-06-13,782.5,162361
2011-06-14,755.5,188439
2011-06-15,725.75,235152
2011-06-16,701.5,222258
2011-06-17,700.25,174752
2011-06-20,700.5,132757
2011-06-21,707.5,172807
2011-06-22,677.5,172359
2011-06-23,680.5,194372
2011-06-24,670.0,160547
2011-06-27,660.75,138082
2011-06-28,683.0,135555
2011-06-29,698.0,143359
2011-06-30,629.0,102047
2011-07-01,640.75,30771
2011-07-05,680.5,16278
2011-07-06,648.75,12818
2011-07-07,650.0,5513
2011-07-08,672.25,3027
2011-07-11,681.5,3074
2011-07-12,697.0,2619
2011-07-13,726.75,1849
2011-07-14,716.5,61509
2011-07-15,701.25,72336
2011-07-18,696.25,54833
2011-07-19,698.0,77845
2011-07-20,688.0,55660
2011-07-21,679.25,59580
2011-07-22,690.0,70366
2011-07-25,678.75,44739
2011-07-26,689.75,56593
2011-07-27,691.5,70663
2011-07-28,682.25,80120
2011-07-29,665.5,78720
2011-08-01,681.25,70405
2011-08-02,711.25,99777
2011-08-03,706.0,88522
2011-08-04,693.75,84612
2011-08-05,693.0,104989
2011-08-08,675.25,90009
2011-08-09,678.25,99674
2011-08-10,678.0,82997
2011-08-11,702.5,98668
2011-08-12,701.75,90191
2011-08-15,707.25,53443
2011-08-16,714.0,66021
2011-08-17,711.5,56827
2011-08-18,699.0,59927
2011-08-19,711.0,44839
2011-08-22,720.5,61301
2011-08-23,730.25,61949
2011-08-24,731.75,58960
2011-08-25,732.25,65830
2011-08-26,752.5,112298
2011-08-29,756.25,87513
2011-08-30,763.5,95762
2011-08-31,757.5,43825
2011-09-01,728.75,19577
2011-09-02,750.25,8453
2011-09-06,746.75,4539
2011-09-07,736.5,7222
2011-09-08,723.25,3784
2011-09-09,726.0,2136
2011-09-12,734.25,1400
2011-09-13,709.25,1589
2011-09-14,713.0,145705
2011-09-15,701.0,197869
2011-09-16,692.0,170554
2011-09-19,692.25,195620
2011-09-20,690.25,146461
2011-09-21,685.75,122487
2011-09-22,650.0,244194
2011-09-23,638.5,197949
2011-09-26,648.0,156891
2011-09-27,652.25,187261
2011-09-28,630.75,193173
2011-09-29,632.5,163097
2011-09-30,592.5,204007
2011-10-03,592.5,236400
2011-10-04,587.75,206074
2011-10-05,605.5,151220
2011-10-06,605.5,161053
2011-10-07,600.0,117653
2011-10-10,605.0,135540
2011-10-11,645.0,230412
2011-10-12,640.75,205606
2011-10-13,638.25,173039
2011-10-14,640.0,180765
2011-10-17,640.5,139589
2011-10-18,644.0,181881
2011-10-19,638.5,164058
2011-10-20,649.5,161401
2011-10-21,649.25,190051
2011-10-24,651.0,129057
2011-10-25,650.75,140103
2011-10-26,637.25,164234
2011-10-27,651.5,167398
2011-10-28,655.0,154267
2011-10-31,647.0,144047
2011-11-01,654.25,211739
2011-11-02,645.0,190371
2011-11-03,653.5,152165
2011-11-04,655.75,155020
2011-11-07,653.25,206943
2011-11-08,660.5,229364
2011-11-09,656.0,328584
2011-11-10,645.5,243308
2011-11-11,638.5,192167
2011-11-14,633.5,191854
2011-11-15,645.5,188177
2011-11-16,642.75,183215
2011-11-17,614.5,202446
2011-11-18,610.25,189169
2011-11-21,597.75,167109
2011-11-22,599.0,185101
2011-11-23,588.75,167576
2011-11-25,582.5,103202
2011-11-28,591.75,180763
2011-11-29,598.0,178800
2011-11-30,601.25,50378
2011-12-01,594.75,19065
2011-12-02,586.5,15518
2011-12-05,580.25,8571
2011-12-06,585.25,7532
2011-12-07,582.25,3382
2011-12-08,590.0,2776
2011-12-09,585.5,2341
2011-12-12,585.5,2335
2011-12-13,588.5,2558
2011-12-14,580.0,140087
2011-12-15,579.0,131715
2011-12-16,583.0,115007
2011-12-19,601.0,146066
2011-12-20,607.0,108191
2011-12-21,616.5,116715
2011-12-22,617.5,122666
2011-12-23,619.5,67761
2011-12-27,633.25,91819
2011-12-28,642.5,117486
2011-12-29,638.0,99957
2011-12-30,646.5,90619
2012-01-03,658.5,158650
2012-01-04,658.5,142010
2012-01-05,643.5,184873
2012-01-06,643.5,138311
2012-01-09,652.0,178662
2012-01-10,652.0,151815
2012-01-11,651.5,189874
2012-01-12,611.5,147198
2012-01-13,599.5,203505
2012-01-17,604.0,169674
2012-01-18,593.5,196009
2012-01-19,606.0,185393
2012-01-20,611.5,145652
2012-01-23,620.0,163204
2012-01-24,630.25,218954
2012-01-25,634.5,181597
2012-01-26,634.5,188121
2012-01-27,641.75,142337
2012-01-30,631.75,145759
2012-01-31,639.0,213385
2012-02-01,642.0,165558
2012-02-02,643.0,165100
2012-02-03,644.5,127335
2012-02-06,644.25,124194
2012-02-07,642.25,168539
2012-02-08,642.5,226019
2012-02-09,637.0,249280
2012-02-10,631.75,162796
2012-02-13,639.5,220976
2012-02-14,633.5,193529
2012-02-15,627.0,171774
2012-02-16,636.25,185500
2012-02-17,641.75,148467
2012-02-21,629.5,201444
2012-02-22,638.25,159547
2012-02-23,639.5,145321
2012-02-24,640.75,116010
2012-02-27,644.5,146780
2012-02-28,653.5,117496
2012-02-29,656.5,48751
2012-03-01,653.75,18077
2012-03-02,659.0,14147
2012-03-05,666.25,10007
2012-03-06,658.0,6829
2012-03-07,643.75,5372
2012-03-08,645.0,5703
2012-03-09,654.0,1450
2012-03-12,671.5,2510
2012-03-13,674.0,1889
2012-03-14,669.5,163822
2012-03-15,669.0,171298
2012-03-16,673.0,124654
2012-03-19,663.5,114877
2012-03-20,647.5,188010
2012-03-21,642.0,135890
2012-03-22,644.5,127940
2012-03-23,646.5,102994
2012-03-26,637.75,178914
2012-03-27,630.75,157245
2012-03-28,620.25,191250
2012-03-29,604.0,215043
2012-03-30,644.0,223679
2012-04-02,655.0,213267
2012-04-03,658.25,185188
2012-04-04,656.75,158821
2012-04-05,658.25,20
2012-04-09,649.0,150881
2012-04-10,634.75,235172
2012-04-11,636.0,183534
2012-04-12,637.5,191727
2012-04-13,629.25,187477
2012-04-16,623.25,125988
2012-04-17,616.75,122019
2012-04-18,601.75,184234
2012-04-19,621.0,104316
2012-04-20,612.5,102915
2012-04-23,622.5,73631
2012-04-24,618.25,92630
2012-04-25,611.0,101004
2012-04-26,624.0,104596
2012-04-27,653.0,87996
2012-04-30,660.25,27347
2012-05-01,659.75,13603
2012-05-02,642.25,6910
2012-05-03,650.75,3671
2012-05-04,662.25,4698
2012-05-07,665.0,4523
2012-05-08,666.0,3092
2012-05-09,641.25,1286
2012-05-10,625.5,1544
2012-05-11,608.0,1769
2012-05-14,608.0,106879
2012-05-15,597.25,113590
2012-05-16,620.0,153375
2012-05-17,625.0,131642
2012-05-18,635.5,167427
2012-05-21,633.0,128305
2012-05-22,597.0,188940
2012-05-23,603.5,165565
2012-05-24,578.5,184176
2012-05-25,578.5,147037
2012-05-29,562.5,177673
2012-05-30,559.5,148989
2012-05-31,555.25,153342
2012-06-01,551.5,177025
2012-06-04,568.0,91835
2012-06-05,567.5,155718
2012-06-06,586.25,129366
2012-06-07,594.0,161002
2012-06-08,598.0,155163
2012-06-11,592.0,139081
2012-06-12,584.0,153108
2012-06-13,592.5,214591
2012-06-14,601.5,144137
2012-06-15,579.5,153416
2012-06-18,599.5,136335
2012-06-19,612.5,140797
2012-06-20,611.75,112767
2012-06-21,586.5,159272
2012-06-22,591.0,110744
2012-06-25,631.0,113321
2012-06-26,646.0,115942
2012-06-27,649.5,84505
2012-06-28,652.0,79775
2012-06-29,672.5,29441
2012-07-02,692.5,7752
2012-07-03,718.75,6080
2012-07-05,768.0,8332
2012-07-06,743.25,5217
2012-07-09,775.25,4321
2012-07-10,761.0,3966
2012-07-11,750.75,3845
2012-07-12,771.25,2487
2012-07-13,755.75,87033
2012-07-16,776.75,86532
2012-07-17,779.5,86968
2012-07-18,795.0,91953
2012-07-19,807.75,104662
2012-07-20,824.5,112767
2012-07-23,814.0,74137
2012-07-24,790.0,83135
2012-07-25,794.5,76018
2012-07-26,781.25,67835
2012-07-27,798.5,61017
2012-07-30,820.0,65043
2012-07-31,806.5,76761
2012-08-01,800.5,84270
2012-08-02,794.0,68543
2012-08-03,810.0,61332
2012-08-06,803.0,58540
2012-08-07,796.0,82504
2012-08-08,810.75,99517
2012-08-09,818.25,113783
2012-08-10,800.0,138198
2012-08-13,782.75,122370
2012-08-14,779.75,53704
2012-08-15,794.0,83101
2012-08-16,797.75,53110
2012-08-17,798.5,57493
2012-08-20,815.25,65493
2012-08-21,831.25,56270
2012-08-22,830.25,59188
2012-08-23,808.75,71175
2012-08-24,802.25,56731
2012-08-27,794.5,40553
2012-08-28,789.5,57011
2012-08-29,810.25,53933
2012-08-30,811.5,51001
2012-08-31,802.75,12637
2012-09-04,807.0,4708
2012-09-05,789.75,8436
2012-09-06,797.25,3779
2012-09-07,795.0,2999
2012-09-10,781.0,2685
2012-09-11,782.25,2086
2012-09-12,771.0,1611
2012-09-13,776.75,1117
2012-09-14,777.5,142075
2012-09-17,748.0,160250
2012-09-18,740.0,172645
2012-09-19,756.5,141542
2012-09-20,746.0,161680
2012-09-21,748.25,128160
2012-09-24,744.75,118906
2012-09-25,743.75,89281
2012-09-26,724.75,167917
2012-09-27,716.25,166276
2012-09-28,756.25,220632
2012-10-01,756.75,169212
2012-10-02,758.25,132144
2012-10-03,756.75,172279
2012-10-04,757.0,115898
2012-10-05,748.0,107830
2012-10-08,742.0,93168
2012-10-09,742.0,94819
2012-10-10,736.75,120747
2012-10-11,773.25,249946
2012-10-12,752.75,148846
2012-10-15,737.25,123034
2012-10-16,738.25,105944
2012-10-17,745.5,81080
2012-10-18,760.75,141242
2012-10-19,761.5,138751
2012-10-22,761.25,81096
2012-10-23,756.0,130327
2012-10-24,754.5,157205
2012-10-25,742.0,147414
2012-10-26,737.75,112039
2012-10-31,755.75,180255
2012-11-01,751.0,161175
2012-11-02,739.5,175125
2012-11-05,735.5,123788
2012-11-06,741.0,118109
2012-11-07,744.25,179049
2012-11-08,741.25,154253
2012-11-09,738.75,260266
2012-11-12,718.0,260971
2012-11-13,723.5,232439
2012-11-14,725.75,153645
2012-11-15,721.25,112562
2012-11-16,727.0,162450
2012-11-19,738.75,156748
2012-11-20,743.25,145852
2012-11-21,741.0,108007
2012-11-23,745.5,62192
2012-11-26,747.25,133413
2012-11-27,760.0,142387
2012-11-28,760.25,111668
2012-11-29,751.5,128067
2012-11-30,748.0,44921
2012-12-03,749.0,12172
2012-12-04,746.5,8862
2012-12-05,753.25,8852
2012-12-06,747.75,3380
2012-12-07,732.75,4652
2012-12-10,726.75,3979
2012-12-11,724.25,3072
2012-12-12,721.0,2342
2012-12-13,712.25,2345
2012-12-14,718.75,110147
2012-12-17,724.0,85027
2012-12-18,720.0,83591
2012-12-19,703.0,158527
2012-12-20,696.5,160185
2012-12-21,702.0,67201
2012-12-24,704.25,21068
2012-12-26,693.25,59316
2012-12-27,691.5,64279
2012-12-28,694.0,62755
2012-12-31,698.25,62119
2013-01-02,690.75,110788
2013-01-03,689.25,108074
2013-01-04,680.25,126506
2013-01-07,685.5,116838
2013-01-08,688.75,122407
2013-01-09,694.25,115574
2013-01-10,698.75,134030
2013-01-11,708.75,305608
2013-01-14,724.0,173515
2013-01-15,730.5,175272
2013-01-16,731.25,155128
2013-01-17,724.5,114277
2013-01-18,727.5,134681
2013-01-22,728.5,104383
2013-01-23,720.75,118851
2013-01-24,724.25,128864
2013-01-25,720.75,110652
2013-01-28,729.25,101032
2013-01-29,729.5,109083
2013-01-30,740.25,152247
2013-01-31,740.5,163800
2013-02-01,736.0,159080
2013-02-04,734.25,102032
2013-02-05,729.0,138896
2013-02-06,722.5,117529
2013-02-07,710.75,182487
2013-02-08,709.0,244566
2013-02-11,702.25,185558
2013-02-12,696.25,202092
2013-02-13,695.5,187129
2013-02-14,694.75,133467
2013-02-15,698.75,126664
2013-02-19,695.25,126555
2013-02-20,700.5,140765
2013-02-21,690.75,137028
2013-02-22,690.25,121671
2013-02-25,693.5,110974
2013-02-26,705.0,125539
2013-02-27,709.5,117894
2013-02-28,719.5,42717
2013-03-01,724.25,14200
2013-03-04,723.0,8020
2013-03-05,732.0,6351
2013-03-06,708.0,6062
2013-03-07,711.5,2063
2013-03-08,725.25,1684
2013-03-11,734.5,1514
2013-03-12,741.0,1794
2013-03-13,741.25,2128
2013-03-14,732.75,103856
2013-03-15,717.0,100018
2013-03-18,720.0,92674
2013-03-19,728.5,131277
2013-03-20,732.5,121847
2013-03-21,733.0,96276
2013-03-22,726.25,117973
2013-03-25,733.25,94637
2013-03-26,730.25,94362
2013-03-27,735.25,115147
2013-03-28,695.25,207050
2013-04-01,642.25,273482
2013-04-02,640.5,197041
2013-04-03,641.5,165636
2013-04-04,630.0,169841
2013-04-05,629.0,152288
2013-04-08,633.5,127966
2013-04-09,644.25,157851
2013-04-10,649.0,195455
2013-04-11,651.25,140556
2013-04-12,658.5,93743
2013-04-15,646.75,96370
2013-04-16,663.25,112622
2013-04-17,660.5,99184
2013-04-18,644.5,124212
2013-04-19,652.0,67425
2013-04-22,645.75,66975
2013-04-23,638.5,91749
2013-04-24,639.5,84141
2013-04-25,645.25,53896
2013-04-26,644.0,78524
2013-04-29,684.0,93276
2013-04-30,683.25,30420
2013-05-01,681.75,10235
2013-05-02,697.5,8678
2013-05-03,699.5,6150
2013-05-06,678.75,4247
2013-05-07,676.5,4152
2013-05-08,675.0,2301
2013-05-09,694.5,2383
2013-05-10,687.75,3813
2013-05-13,718.0,1784
2013-05-14,706.75,64384
2013-05-15,650.75,78502
2013-05-16,641.5,72057
2013-05-17,652.75,98929
2013-05-20,649.5,88236
2013-05-21,640.0,101487
2013-05-22,658.5,119109
2013-05-23,662.0,115606
2013-05-24,657.25,83484
2013-05-28,666.5,85496
2013-05-29,665.0,135982
2013-05-30,654.25,103450
2013-05-31,662.0,97577
2013-06-03,655.75,119563
2013-06-04,660.5,90516
2013-06-05,660.75,99328
2013-06-06,663.25,73049
2013-06-07,666.25,122077
2013-06-10,650.0,122282
2013-06-11,659.5,111234
2013-06-12,650.75,138800
2013-06-13,643.5,125191
2013-06-14,655.0,97377
2013-06-17,668.5,122002
2013-06-18,673.25,160579
2013-06-19,682.25,145518
2013-06-20,673.25,81189
2013-06-21,661.75,90417
2013-06-24,653.25,63780
2013-06-25,656.75,76136
2013-06-26,664.5,84387
2013-06-27,667.25,89216
2013-06-28,679.25,37861
2013-07-01,655.5,18279
2013-07-02,672.75,7919
2013-07-03,678.25,3929
2013-07-05,684.75,2868
2013-07-08,691.75,4255
2013-07-09,704.0,3665
2013-07-10,709.75,2647
2013-07-11,716.75,3195
2013-07-12,701.5,59827
2013-07-15,536.25,50492
2013-07-16,545.25,55368
2013-07-17,538.5,45385
2013-07-18,541.0,69576
2013-07-19,544.0,77722
2013-07-22,540.75,49041
2013-07-23,522.5,92858
2013-07-24,508.25,103138
2013-07-25,496.0,126368
2013-07-26,492.0,65924
2013-07-29,489.25,64514
2013-07-30,495.5,64592
2013-07-31,499.0,76256
2013-08-01,487.5,68277
2013-08-02,476.0,83417
2013-08-05,469.25,74631
2013-08-06,472.25,70677
2013-08-07,468.25,90363
2013-08-08,473.5,90623
2013-08-09,465.75,80179
2013-08-12,472.0,110053
2013-08-13,455.25,112285
2013-08-14,464.75,80627
2013-08-15,481.5,81198
2013-08-16,473.75,62894
2013-08-19,493.25,55413
2013-08-20,483.75,46399
2013-08-21,498.0,74947
2013-08-22,487.5,67915
2013-08-23,495.5,73982
2013-08-26,515.75,72379
2013-08-27,499.75,61666
2013-08-28,504.25,62695
2013-08-29,497.25,62086
2013-08-30,495.0,33789
2013-09-03,498.0,12789
2013-09-04,494.0,8034
2013-09-05,489.5,6334
2013-09-06,491.5,3032
2013-09-09,477.25,5827
2013-09-10,474.75,5288
2013-09-11,479.75,2891
2013-09-12,479.0,2128
2013-09-13,450.0,95246
2013-09-16,456.5,96537
2013-09-17,454.0,142922
2013-09-18,456.25,98955
2013-09-19,459.5,118125
2013-09-20,451.0,117384
2013-09-23,453.25,85790
2013-09-24,448.75,102415
2013-09-25,454.75,102257
2013-09-26,456.75,81835
2013-09-27,454.0,96327
2013-09-30,441.5,231380
2013-10-01,439.0,162610
2013-10-02,439.0,110682
2013-10-03,439.25,97170
2013-10-04,443.25,80706
2013-10-07,449.25,148378
2013-10-08,441.75,127958
2013-10-09,443.5,106370
2013-10-10,438.25,110458
2013-10-11,433.25,95879
2013-10-14,437.0,87547
2013-10-15,443.5,132993
2013-10-16,442.75,120313
2013-10-17,443.0,109641
2013-10-18,441.5,113287
2013-10-21,444.0,105735
2013-10-22,438.25,94419
2013-10-23,442.75,154657
2013-10-24,440.25,145523
2013-10-25,440.0,114537
2013-10-28,430.75,197956
2013-10-29,432.0,160427
2013-10-30,430.25,145107
2013-10-31,428.25,226896
2013-11-01,427.25,175603
2013-11-04,426.25,154961
2013-11-05,425.0,173087
2013-11-06,421.25,203384
2013-11-07,420.5,240006
2013-11-08,426.75,367855
2013-11-11,434.75,256555
2013-11-12,432.25,176527
2013-11-13,429.75,226433
2013-11-14,426.5,166631
2013-11-15,422.0,215387
2013-11-18,412.0,251099
2013-11-19,417.75,184949
2013-11-20,417.0,146175
2013-11-21,423.0,184359
2013-11-22,422.25,191252
2013-11-25,424.75,122502
2013-11-26,418.5,134287
2013-11-27,417.25,132013
2013-11-29,415.25,21820
2013-12-02,416.5,14977
2013-12-03,422.0,9178
2013-12-04,425.5,7667
2013-12-05,422.75,2386
2013-12-06,424.0,2079
2013-12-09,428.5,1397
2013-12-10,427.5,3136
2013-12-11,431.25,1779
2013-12-12,428.25,1677
2013-12-13,420.5,106098
2013-12-16,423.25,114420
2013-12-17,426.75,89620
2013-12-18,425.0,81535
2013-12-19,430.5,99370
2013-12-20,433.25,92615
2013-12-23,434.25,65971
2013-12-24,434.5,28452
2013-12-26,426.25,72950
2013-12-27,427.5,52403
2013-12-30,423.5,60441
2013-12-31,422.0,77092
2014-01-02,420.5,136284
2014-01-03,423.5,110192
2014-01-06,427.75,96635
2014-01-07,426.0,124441
2014-01-08,417.0,221233
2014-01-09,412.0,228114
2014-01-10,432.75,365581
2014-01-13,434.5,219138
2014-01-14,431.5,156818
2014-01-15,425.75,118783
2014-01-16,428.0,131695
2014-01-17,424.0,95493
2014-01-21,425.0,134010
2014-01-22,426.25,114794
2014-01-23,429.0,157783
2014-01-24,429.5,126819
2014-01-27,431.75,132838
2014-01-28,432.0,118856
2014-01-29,427.5,147425
2014-01-30,433.5,174534
2014-01-31,434.0,135050
2014-02-03,435.75,167839
2014-02-04,441.75,179800
2014-02-05,443.25,169908
2014-02-06,443.0,191086
2014-02-07,444.25,171623
2014-02-10,443.0,252408
2014-02-11,441.5,221223
2014-02-12,440.0,209920
2014-02-13,440.5,174150
2014-02-14,445.25,177419
2014-02-18,449.5,140683
2014-02-19,453.75,243325
2014-02-20,455.75,191961
2014-02-21,453.0,145576
2014-02-24,451.5,141751
2014-02-25,455.75,123589
2014-02-26,455.5,113291
2014-02-27,448.0,140676
2014-02-28,457.5,36979
2014-03-03,464.0,20819
2014-03-04,476.75,10937
2014-03-05,475.25,6726
2014-03-06,485.75,4262
2014-03-07,481.0,7131
2014-03-10,472.0,1561
2014-03-11,478.0,1325
2014-03-12,484.25,1037
2014-03-13,484.25,1123
2014-03-14,472.25,109124
2014-03-17,479.0,85187
2014-03-18,486.25,90577
2014-03-19,487.75,113870
2014-03-20,478.5,102863
2014-03-21,479.0,86237
2014-03-24,490.0,110121
2014-03-25,486.5,84748
2014-03-26,484.5,79966
2014-03-27,492.0,132271
2014-03-28,492.0,118113
2014-03-31,502.0,283223
2014-04-01,507.5,172036
2014-04-02,495.75,159001
2014-04-03,500.0,107969
2014-04-04,501.75,102928
2014-04-07,499.25,156859
2014-04-08,507.0,131388
2014-04-09,502.25,266121
2014-04-10,501.25,152750
2014-04-11,498.5,147245
2014-04-14,503.0,113216
2014-04-15,503.75,134416
2014-04-16,497.5,103705
2014-04-17,494.75,102322
2014-04-21,488.5,115411
2014-04-22,496.25,162634
2014-04-23,503.5,107481
2014-04-24,501.25,111415
2014-04-25,507.0,90449
2014-04-28,507.75,99351
2014-04-29,515.75,87219
2014-04-30,514.0,30696
2014-05-01,503.25,18177
2014-05-02,494.0,15131
2014-05-05,503.25,3527
2014-05-06,513.0,4147
2014-05-07,510.25,2555
2014-05-08,513.25,1655
2014-05-09,505.0,2068
2014-05-12,497.5,2325
2014-05-13,503.25,2036
2014-05-14,494.75,105785
2014-05-15,484.25,138763
2014-05-16,483.5,92663
2014-05-19,477.25,119746
2014-05-20,473.5,113173
2014-05-21,474.5,96480
2014-05-22,476.75,110932
2014-05-23,478.0,85635
2014-05-27,469.75,101114
2014-05-28,472.5,102757
2014-05-29,469.5,131247
2014-05-30,465.75,128747
2014-06-02,465.5,160531
2014-06-03,458.25,118132
2014-06-04,456.25,93357
2014-06-05,449.0,113818
2014-06-06,459.0,163777
2014-06-09,451.0,158202
2014-06-10,445.5,142517
2014-06-11,441.0,185493
2014-06-12,444.0,157865
2014-06-13,447.0,127960
2014-06-16,441.0,128964
2014-06-17,438.75,109891
2014-06-18,441.5,95337
2014-06-19,450.5,117242
2014-06-20,453.25,112310
2014-06-23,444.5,113223
2014-06-24,443.0,108660
2014-06-25,441.0,135829
2014-06-26,442.75,121751
2014-06-27,443.0,111681
2014-06-30,424.25,32988
2014-07-01,422.75,9735
2014-07-02,418.5,6362
2014-07-03,417.0,3041
2014-07-07,409.25,2821
2014-07-08,408.25,3811
2014-07-09,404.0,3041
2014-07-10,400.5,2865
2014-07-11,399.75,1990
2014-07-14,390.25,63853
2014-07-15,374.0,104821
2014-07-16,378.25,87367
2014-07-17,379.5,99242
2014-07-18,371.25,63661
2014-07-21,364.0,80268
2014-07-22,360.25,56738
2014-07-23,362.5,59923
2014-07-24,361.5,80591
2014-07-25,363.0,76154
2014-07-28,367.75,62888
2014-07-29,361.5,76338
2014-07-30,361.75,78868
2014-07-31,357.0,68927
2014-08-01,352.5,73337
2014-08-04,358.75,75699
2014-08-05,356.25,65793
2014-08-06,363.25,75358
2014-08-07,359.5,133125
2014-08-08,351.75,123611
2014-08-11,356.75,165303
2014-08-12,358.5,194070
2014-08-13,358.0,110215
2014-08-14,362.0,68506
2014-08-15,365.75,74813
2014-08-18,360.75,78822
2014-08-19,362.5,80142
2014-08-20,359.5,95879
2014-08-21,362.25,98455
2014-08-22,365.5,107057
2014-08-25,360.0,78751
2014-08-26,356.0,86304
2014-08-27,356.0,72872
2014-08-28,361.75,71290
2014-08-29,359.0,30831
2014-09-02,355.75,11396
2014-09-03,341.25,11532
2014-09-04,335.75,5047
2014-09-05,346.5,3218
2014-09-08,339.25,893
2014-09-09,336.25,1596
2014-09-10,338.75,1298
2014-09-11,331.75,1728
2014-09-12,339.0,106215
2014-09-15,343.0,102671
2014-09-16,343.75,144551
2014-09-17,341.75,83632
2014-09-18,338.25,100943
2014-09-19,331.5,107635
2014-09-22,330.25,131674
2014-09-23,325.5,125167
2014-09-24,329.5,132651
2014-09-25,326.0,107743
2014-09-26,323.0,86605
2014-09-29,325.75,104805
2014-09-30,320.75,173979
2014-10-01,321.25,121907
2014-10-02,322.75,123125
2014-10-03,323.25,92118
2014-10-06,332.5,134901
2014-10-07,340.5,218114
2014-10-08,343.25,127485
2014-10-09,344.75,174549
2014-10-10,334.0,234751
2014-10-13,346.0,142097
2014-10-14,357.0,194804
2014-10-15,347.5,183378
2014-10-16,352.25,138242
2014-10-17,348.0,127179
2014-10-20,348.25,140828
2014-10-21,356.0,159476
2014-10-22,353.0,174942
2014-10-23,359.75,144314
2014-10-24,353.0,162470
2014-10-27,363.0,172966
2014-10-28,364.5,222302
2014-10-29,375.25,217048
2014-10-30,374.0,203146
2014-10-31,376.75,190821
2014-11-03,373.5,157753
2014-11-04,364.5,178121
2014-11-05,370.25,213921
2014-11-06,371.25,173692
2014-11-07,367.5,207974
2014-11-10,369.25,308187
2014-11-11,373.75,225095
2014-11-12,377.75,337611
2014-11-13,386.25,299508
2014-11-14,381.75,160958
2014-11-17,377.5,166794
2014-11-18,372.0,165776
2014-11-19,363.25,203634
2014-11-20,373.25,192317
2014-11-21,372.75,208536
2014-11-24,367.5,159589
2014-11-25,374.25,153228
2014-11-26,378.25,163797
2014-11-28,375.75,29217
2014-12-01,375.5,18534
2014-12-02,367.75,13656
2014-12-03,368.75,8079
2014-12-04,376.0,9626
2014-12-05,381.5,3531
2014-12-08,377.5,7014
2014-12-09,383.0,7143
2014-12-10,382.5,5464
2014-12-11,390.0,5451
2014-12-12,396.25,194045
2014-12-15,408.5,162942
2014-12-16,406.0,172142
2014-12-17,408.25,120238
2014-12-18,411.0,125321
2014-12-19,410.5,117608
2014-12-22,411.75,90601
2014-12-23,414.0,90856
2014-12-24,407.75,68812
2014-12-26,414.75,52280
2014-12-29,412.75,86310
2014-12-30,406.5,95776
2014-12-31,397.0,119262
2015-01-02,395.75,88774
2015-01-05,406.0,140391
2015-01-06,405.0,138314
2015-01-07,396.25,131694
2015-01-08,394.25,118969
2015-01-09,400.25,154553
2015-01-12,402.0,269589
2015-01-13,385.75,250523
2015-01-14,381.0,236408
2015-01-15,380.0,189766
2015-01-16,387.0,142829
2015-01-20,390.25,138122
2015-01-21,388.0,114626
2015-01-22,383.75,139782
2015-01-23,386.75,169566
2015-01-26,384.0,102852
2015-01-27,381.25,108698
2015-01-28,373.25,167615
2015-01-29,371.5,192836
2015-01-30,370.0,194631
2015-02-02,369.75,154763
2015-02-03,385.75,238534
2015-02-04,383.5,178698
2015-02-05,385.25,136397
2015-02-06,385.75,202343
2015-02-09,391.25,217638
2015-02-10,388.0,209348
2015-02-11,385.75,178879
2015-02-12,383.0,169376
2015-02-13,387.25,167269
2015-02-17,389.5,164635
2015-02-18,383.75,162322
2015-02-19,389.75,176132
2015-02-20,385.25,131258
2015-02-23,378.75,142798
2015-02-24,377.5,207228
2015-02-25,375.75,115836
2015-02-26,380.0,95565
2015-02-27,384.5,35368
2015-03-02,378.75,16974
2015-03-03,382.0,13906
2015-03-04,381.5,10629
2015-03-05,382.75,6365
2015-03-06,379.25,4631
2015-03-09,383.25,1898
2015-03-10,382.25,4126
2015-03-11,384.0,1609
2015-03-12,382.25,1241
2015-03-13,374.0,155266
2015-03-16,379.0,145231
2015-03-17,371.0,175673
2015-03-18,374.75,146488
2015-03-19,373.5,152285
2015-03-20,385.0,211230
2015-03-23,390.25,160884
2015-03-24,393.25,135276
2015-03-25,395.0,150274
2015-03-26,391.25,156056
2015-03-27,391.0,136749
2015-03-30,394.5,175824
2015-03-31,376.25,349246
2015-04-01,381.75,221060
2015-04-02,386.5,177882
2015-04-06,385.0,84776
2015-04-07,383.0,99163
2015-04-08,379.25,214355
2015-04-09,378.0,198132
2015-04-10,377.0,196231
2015-04-13,370.5,184709
2015-04-14,373.5,173032
2015-04-15,376.0,220497
2015-04-16,376.25,122447
2015-04-17,379.75,152395
2015-04-20,378.0,133450
2015-04-21,373.0,179367
2015-04-22,372.5,141185
2015-04-23,370.75,191785
2015-04-24,364.5,145306
2015-04-27,360.75,139207
2015-04-28,361.0,116765
2015-04-29,363.75,79151
2015-04-30,362.5,19353
2015-05-01,359.75,6089
2015-05-04,358.75,3335
2015-05-05,361.25,4250
2015-05-06,366.5,2990
2015-05-07,357.75,3293
2015-05-08,358.5,1210
2015-05-11,358.25,636
2015-05-12,357.0,406
2015-05-13,356.0,579
2015-05-14,361.0,198520
2015-05-15,365.5,171130
2015-05-18,368.0,155820
2015-05-19,362.0,175468
2015-05-20,360.0,152947
2015-05-21,365.0,170412
2015-05-22,360.0,155675
2015-05-26,355.0,172180
2015-05-27,349.5,180699
2015-05-28,353.5,163613
2015-05-29,351.5,141539
2015-06-01,352.25,140812
2015-06-02,359.0,180406
2015-06-03,359.0,222940
2015-06-04,363.5,146468
2015-06-05,360.5,209282
2015-06-08,365.25,174596
2015-06-09,365.0,230801
2015-06-10,357.25,349011
2015-06-11,356.5,256052
2015-06-12,353.0,223042
2015-06-15,348.25,261742
2015-06-16,354.0,253135
2015-06-17,359.25,197540
2015-06-18,358.0,180245
2015-06-19,353.25,164909
2015-06-22,360.0,179336
2015-06-23,367.5,202628
2015-06-24,366.5,210672
2015-06-25,376.5,176632
2015-06-26,385.0,191984
2015-06-29,383.25,138122
2015-06-30,414.0,39750
2015-07-01,413.75,18653
2015-07-02,419.75,11002
2015-07-06,418.5,10263
2015-07-07,415.75,6959
2015-07-08,416.25,5780
2015-07-09,421.25,5157
2015-07-10,427.25,1961
2015-07-13,433.5,1528
2015-07-14,424.0,157441
2015-07-15,429.5,155160
2015-07-16,430.0,144241
2015-07-17,420.25,108363
2015-07-20,405.0,115539
2015-07-21,406.5,99828
2015-07-22,402.75,102950
2015-07-23,403.25,91749
2015-07-24,392.5,95623
2015-07-27,373.0,168643
2015-07-28,375.0,90252
2015-07-29,367.75,102337
2015-07-30,373.25,122979
2015-07-31,371.0,108953
2015-08-03,366.5,87164
2015-08-04,368.75,84695
2015-08-05,372.75,124085
2015-08-06,369.75,90804
2015-08-07,372.75,135952
2015-08-10,390.25,179127
2015-08-11,376.5,150143
2015-08-12,357.25,213756
2015-08-13,363.75,171458
2015-08-14,364.0,121627
2015-08-17,363.25,96021
2015-08-18,366.25,92424
2015-08-19,367.25,95765
2015-08-20,371.0,106836
2015-08-21,365.25,96220
2015-08-24,368.75,157282
2015-08-25,365.5,110032
2015-08-26,361.75,82911
2015-08-27,363.75,128432
2015-08-28,363.25,121534
2015-08-31,363.75,26929
2015-09-01,356.0,14224
2015-09-02,354.0,8732
2015-09-03,347.75,8523
2015-09-04,349.5,5793
2015-09-08,355.0,4757
2015-09-09,356.5,4069
2015-09-10,361.75,2090
2015-09-11,374.5,2234
2015-09-14,379.0,191326
2015-09-15,390.5,137584
2015-09-16,386.0,136515
2015-09-17,379.75,100749
2015-09-18,377.25,122700
2015-09-21,384.5,148745
2015-09-22,380.5,125418
2015-09-23,383.25,99196
2015-09-24,381.5,106335
2015-09-25,389.0,143043
2015-09-28,386.75,143666
2015-09-29,389.0,128653
2015-09-30,387.75,268863
2015-10-01,388.75,136427
2015-10-02,389.25,164402
2015-10-05,393.5,113450
2015-10-06,398.25,190309
2015-10-07,395.75,146387
2015-10-08,391.25,131351
2015-10-09,382.75,262772
2015-10-12,380.75,134597
2015-10-13,384.5,148065
2015-10-14,379.0,137517
2015-10-15,375.5,123418
2015-10-16,376.75,142264
2015-10-19,373.0,120046
2015-10-20,376.75,169213
2015-10-21,380.75,215666
2015-10-22,378.25,132712
2015-10-23,379.75,171647
2015-10-26,384.5,200132
2015-10-27,380.0,205737
2015-10-28,376.0,153094
2015-10-29,380.0,146184
2015-10-30,382.25,152847
2015-11-02,376.5,173276
2015-11-03,380.5,247284
2015-11-04,380.5,245045
2015-11-05,374.5,241092
2015-11-06,373.0,218103
2015-11-09,366.75,295989
2015-11-10,359.0,428758
2015-11-11,362.25,274519
2015-11-12,362.0,264486
2015-11-13,358.25,165822
2015-11-16,360.0,139156
2015-11-17,362.0,195761
2015-11-18,361.75,245397
2015-11-19,364.25,175839
2015-11-20,363.25,188672
2015-11-23,367.25,177566
2015-11-24,364.25,163371
2015-11-25,366.0,147246
2015-11-27,359.25,73101
2015-11-30,365.0,33639
2015-12-01,367.0,10597
2015-12-02,364.0,4775
2015-12-03,370.25,11682
2015-12-04,376.25,4951
2015-12-07,368.5,3397
2015-12-08,370.0,3115
2015-12-09,371.75,3550
2015-12-10,377.25,2951
2015-12-11,373.0,2061
2015-12-14,381.75,128249
2015-12-15,377.25,103753
2015-12-16,369.75,159022
2015-12-17,374.25,269285
2015-12-18,374.5,180303
2015-12-21,372.0,129720
2015-12-22,366.25,124216
2015-12-23,365.5,95523
2015-12-24,364.5,57476
2015-12-28,361.0,101006
2015-12-29,362.5,123500
2015-12-30,359.0,102103
2015-12-31,358.75,77003
2016-01-04,351.5,188747
2016-01-05,353.0,147255
2016-01-06,353.25,138855
2016-01-07,353.0,151656
2016-01-08,357.0,178645
2016-01-11,351.75,174492
2016-01-12,356.75,298175
2016-01-13,358.0,216869
2016-01-14,358.0,163853
2016-01-15,363.25,179659
2016-01-19,367.75,227108
2016-01-20,368.75,193968
2016-01-21,367.0,245065
2016-01-22,370.25,163779
2016-01-25,369.75,153213
2016-01-26,369.25,167690
2016-01-27,369.25,176387
2016-01-28,365.5,180821
2016-01-29,372.0,220973
2016-02-01,371.25,144223
2016-02-02,372.5,203481
2016-02-03,371.0,156546
2016-02-04,368.5,181870
2016-02-05,365.75,232059
2016-02-08,362.25,222967
2016-02-09,361.0,262404
2016-02-10,360.25,148373
2016-02-11,360.25,219260
2016-02-12,358.75,183832
2016-02-16,363.0,213497
2016-02-17,367.25,174335
2016-02-18,365.5,231650
2016-02-19,365.5,197441
2016-02-22,367.5,218973
2016-02-23,362.0,127839
2016-02-24,359.75,170408
2016-02-25,355.5,147056
2016-02-26,354.5,120564
2016-02-29,353.5,23036
2016-03-01,353.75,11130
2016-03-02,354.5,2360
2016-03-03,353.75,4106
2016-03-04,354.5,2335
2016-03-07,355.0,1174
2016-03-08,358.75,1194
2016-03-09,359.0,1749
2016-03-10,362.5,800
2016-03-11,366.0,1779
2016-03-14,366.75,159819
2016-03-15,368.5,111210
2016-03-16,368.25,104231
2016-03-17,368.5,197301
2016-03-18,367.0,96097
2016-03-21,369.5,109502
2016-03-22,370.0,148114
2016-03-23,368.5,126700
2016-03-24,370.0,146167
2016-03-28,370.5,127556
2016-03-29,373.0,174314
2016-03-30,367.0,214614
2016-03-31,351.5,522428
2016-04-01,354.0,268649
2016-04-04,354.5,183736
2016-04-05,356.75,208622
2016-04-06,358.0,174258
2016-04-07,361.5,281791
2016-04-08,362.25,227920
2016-04-11,356.75,249689
2016-04-12,362.75,341615
2016-04-13,373.5,392883
2016-04-14,374.0,296749
2016-04-15,378.5,295448
2016-04-18,381.0,222137
2016-04-19,384.5,280508
2016-04-20,394.75,217781
2016-04-21,384.5,191428
2016-04-22,371.75,174983
2016-04-25,377.0,123098
2016-04-26,382.25,110843
2016-04-27,380.75,89197
2016-04-28,387.0,74352
2016-04-29,390.25,20109
2016-05-02,390.25,8370
2016-05-03,378.25,5540
2016-05-04,373.25,10039
2016-05-05,371.75,2453
2016-05-06,376.0,1551
2016-05-09,367.75,1035
2016-05-10,378.5,841
2016-05-11,374.0,1093
2016-05-12,385.25,787
2016-05-13,382.0,155078
2016-05-16,394.0,161780
2016-05-17,397.0,193693
2016-05-18,399.5,184087
2016-05-19,390.0,229117
2016-05-20,394.5,177947
2016-05-23,397.75,156434
2016-05-24,397.5,160508
2016-05-25,404.75,170814
2016-05-26,408.25,223709
2016-05-27,412.75,174313
2016-05-31,404.75,205686
2016-06-01,413.75,213032
2016-06-02,415.25,223629
2016-06-03,418.25,183279
2016-06-06,427.25,223124
2016-06-07,427.75,273076
2016-06-08,431.25,342762
2016-06-09,426.5,262525
2016-06-10,423.0,291065
2016-06-13,430.0,304087
2016-06-14,436.5,236330
2016-06-15,429.0,186442
2016-06-16,425.25,196401
2016-06-17,437.75,179118
2016-06-20,421.25,204937
2016-06-21,396.25,292416
2016-06-22,393.0,211875
2016-06-23,387.25,164756
2016-06-24,384.5,180562
2016-06-27,385.25,123573
2016-06-28,385.25,121380
2016-06-29,372.75,99434
2016-06-30,358.75,37491
2016-07-01,353.0,6927
2016-07-05,344.0,4788
2016-07-06,335.75,4287
2016-07-07,335.5,2550
2016-07-08,349.75,1160
2016-07-11,343.75,1164
2016-07-12,349.75,388
2016-07-13,365.75,673
2016-07-14,362.25,108690
2016-07-15,352.25,104622
2016-07-18,357.0,84620
2016-07-19,341.75,88392
2016-07-20,337.5,111929
2016-07-21,334.25,92502
2016-07-22,335.0,101545
2016-07-25,334.75,92724
2016-07-26,332.5,95060
2016-07-27,335.75,81045
2016-07-28,331.25,88777
2016-07-29,334.5,102314
2016-08-01,325.75,83565
2016-08-02,324.25,120083
2016-08-03,325.0,91696
2016-08-04,320.75,83083
2016-08-05,324.25,139530
2016-08-08,325.25,148916
2016-08-09,322.25,121417
2016-08-10,322.5,148918
2016-08-11,321.0,125764
2016-08-12,322.25,146083
2016-08-15,326.5,75700
2016-08-16,327.5,78795
2016-08-17,330.25,103659
2016-08-18,332.0,72273
2016-08-19,334.25,85600
2016-08-22,333.25,71837
2016-08-23,328.5,90241
2016-08-24,327.5,77905
2016-08-25,323.5,94419
2016-08-26,316.25,98576
2016-08-29,311.75,128342
2016-08-30,304.0,132215
2016-08-31,301.5,25255
2016-09-01,311.0,11499
2016-09-02,316.5,3408
2016-09-06,316.75,2455
2016-09-07,321.0,2568
2016-09-08,327.0,1477
2016-09-09,330.0,780
2016-09-12,329.25,1200
2016-09-13,319.25,709
2016-09-14,322.25,129673
2016-09-15,330.0,131018
2016-09-16,337.0,165288
2016-09-19,337.25,139737
2016-09-20,340.5,127944
2016-09-21,340.0,101255
2016-09-22,336.75,122257
2016-09-23,336.5,150668
2016-09-26,329.0,160536
2016-09-27,331.75,147073
2016-09-28,329.25,107525
2016-09-29,329.25,119728
2016-09-30,336.75,258970
2016-10-03,346.0,234811
2016-10-04,348.25,158042
2016-10-05,347.75,142713
2016-10-06,340.5,178132
2016-10-07,339.75,173884
2016-10-11,345.5,148301
2016-10-12,337.0,219044
2016-10-13,349.5,216225
2016-10-14,354.25,275680
2016-10-17,354.0,150351
2016-10-18,353.75,140470
2016-10-19,357.5,168837
2016-10-20,351.0,173299
2016-10-21,352.5,115808
2016-10-24,348.25,152704
2016-10-25,349.25,127783
2016-10-26,354.0,170676
2016-10-27,357.5,197466
2016-10-28,355.0,122846
2016-10-31,354.75,171941
2016-11-01,349.0,219271
2016-11-02,346.25,217593
2016-11-03,348.0,138695
2016-11-04,348.75,126191
2016-11-07,346.25,200743
2016-11-08,354.25,351911
2016-11-09,340.75,323409
2016-11-10,343.5,261282
2016-11-14,337.25,181713
2016-11-15,341.5,190521
2016-11-16,338.5,145238
2016-11-17,342.0,192488
2016-11-18,345.5,171451
2016-11-21,349.75,169047
2016-11-22,351.0,197454
2016-11-23,350.75,190746
2016-11-25,349.25,176197
2016-11-28,348.5,208947
2016-11-29,336.75,190795
2016-11-30,336.75,35069
2016-12-01,331.75,8929
2016-12-02,337.5,8162
2016-12-05,349.5,4153
2016-12-06,351.0,2553
2016-12-07,350.5,2348
2016-12-08,346.5,1936
2016-12-09,352.5,1723
2016-12-12,354.5,1998
2016-12-13,356.25,1367
2016-12-14,351.75,88567
2016-12-15,356.5,136198
2016-12-16,356.25,113012
2016-12-19,353.25,93939
2016-12-20,350.25,103799
2016-12-21,347.25,105211
2016-12-22,347.25,97049
2016-12-23,345.75,79909
2016-12-27,355.0,132722
2016-12-28,348.25,122291
2016-12-29,349.75,92596
2016-12-30,352.0,112011
2017-01-03,355.75,174702
2017-01-04,359.75,171286
2017-01-05,361.25,194539
2017-01-06,358.0,166335
2017-01-09,360.0,185761
2017-01-10,358.25,134078
2017-01-11,357.25,209456
2017-01-12,358.25,256246
2017-01-13,358.5,168019
2017-01-17,365.5,317614
2017-01-18,365.0,210570
2017-01-19,366.25,167428
2017-01-20,369.75,199859
2017-01-23,369.5,145747
2017-01-24,363.25,198152
2017-01-25,366.25,144569
2017-01-26,363.75,115941
2017-01-27,362.5,131330
2017-01-30,357.75,185498
2017-01-31,359.75,144840
2017-02-01,368.25,238049
2017-02-02,367.5,161840
2017-02-03,365.25,131487
2017-02-06,363.75,123030
2017-02-07,368.5,201065
2017-02-08,370.75,215522
2017-02-09,369.5,302879
2017-02-10,374.5,258226
2017-02-13,375.5,243363
2017-02-14,374.25,182589
2017-02-15,378.75,234393
2017-02-16,373.5,202506
2017-02-17,368.25,190289
2017-02-21,369.25,192463
2017-02-22,371.0,167704
2017-02-23,365.5,176305
2017-02-24,364.0,217648
2017-02-27,360.25,227526
2017-02-28,366.75,43455
2017-03-01,375.75,11271
2017-03-02,372.75,10943
2017-03-03,374.75,3999
2017-03-06,372.75,3707
2017-03-07,369.5,4531
2017-03-08,365.25,7048
2017-03-09,359.75,1999
2017-03-10,358.0,1739
2017-03-13,354.5,1649
2017-03-14,353.75,205479
2017-03-15,363.5,107404
2017-03-16,366.0,111741
2017-03-17,367.5,94241
2017-03-20,363.5,146668
2017-03-21,361.25,153614
2017-03-22,358.75,135915
2017-03-23,356.75,125353
2017-03-24,356.25,114283
2017-03-27,355.75,146440
2017-03-28,357.75,126483
2017-03-29,358.5,140216
2017-03-30,357.5,105348
2017-03-31,364.25,302099
2017-04-03,367.75,230407
2017-04-04,363.0,157420
2017-04-05,364.75,143411
2017-04-06,360.75,137979
2017-04-07,359.5,233393
2017-04-10,367.0,222752
2017-04-11,366.5,254157
2017-04-12,369.0,237717
2017-04-13,371.0,267053
2017-04-17,366.5,146560
2017-04-18,361.75,200181
2017-04-19,361.75,188302
2017-04-20,357.75,176900
2017-04-21,357.0,181734
2017-04-24,359.25,159113
2017-04-25,365.0,180778
2017-04-26,359.0,199686
2017-04-27,362.0,148983
2017-04-28,358.0,31568
2017-05-01,369.25,9794
2017-05-02,364.0,4949
2017-05-03,366.25,4165
2017-05-04,358.0,2961
2017-05-05,361.75,2388
2017-05-08,356.75,1964
2017-05-09,358.25,1631
2017-05-10,365.25,1015
2017-05-11,360.5,340
2017-05-12,361.75,92519
2017-05-15,367.75,116961
2017-05-16,367.75,115028
2017-05-17,371.5,140847
2017-05-18,366.0,194694
2017-05-19,372.5,201665
2017-05-22,375.0,170819
2017-05-23,369.5,178136
2017-05-24,371.25,108549
2017-05-25,369.25,110606
2017-05-26,374.25,130479
2017-05-30,367.0,208777
2017-05-31,372.0,263402
2017-06-01,370.5,177074
2017-06-02,372.75,131232
2017-06-05,373.0,196484
2017-06-06,377.25,255149
2017-06-07,384.75,523849
2017-06-08,385.75,398378
2017-06-09,387.75,268361
2017-06-12,377.25,371345
2017-06-13,381.0,247971
2017-06-14,377.0,199409
2017-06-15,379.5,266276
2017-06-16,384.0,206387
2017-06-19,375.25,237056
2017-06-20,370.0,203110
2017-06-21,368.75,164652
2017-06-22,362.75,178704
2017-06-23,357.75,250374
2017-06-26,359.0,212562
2017-06-27,359.25,208879
2017-06-28,356.75,219540
2017-06-29,359.75,169166
2017-06-30,370.5,24409
2017-07-03,378.0,10730
2017-07-05,381.75,7599
2017-07-06,380.25,4898
2017-07-07,382.25,2865
2017-07-10,391.75,1412
2017-07-11,392.25,1711
2017-07-12,376.25,898
2017-07-13,361.0,501
2017-07-14,365.25,147685
2017-07-17,375.0,113702
2017-07-18,377.0,154626
2017-07-19,382.5,139735
2017-07-20,391.0,139461
2017-07-21,379.75,147014
2017-07-24,377.25,124948
2017-07-25,368.75,123047
2017-07-26,372.75,102552
2017-07-27,374.25,77171
2017-07-28,374.25,71011
2017-07-31,370.75,81956
2017-08-01,362.5,108461
2017-08-02,365.0,93630
2017-08-03,363.5,156604
2017-08-04,366.5,101335
2017-08-07,372.25,150029
2017-08-08,369.75,185789
2017-08-09,372.25,182886
2017-08-10,357.25,316364
2017-08-11,360.75,130807
2017-08-14,362.75,95281
2017-08-15,355.25,112629
2017-08-16,352.5,159752
2017-08-17,350.5,84675
2017-08-18,352.0,132653
2017-08-21,349.0,97326
2017-08-22,346.0,119934
2017-08-23,342.0,87530
2017-08-24,342.0,107368
2017-08-25,338.75,124314
2017-08-28,336.0,113739
2017-08-29,333.5,130105
2017-08-30,329.5,159952
2017-08-31,342.25,14612
2017-09-01,340.0,7809
2017-09-05,344.25,4612
2017-09-06,347.0,2893
2017-09-07,341.75,1746
2017-09-08,344.25,775
2017-09-11,345.5,754
2017-09-12,340.0,447
2017-09-13,338.5,246
2017-09-14,341.75,108639
2017-09-15,354.75,117683
2017-09-18,351.5,113073
2017-09-19,348.25,159676
2017-09-20,350.0,112067
2017-09-21,350.25,93436
2017-09-22,353.5,138975
2017-09-25,353.75,109525
2017-09-26,352.25,176191
2017-09-27,354.0,186064
2017-09-28,352.5,134798
2017-09-29,355.25,241959
2017-10-02,351.5,187887
2017-10-03,349.5,191401
2017-10-04,348.25,168210
2017-10-05,349.5,112667
2017-10-06,350.0,140440
2017-10-09,349.5,111794
2017-10-10,349.25,113927
2017-10-11,346.0,164712
2017-10-12,349.0,332718
2017-10-13,352.75,155337
2017-10-16,350.5,142217
2017-10-17,350.0,137777
2017-10-18,348.5,132775
2017-10-19,349.0,128707
2017-10-20,344.5,192805
2017-10-23,351.25,256748
2017-10-24,352.75,214405
2017-10-25,351.0,200921
2017-10-26,350.5,148533
2017-10-27,348.75,171571
2017-10-30,348.75,122255
2017-10-31,345.75,174825
2017-11-01,348.25,213757
2017-11-02,350.5,162576
2017-11-03,348.25,200476
2017-11-06,348.0,204475
2017-11-07,347.75,297238
2017-11-08,348.25,219586
2017-11-09,341.5,475087
2017-11-10,343.5,349164
2017-11-13,342.25,289722
2017-11-14,337.5,220983
2017-11-15,338.25,217010
2017-11-16,336.5,186656
2017-11-17,343.0,352932
2017-11-20,345.0,289331
2017-11-21,345.0,257461
2017-11-22,345.25,138793
2017-11-24,342.25,163454
2017-11-27,338.75,281557
2017-11-28,336.25,183164
2017-11-29,339.0,234591
2017-11-30,341.75,26041
2017-12-01,344.75,10232
2017-12-04,339.5,9370
2017-12-05,339.75,7536
2017-12-06,339.25,5515
2017-12-07,338.75,2891
2017-12-08,340.0,1283
2017-12-11,336.5,1064
2017-12-12,335.75,850
2017-12-13,336.75,360
2017-12-14,336.25,105792
2017-12-15,347.5,133622
2017-12-18,347.0,97579
2017-12-19,347.5,82265
2017-12-20,349.25,110058
2017-12-21,351.25,110469
2017-12-22,352.0,54881
2017-12-26,352.75,65864
2017-12-27,353.75,93748
2017-12-28,352.0,102485
2017-12-29,350.75,100183
2018-01-02,353.25,150143
2018-01-03,353.0,138593
2018-01-04,351.0,179965
2018-01-05,351.25,143914
2018-01-08,347.25,274879
2018-01-09,349.0,150408
2018-01-10,349.0,145554
2018-01-11,348.75,159177
2018-01-12,346.25,216386
2018-01-16,348.25,179429
2018-01-17,353.0,236713
2018-01-18,351.5,186650
2018-01-19,352.5,145953
2018-01-22,352.0,177588
2018-01-23,351.25,204570
2018-01-24,356.5,326298
2018-01-25,355.25,223613
2018-01-26,356.5,140790
2018-01-29,358.75,179933
2018-01-30,361.5,223192
2018-01-31,361.5,180487
2018-02-01,361.75,254881
2018-02-02,361.5,198988
2018-02-05,358.75,260346
2018-02-06,363.5,236192
2018-02-07,365.25,478330
2018-02-08,365.75,341483
2018-02-09,362.0,254699
2018-02-12,367.0,264077
2018-02-13,366.75,257669
2018-02-14,367.25,173640
2018-02-15,367.75,193482
2018-02-16,367.5,185255
2018-02-20,365.5,319315
2018-02-21,365.75,266655
2018-02-22,366.75,229122
2018-02-23,366.25,229122
2018-02-26,368.5,318905
2018-02-27,370.5,240115
2018-02-28,374.5,20800
2018-03-01,378.75,8646
2018-03-02,377.25,5918
2018-03-05,378.25,8183
2018-03-06,379.75,2299
2018-03-07,379.25,4263
2018-03-08,385.75,2385
2018-03-09,383.0,2981
2018-03-12,384.25,1455
2018-03-13,385.5,2044
2018-03-14,383.5,184323
2018-03-15,386.75,182448
2018-03-16,382.75,150929
2018-03-19,375.0,245783
2018-03-20,374.5,204617
2018-03-21,375.0,149269
2018-03-22,376.0,161683
2018-03-23,377.25,279202
2018-03-26,374.0,183534
2018-03-27,374.0,134332
2018-03-28,373.5,173538
2018-03-29,387.75,377913
2018-04-02,387.25,207532
2018-04-03,388.5,211498
2018-04-04,381.0,367003
2018-04-05,389.5,263910
2018-04-06,388.5,309023
2018-04-09,390.75,215394
2018-04-10,389.25,272796
2018-04-11,387.0,158051
2018-04-12,388.75,201798
2018-04-13,386.25,233785
2018-04-16,382.5,175612
2018-04-17,380.25,239865
2018-04-18,383.0,142846
2018-04-19,382.0,113015
2018-04-20,376.5,156689
2018-04-23,378.5,151348
2018-04-24,381.25,115021
2018-04-25,386.5,148787
2018-04-26,386.0,132000
2018-04-27,389.5,165578
2018-04-30,392.5,19335
2018-05-01,396.75,7499
2018-05-02,396.0,3180
2018-05-03,399.5,1317
2018-05-04,398.75,2089
2018-05-07,393.25,1964
2018-05-08,395.5,2020
2018-05-09,394.75,911
2018-05-10,394.75,604
2018-05-11,389.75,497
2018-05-14,389.0,132488
2018-05-15,402.25,190991
2018-05-16,399.25,171919
2018-05-17,395.25,147539
2018-05-18,402.5,181910
2018-05-21,402.75,181093
2018-05-22,404.75,166303
2018-05-23,408.5,163375
2018-05-24,404.25,236840
2018-05-25,406.0,129412
2018-05-29,400.0,242706
2018-05-30,393.5,292996
2018-05-31,394.0,195810
2018-06-01,391.5,172116
2018-06-04,380.75,266554
2018-06-05,383.75,212436
2018-06-06,378.25,227304
2018-06-07,376.25,300589
2018-06-08,377.75,177413
2018-06-11,367.25,294907
2018-06-12,377.5,310105
2018-06-13,376.0,227652
2018-06-14,363.0,357600
2018-06-15,361.25,297484
2018-06-18,356.0,177747
2018-06-19,353.75,334335
2018-06-20,354.25,200174
2018-06-21,357.0,168570
2018-06-22,357.25,141682
2018-06-25,350.5,203156
2018-06-26,352.5,227152
2018-06-27,352.5,163319
2018-06-28,345.0,143973
2018-06-29,350.25,19392
2018-07-02,337.5,7669
2018-07-03,342.75,0
2018-07-05,343.5,3302
2018-07-06,351.75,3068
2018-07-09,345.75,3259
2018-07-10,339.75,2735
2018-07-11,331.25,1533
2018-07-12,336.5,533
2018-07-13,330.25,109316
2018-07-16,341.75,95293
2018-07-17,346.25,100115
2018-07-18,347.25,81867
2018-07-19,351.25,81407
2018-07-20,355.25,69609
2018-07-23,357.25,75399
2018-07-24,352.0,105606
2018-07-25,359.25,121593
2018-07-26,361.5,146376
2018-07-27,362.0,133494
2018-07-30,367.25,127462
2018-07-31,372.25,141808
2018-08-01,365.0,120054
2018-08-02,366.75,161081
2018-08-03,369.75,77985
2018-08-06,371.0,80946
2018-08-07,370.75,167092
2018-08-08,371.25,123366
2018-08-09,369.25,148239
2018-08-10,357.75,182404
2018-08-13,356.5,178694
2018-08-14,362.25,101207
2018-08-15,361.5,102535
2018-08-16,365.25,79361
2018-08-17,364.25,82450
2018-08-20,362.0,88310
2018-08-21,359.75,98587
2018-08-22,352.5,102514
2018-08-23,346.75,144613
2018-08-24,348.5,124751
2018-08-27,346.75,139285
2018-08-28,341.0,143197
2018-08-29,341.25,113195
2018-08-30,341.0,122613
2018-08-31,351.0,0
2018-09-04,354.5,4870
2018-09-05,351.75,3514
2018-09-06,353.5,2161
2018-09-07,354.25,692
2018-09-10,355.5,1263
2018-09-11,355.25,287
2018-09-12,341.5,407
2018-09-13,336.25,131
2018-09-14,337.0,138241
2018-09-17,348.0,145271
2018-09-18,343.25,199080
2018-09-19,345.75,151074
2018-09-20,352.5,266804
2018-09-21,357.25,156113
2018-09-24,360.5,148370
2018-09-25,363.75,187874
2018-09-26,363.0,137900
2018-09-27,364.75,113909
2018-09-28,356.25,237213
2018-10-01,365.75,214369
2018-10-02,367.5,206146
2018-10-03,364.75,139279
2018-10-04,367.5,130828
2018-10-05,368.25,204815
2018-10-08,366.5,122012
2018-10-09,364.5,119567
2018-10-10,362.75,121039
2018-10-11,369.25,233116
2018-10-12,373.75,185821
2018-10-15,378.25,227938
2018-10-16,375.25,185899
2018-10-17,374.25,106446
2018-10-18,370.75,137274
2018-10-19,367.0,165329
2018-10-22,369.5,140542
2018-10-23,370.25,136626
2018-10-24,368.25,114262
2018-10-25,361.0,262813
2018-10-26,367.75,220034
2018-10-29,366.75,142746
2018-10-30,364.75,137331
2018-10-31,363.25,163231
2018-11-01,366.75,304754
2018-11-02,371.25,242629
2018-11-05,374.0,191618
2018-11-06,373.25,206076
2018-11-07,372.25,233522
2018-11-08,373.5,432338
2018-11-09,369.75,212422
2018-11-12,371.25,176017
2018-11-13,366.5,178859
2018-11-14,367.0,121770
2018-11-15,367.5,182150
2018-11-16,364.75,180968
2018-11-19,362.25,179457
2018-11-20,361.25,146930
2018-11-21,361.75,184082
2018-11-23,359.0,174044
2018-11-26,356.0,331200
2018-11-27,356.5,248125
2018-11-28,360.5,221952
2018-11-29,360.25,186618
2018-11-30,366.5,17986
2018-12-03,371.25,7579
2018-12-04,374.25,2930
2018-12-06,372.0,2299
2018-12-07,374.0,2243
2018-12-10,374.25,1655
2018-12-11,375.0,1372
2018-12-12,376.25,632
2018-12-13,375.5,229
2018-12-14,376.75,131884
2018-12-19,381.75,107244
2018-12-20,375.25,205496
2018-12-21,378.5,138729
2018-12-24,377.75,54836
2018-12-26,373.25,97146
2018-12-27,374.5,96243
2018-12-28,375.5,89172
2018-12-31,375.0,91126
2019-01-02,375.75,104724
2019-01-03,379.75,101460
2019-01-04,383.0,178171
2019-01-07,382.25,110623
2019-01-08,380.0,172291
2019-01-09,382.0,192055
2019-01-10,376.25,181392
2019-01-11,378.25,131815
2019-01-14,378.5,144739
2019-01-15,371.25,251255
2019-01-16,374.0,164719
2019-01-17,380.0,207625
2019-01-18,381.75,191033
2019-01-22,379.0,211433
2019-01-23,378.75,127605
2019-01-24,377.0,124108
2019-01-25,380.25,134094
2019-01-28,379.75,102144
2019-01-29,377.25,187023
2019-01-30,381.25,198900
2019-01-31,376.5,205750
2019-02-01,378.25,151472
2019-02-04,379.25,145834
2019-02-05,380.75,171954
2019-02-06,380.0,145154
2019-02-07,376.5,259742
2019-02-08,374.25,340779
2019-02-11,372.75,309359
2019-02-12,378.25,291257
2019-02-13,378.75,243883
2019-02-14,374.75,225289
2019-02-15,374.75,209096
2019-02-19,369.75,230708
2019-02-20,370.75,310666
2019-02-21,375.5,257188
2019-02-22,375.25,316659
2019-02-25,370.5,344712
2019-02-26,366.25,242769
2019-02-27,363.75,189224
2019-02-28,362.0,23512
2019-03-01,364.0,12360
2019-03-04,365.0,5270
2019-03-05,366.0,4570
2019-03-06,362.5,2916
2019-03-07,356.0,2482
2019-03-08,354.75,2265
2019-03-11,352.5,1747
2019-03-12,356.5,798
2019-03-13,357.25,317
2019-03-14,361.5,183857
2019-03-15,373.25,197270
2019-03-18,371.5,169237
2019-03-19,371.25,159377
2019-03-20,371.5,101477
2019-03-21,376.25,220227
2019-03-22,378.25,222578
2019-03-25,379.75,155849
2019-03-26,377.25,165178
2019-03-27,373.75,127919
2019-03-28,374.0,105825
2019-03-29,356.5,441012
2019-04-01,361.75,239354
2019-04-02,361.5,117194
2019-04-03,362.75,135849
2019-04-04,365.25,159329
2019-04-05,362.5,273057
2019-04-08,360.0,269564
2019-04-09,360.0,275445
2019-04-10,361.75,253300
2019-04-11,360.0,264730
2019-04-12,361.0,95871
2019-04-15,362.75,208541
2019-04-16,359.0,192351
2019-04-17,358.25,148184
2019-04-18,358.5,102302
2019-04-22,354.75,144705
2019-04-23,351.25,194770
2019-04-24,346.75,241386
2019-04-25,347.5,236880
2019-04-26,351.25,166752
2019-04-29,352.0,250771
2019-04-30,353.25,14379
2019-05-01,360.0,8291
2019-05-02,362.0,4314
2019-05-03,363.0,1645
2019-05-06,355.75,1710
2019-05-07,358.0,1156
2019-05-08,355.25,860
2019-05-09,344.5,657
2019-05-10,342.5,308
2019-05-13,347.5,286
2019-05-14,360.5,429399
2019-05-15,369.5,336989
2019-05-16,379.0,248510
2019-05-17,383.25,319503
2019-05-20,389.0,358734
2019-05-21,394.25,451260
2019-05-22,394.5,291262
2019-05-23,389.75,340117
2019-05-24,404.25,299952
2019-05-28,420.25,417683
2019-05-29,418.75,484436
2019-05-30,436.25,324914
2019-05-31,427.0,302171
2019-06-03,424.25,288442
2019-06-04,425.25,306703
2019-06-05,414.75,231859
2019-06-06,420.5,279006
2019-06-07,415.75,227751
2019-06-10,415.75,279949
2019-06-11,427.75,360317
2019-06-12,430.0,331360
2019-06-13,442.0,402152
2019-06-14,453.0,312814
2019-06-17,454.75,279480
2019-06-18,449.75,221471
2019-06-19,441.0,193331
2019-06-20,450.0,198628
2019-06-21,442.25,251093
2019-06-24,446.75,172094
2019-06-25,447.5,158426
2019-06-26,443.25,158878
2019-06-27,440.0,141131
2019-06-28,420.25,34514
2019-07-01,412.0,13482
2019-07-02,413.5,6526
2019-07-03,433.0,3471
2019-07-05,434.0,2127
2019-07-08,438.5,2083
2019-07-09,431.75,445
2019-07-10,434.25,494
2019-07-11,447.75,597
2019-07-12,449.5,169365
2019-07-15,441.0,164465
2019-07-16,435.25,144486
2019-07-17,436.0,125868
2019-07-18,424.5,156004
2019-07-19,430.75,114521
2019-07-22,422.25,110947
2019-07-23,425.5,131110
2019-07-24,424.0,93160
2019-07-25,418.5,172277
2019-07-26,414.5,120749
2019-07-29,417.0,90112
2019-07-30,411.25,81026
2019-07-31,400.25,151787
2019-08-01,392.75,145330
2019-08-02,399.5,90361
2019-08-05,405.25,109686
2019-08-06,404.0,113069
2019-08-07,406.5,167530
2019-08-08,411.0,184792
2019-08-09,410.25,185366
2019-08-12,385.25,248125
2019-08-13,366.0,312969
2019-08-14,359.0,185092
2019-08-15,360.75,108781
2019-08-16,371.0,104806
2019-08-19,365.0,78542
2019-08-20,359.5,89474
2019-08-21,362.5,125855
2019-08-22,363.25,99247
2019-08-23,359.75,169868
2019-08-26,358.5,122537
2019-08-27,357.0,129886
2019-08-28,362.75,172927
2019-08-29,359.75,122794
2019-08-30,358.0,11240
2019-09-03,349.75,5335
2019-09-04,346.0,3851
2019-09-05,346.5,1813
2019-09-06,342.5,1357
2019-09-09,340.75,938
2019-09-10,348.5,314
2019-09-11,348.25,328
2019-09-12,354.5,152
2019-09-13,355.5,145836
2019-09-16,374.0,133444
2019-09-17,368.0,154625
2019-09-18,371.25,126832
2019-09-19,372.75,117069
2019-09-20,370.75,132998
2019-09-23,373.25,100443
2019-09-24,374.75,144294
2019-09-25,374.25,119189
2019-09-26,372.5,175419
2019-09-27,371.5,90796
2019-09-30,388.0,337247
2019-10-01,392.5,227065
2019-10-02,387.75,158921
2019-10-03,388.75,125489
2019-10-04,384.75,116336
2019-10-07,387.0,100421
2019-10-08,395.75,200460
2019-10-09,394.25,140853
2019-10-10,380.25,297046
2019-10-11,397.75,272436
2019-10-14,397.75,170713
2019-10-15,393.25,143675
2019-10-16,391.75,139675
2019-10-17,394.75,141532
2019-10-18,391.0,122010
2019-10-21,387.25,150187
2019-10-22,388.0,136694
2019-10-23,387.75,117561
2019-10-24,386.75,130664
2019-10-25,386.75,131677
2019-10-28,384.0,122790
2019-10-29,386.25,153732
2019-10-30,390.75,177034
2019-10-31,390.0,176193
2019-11-01,389.25,151943
2019-11-04,383.25,145373
2019-11-05,381.75,157127
2019-11-06,378.75,185339
2019-11-07,375.25,219147
2019-11-08,377.25,343769
2019-11-11,373.25,211215
2019-11-12,377.75,220513
2019-11-13,375.25,195982
2019-11-14,375.75,144893
2019-11-15,371.25,140175
2019-11-18,367.75,206268
2019-11-19,370.0,202015
2019-11-20,366.75,297024
2019-11-21,368.5,158701
2019-11-22,368.75,228112
2019-11-25,370.5,199301
2019-11-26,367.5,207678
2019-11-27,362.75,163967
2019-11-29,371.25,15512
2019-12-02,373.5,6280
2019-12-03,372.0,4939
2019-12-04,368.75,2985
2019-12-05,365.5,3029
2019-12-06,366.5,960
2019-12-09,365.75,639
2019-12-10,363.25,888
2019-12-11,357.75,259
2019-12-12,367.0,664
2019-12-13,366.25,230831
2019-12-16,388.0,180896
2019-12-17,390.0,118236
2019-12-18,387.0,125534
2019-12-19,386.5,99129
2019-12-20,387.75,85326
2019-12-23,388.75,82257
2019-12-24,387.5,50416
2019-12-26,388.5,49930
2019-12-27,390.0,85213
2019-12-30,388.25,123528
2019-12-31,387.75,85103
2020-01-02,391.5,103987
2020-01-03,386.5,125931
2020-01-06,384.75,112130
2020-01-07,384.5,93541
2020-01-08,384.25,135523
2020-01-09,383.25,130937
2020-01-10,385.75,226659
2020-01-13,389.5,139994
2020-01-14,389.0,115957
2020-01-15,387.5,141478
2020-01-16,375.5,230557
2020-01-17,389.25,293121
2020-01-21,387.5,182958
2020-01-22,388.75,155603
2020-01-23,393.75,256298
2020-01-24,387.25,196121
2020-01-27,380.5,264471
2020-01-28,386.5,243266
2020-01-29,384.25,136811
2020-01-30,379.5,160206
2020-01-31,381.25,151805
2020-02-03,378.75,216443
2020-02-04,382.25,176002
2020-02-05,380.75,122103
2020-02-06,379.25,191891
2020-02-07,383.5,256721
2020-02-10,381.75,219017
2020-02-11,379.75,200407
2020-02-12,383.0,241461
2020-02-13,379.5,202459
2020-02-14,377.75,216864
2020-02-18,383.0,215110
2020-02-19,380.5,172265
2020-02-20,378.5,173142
2020-02-21,377.0,169068
2020-02-24,372.25,170528
2020-02-25,372.5,119868
2020-02-26,370.5,268795
2020-02-27,364.5,156142
2020-02-28,366.5,18809
2020-03-02,374.75,6092
2020-03-03,381.75,3194
2020-03-04,387.0,3275
2020-03-05,384.5,1830
2020-03-06,377.25,1277
2020-03-09,374.25,921
2020-03-10,380.0,605
2020-03-11,379.25,942
2020-03-12,369.75,342
2020-03-13,370.75,191029
2020-03-16,354.75,188791
2020-03-17,344.0,219215
2020-03-18,335.25,255105
2020-03-19,345.5,223252
2020-03-20,343.75,189068
2020-03-23,343.5,114729
2020-03-24,347.25,126658
2020-03-25,348.5,118826
2020-03-26,348.75,113530
2020-03-27,346.0,114028
2020-03-30,341.25,108485
2020-03-31,340.75,208191
2020-04-01,334.75,151929
2020-04-02,333.5,151692
2020-04-03,330.75,158652
2020-04-06,327.75,111044
2020-04-07,331.5,157368
2020-04-08,330.0,151312
2020-04-09,331.75,169665
2020-04-13,331.5,147086
2020-04-14,326.0,191905
2020-04-15,319.25,161437
2020-04-16,319.75,136583
2020-04-17,322.25,99361
2020-04-20,314.25,150677
2020-04-21,309.25,197926
2020-04-22,317.5,146968
2020-04-23,319.25,136849
2020-04-24,315.75,113476
2020-04-27,305.5,108694
2020-04-28,302.75,138104
2020-04-29,304.5,121804
2020-04-30,311.5,11086
2020-05-01,311.5,3512
2020-05-04,310.75,2622
2020-05-05,313.0,867
2020-05-06,311.75,522
2020-05-07,316.0,1076
2020-05-08,319.0,1065
2020-05-11,318.5,333
2020-05-12,323.75,274
2020-05-13,320.25,91
2020-05-14,320.25,107147
2020-05-15,319.25,101614
2020-05-18,320.75,99372
2020-05-19,321.25,126375
2020-05-20,319.5,154473
2020-05-21,317.75,115119
2020-05-22,318.0,97188
2020-05-26,319.0,145175
2020-05-27,320.5,78423
2020-05-28,327.5,246973
2020-05-29,325.75,192310
2020-06-01,323.25,151319
2020-06-02,324.25,130469
2020-06-03,324.0,128010
2020-06-04,329.0,155612
2020-06-05,331.25,215912
2020-06-08,333.75,206335
2020-06-09,327.5,253631
2020-06-10,326.25,243286
2020-06-11,329.75,272975
2020-06-12,330.0,236621
2020-06-15,329.25,170741
2020-06-16,329.0,229095
2020-06-17,330.25,225643
2020-06-18,331.0,201444
2020-06-19,332.5,170567
2020-06-22,328.25,134480
2020-06-23,325.0,185863
2020-06-24,324.25,180307
2020-06-25,317.25,194687
2020-06-26,317.0,216581
2020-06-29,326.25,150216
2020-06-30,338.5,21411
2020-07-01,348.25,4582
2020-07-02,342.5,2491
2020-07-06,346.5,2094
2020-07-07,345.0,1273
2020-07-08,348.25,352
2020-07-09,351.25,495
2020-07-10,340.5,806
2020-07-13,334.0,437
2020-07-14,334.75,112416
2020-07-15,326.25,101702
2020-07-16,330.25,109531
2020-07-17,333.0,83693
2020-07-20,328.25,105214
2020-07-21,322.75,132248
2020-07-22,327.5,122910
2020-07-23,328.0,92652
2020-07-24,326.25,144237
2020-07-27,325.0,96017
2020-07-28,320.0,110739
2020-07-29,315.5,136660
2020-07-30,315.75,120454
2020-07-31,316.0,77056
2020-08-03,317.5,83190
2020-08-04,308.25,161834
2020-08-05,311.0,103355
2020-08-06,311.25,106028
2020-08-07,307.75,124482
2020-08-10,310.5,167514
2020-08-11,311.5,170713
2020-08-12,314.5,209796
2020-08-13,325.25,317363
2020-08-14,324.5,160379
2020-08-17,331.0,111934
2020-08-18,327.0,130091
2020-08-19,325.0,87620
2020-08-20,324.5,92738
2020-08-21,327.0,134880
2020-08-24,331.75,126824
2020-08-25,340.75,147003
2020-08-26,340.5,89216
2020-08-27,344.25,123788
2020-08-28,346.0,94064
2020-08-31,348.5,11030
2020-09-01,349.5,3700
2020-09-02,349.75,2609
2020-09-03,344.5,1449
2020-09-04,347.25,1680
2020-09-08,351.0,874
2020-09-09,350.0,112
2020-09-10,357.25,665
2020-09-11,365.0,675
2020-09-14,357.5,137658
2020-09-15,366.0,133018
2020-09-16,371.75,158937
2020-09-17,375.25,235205
2020-09-18,378.5,191291
2020-09-21,369.75,209548
2020-09-22,369.25,159145
2020-09-23,368.5,122193
2020-09-24,363.5,152367
2020-09-25,365.25,130065
2020-09-28,366.75,162085
2020-09-29,364.75,137617
2020-09-30,379.0,337543
2020-10-01,382.75,216356
2020-10-02,379.75,164090
2020-10-05,379.5,119040
2020-10-06,385.0,213443
2020-10-07,388.75,186782
2020-10-08,387.0,202957
2020-10-09,395.0,280954
2020-10-12,389.0,193542
2020-10-13,391.25,130273
2020-10-14,396.5,183507
2020-10-15,403.75,245381
2020-10-16,402.0,226808
2020-10-19,405.25,167466
2020-10-20,408.75,179887
2020-10-21,413.75,216167
2020-10-22,416.25,196234
2020-10-23,419.25,168924
2020-10-26,417.75,206162
2020-10-27,416.0,207081
2020-10-28,401.5,320256
2020-10-29,398.5,279411
2020-10-30,398.5,209475
2020-11-02,397.5,165146
2020-11-03,401.0,184363
2020-11-04,405.25,176330
2020-11-05,409.25,245189
2020-11-06,406.75,200681
2020-11-09,407.5,204111
2020-11-10,423.0,355814
2020-11-11,417.25,306427
2020-11-12,408.25,234330
2020-11-13,410.5,188493
2020-11-16,416.25,132116
2020-11-17,420.25,156573
2020-11-18,425.75,205431
2020-11-19,422.5,133305
2020-11-20,423.25,137243
2020-11-23,426.5,153801
2020-11-24,425.75,144304
2020-11-25,420.0,124261
2020-11-27,425.5,68262
2020-11-30,419.75,14701
2020-12-01,414.75,5316
2020-12-02,419.0,3551
2020-12-03,422.5,2379
2020-12-04,417.0,1675
2020-12-07,419.5,1156
2020-12-08,417.0,1757
2020-12-09,422.0,1079
2020-12-10,420.25,1262
2020-12-11,424.25,1724
2020-12-14,419.25,108692
2020-12-15,424.75,98612
2020-12-16,427.25,111651
2020-12-17,432.5,119655
2020-12-18,437.5,128812
2020-12-21,440.0,141947
2020-12-22,443.5,140992
2020-12-23,447.25,147651
2020-12-24,451.0,74879
2020-12-28,456.5,145219
2020-12-29,466.0,191298
2020-12-30,474.5,163367
2020-12-31,484.0,168459
2021-01-04,483.75,265157
2021-01-05,491.75,219646
2021-01-06,495.0,202374
2021-01-07,494.0,185782
2021-01-08,496.25,163270
2021-01-11,492.25,176563
2021-01-12,517.25,248448
2021-01-13,524.5,327689
2021-01-14,534.25,210370
2021-01-15,531.5,167504
2021-01-19,526.0,188564
2021-01-20,522.0,217777
2021-01-21,524.25,169566
2021-01-22,500.5,289548
2021-01-25,511.5,264763
2021-01-26,532.25,232259
2021-01-27,534.0,223887
2021-01-28,534.5,252543
2021-01-29,547.0,279607
2021-02-01,549.25,219066
2021-02-02,543.0,175739
2021-02-03,552.0,210137
2021-02-04,550.0,217079
2021-02-05,548.5,216445
2021-02-08,563.75,267647
2021-02-09,556.25,390741
2021-02-10,534.5,285720
2021-02-11,541.0,261046
2021-02-12,538.75,117970
2021-02-16,552.25,146173
2021-02-17,553.0,121352
2021-02-18,550.25,123409
2021-02-19,542.75,203468
2021-02-22,551.0,140629
2021-02-23,553.75,134967
2021-02-24,559.25,174397
2021-02-25,554.75,128538
2021-02-26,555.5,21395
2021-03-01,547.5,6534
2021-03-02,560.75,8112
2021-03-03,550.25,3809
2021-03-04,546.25,2129
2021-03-05,562.0,1441
2021-03-08,565.0,2320
2021-03-09,562.0,2224
2021-03-10,547.75,1986
2021-03-11,555.0,672
2021-03-12,549.25,123442
2021-03-15,549.5,140615
2021-03-16,554.25,132710
2021-03-17,558.0,129647
2021-03-18,546.5,157912
2021-03-19,557.75,158521
2021-03-22,549.0,129296
2021-03-23,551.25,122094
2021-03-24,553.25,92011
2021-03-25,546.5,142181
2021-03-26,552.5,124031
2021-03-29,546.75,119797
2021-03-30,539.25,136033
2021-03-31,564.25,145896
2021-04-01,559.75,249753
2021-04-05,553.25,143679
2021-04-06,554.25,134848
2021-04-07,560.5,158002
2021-04-08,579.75,258786
2021-04-09,577.25,249738
2021-04-12,569.0,198642
2021-04-13,580.0,225715
2021-04-14,594.0,242724
2021-04-15,590.0,176855
2021-04-16,585.5,165261
2021-04-19,592.0,105991
2021-04-20,606.5,180193
2021-04-21,625.5,163261
2021-04-22,650.5,147251
2021-04-23,655.5,157732
2021-04-26,680.5,157505
2021-04-27,695.5,166136
2021-04-28,686.25,107987
2021-04-29,702.0,30786
2021-04-30,740.0,9862
2021-05-03,732.25,3094
2021-05-04,744.75,1827
2021-05-05,753.25,1778
2021-05-06,759.5,2419
2021-05-07,772.75,680
2021-05-10,748.0,814
2021-05-11,759.5,404
2021-05-12,757.5,328
2021-05-13,719.0,307
2021-05-14,685.0,313038
2021-05-17,652.5,185347
2021-05-18,658.25,161908
2021-05-19,658.25,136686
2021-05-20,664.5,119730
2021-05-21,659.5,109618
2021-05-24,657.25,106865
2021-05-25,620.25,211650
2021-05-26,624.5,182610
2021-05-27,664.5,160605
2021-05-28,656.75,150329
2021-06-01,688.75,163972
2021-06-02,675.0,163861
2021-06-03,662.0,166363
2021-06-04,682.75,142300
2021-06-07,679.25,254039
2021-06-08,680.0,224000
2021-06-09,690.75,214261
2021-06-10,699.0,256320
2021-06-11,684.5,233946
2021-06-14,659.25,159570
2021-06-15,667.5,176454
2021-06-16,673.0,169908
2021-06-17,633.0,192026
2021-06-18,655.25,184523
2021-06-21,659.25,127442
2021-06-22,659.75,145930
2021-06-23,664.25,127090
2021-06-24,653.25,143749
2021-06-25,636.5,123016
2021-06-28,675.5,83833
2021-06-29,694.5,58727
2021-06-30,720.0,18226
2021-07-01,719.75,4706
2021-07-02,697.25,4751
2021-07-06,656.0,1707
2021-07-07,652.5,590
2021-07-08,638.0,497
2021-07-09,629.75,530
2021-07-12,669.25,431
2021-07-13,677.0,329
2021-07-14,683.0,88996
2021-07-15,564.25,69356
2021-07-16,556.0,83019
2021-07-19,556.0,67343
2021-07-20,571.75,77004
2021-07-21,571.75,78998
2021-07-22,564.5,81023
2021-07-23,547.25,81447
2021-07-26,549.75,72948
2021-07-27,548.75,67236
2021-07-28,549.25,62378
2021-07-29,558.0,71556
2021-07-30,547.0,65198
2021-08-02,558.75,83836
2021-08-03,550.5,95208
2021-08-04,545.75,70049
2021-08-05,555.75,92967
2021-08-06,555.0,142762
2021-08-09,550.25,144339
2021-08-10,549.25,143634
2021-08-11,556.25,184260
2021-08-12,567.0,247372
2021-08-13,568.25,97466
2021-08-16,564.75,60693
2021-08-17,558.25,67739
2021-08-18,561.75,64048
2021-08-19,550.0,90493
2021-08-20,538.75,83003
2021-08-23,538.0,50271
2021-08-24,544.5,82653
2021-08-25,551.25,80083
2021-08-26,552.75,73859
2021-08-27,558.0,107357
2021-08-30,540.25,73569
2021-08-31,534.0,8135
2021-09-01,515.5,5192
2021-09-02,516.25,1319
2021-09-03,508.0,967
2021-09-07,495.75,734
2021-09-08,498.25,451
2021-09-09,496.0,164
2021-09-10,502.75,370
2021-09-13,496.75,313
2021-09-14,503.0,114271
2021-09-15,533.5,152827
2021-09-16,529.5,118905
2021-09-17,527.25,109533
2021-09-20,521.75,125356
2021-09-21,517.0,119145
2021-09-22,525.5,112326
2021-09-23,529.25,95990
2021-09-24,526.75,93098
2021-09-27,539.5,144946
2021-09-28,532.5,125830
2021-09-29,539.0,107220
2021-09-30,536.75,222135
2021-10-01,541.5,135599
2021-10-04,540.75,132923
2021-10-05,537.5,119598
2021-10-06,532.25,126943
2021-10-07,534.0,104997
2021-10-08,530.5,95481
2021-10-11,533.0,104166
2021-10-12,522.5,196596
2021-10-13,512.25,203330
2021-10-14,516.75,140335
2021-10-15,525.75,130243
2021-10-18,532.75,119583
2021-10-19,530.25,119081
2021-10-20,539.25,129884
2021-10-21,532.25,119388
2021-10-22,538.0,109345
2021-10-25,538.0,107050
2021-10-26,543.5,146995
2021-10-27,557.25,241141
2021-10-28,562.75,164258
2021-10-29,568.25,135195
2021-11-01,579.0,197409
2021-11-02,573.0,174067
2021-11-03,564.0,149892
2021-11-04,559.25,149483
2021-11-05,553.0,192123
2021-11-08,551.5,166976
2021-11-09,554.75,246899
2021-11-10,569.25,209267
2021-11-11,569.5,264523
2021-11-12,577.25,163539
2021-11-15,576.5,128056
2021-11-16,571.0,137344
2021-11-17,575.25,185381
2021-11-18,573.0,171416
2021-11-19,570.75,130524
2021-11-22,576.75,172298
2021-11-23,580.5,179297
2021-11-24,579.75,265928
2021-11-26,586.75,180220
2021-11-29,581.0,158234
2021-11-30,567.0,24986
2021-12-01,572.0,6270
2021-12-02,577.0,6237
2021-12-03,586.0,3442
2021-12-06,583.5,2208
2021-12-07,586.25,1887
2021-12-08,584.75,2372
2021-12-09,588.5,2082
2021-12-10,588.5,862
2021-12-13,584.25,927
2021-12-14,588.75,117292
2021-12-15,585.75,138521
2021-12-16,591.25,101262
2021-12-17,593.25,129569
2021-12-20,591.0,106042
2021-12-21,598.25,119312
2021-12-22,602.5,154966
2021-12-23,605.75,108565
2021-12-27,614.75,123211
2021-12-28,604.75,134208
2021-12-29,605.5,117570
2021-12-30,596.0,122776
2021-12-31,593.25,69868
2022-01-03,589.25,146023
2022-01-04,609.5,210268
2022-01-05,602.25,148499
2022-01-06,603.75,151442
2022-01-07,606.75,140371
2022-01-10,599.75,135265
2022-01-11,601.0,128305
2022-01-12,599.0,181633
2022-01-13,587.5,186546
2022-01-14,596.25,140634
2022-01-18,599.5,141742
2022-01-19,610.5,179943
2022-01-20,611.0,127683
2022-01-21,616.25,187471
2022-01-24,621.0,194809
2022-01-25,620.0,298396
2022-01-26,627.0,172723
2022-01-27,625.25,151696
2022-01-28,636.0,188658
2022-01-31,626.0,243891
2022-02-01,634.75,196298
2022-02-02,622.5,275662
2022-02-03,616.75,215871
2022-02-04,620.5,181430
2022-02-07,635.25,232607
2022-02-08,632.25,200583
2022-02-09,646.75,320406
2022-02-10,641.75,372991
2022-02-11,651.0,243969
2022-02-14,655.75,144923
2022-02-15,638.0,177958
2022-02-16,647.0,126554
2022-02-17,650.0,121279
2022-02-18,654.25,154047
2022-02-22,674.75,168824
2022-02-23,683.75,154730
2022-02-24,695.0,161611
2022-02-25,659.5,94802
2022-02-28,697.5,15651
2022-03-01,739.75,7258
2022-03-02,739.0,3350
2022-03-03,751.25,3447
2022-03-04,756.5,2186
2022-03-07,749.25,1309
2022-03-08,754.5,547
2022-03-09,735.0,188
2022-03-10,757.75,74
2022-03-11,764.5,233
2022-03-14,728.25,104100
2022-03-15,758.0,89348
2022-03-16,730.0,106537
2022-03-17,754.5,90267
2022-03-18,741.75,84411
2022-03-21,756.25,93775
2022-03-22,753.0,104191
2022-03-23,757.75,112399
2022-03-24,748.25,100951
2022-03-25,754.0,73846
2022-03-28,748.5,89177
2022-03-29,726.25,180171
2022-03-30,738.0,109719
2022-03-31,748.75,173737
2022-04-01,735.0,155927
2022-04-04,750.5,112649
2022-04-05,759.75,123890
2022-04-06,756.5,110915
2022-04-07,757.75,149456
2022-04-08,768.75,170872
2022-04-11,764.5,170234
2022-04-12,776.25,154266
2022-04-13,783.5,182922
2022-04-14,790.25,108878
2022-04-18,813.25,114979
2022-04-19,804.0,133531
2022-04-20,815.75,128911
2022-04-21,799.25,111004
2022-04-22,793.0,140795
2022-04-25,800.25,114116
2022-04-26,803.25,85308
2022-04-27,815.5,70673
2022-04-28,816.0,47633
2022-04-29,818.25,11143
2022-05-02,813.0,2848
2022-05-03,800.75,2214
2022-05-04,798.5,1267
2022-05-05,803.75,410
2022-05-06,792.25,1248
2022-05-09,784.5,745
2022-05-10,786.5,597
2022-05-11,802.25,653
2022-05-12,813.5,911
2022-05-13,794.5,113807
2022-05-16,809.5,138859
2022-05-17,800.75,98317
2022-05-18,781.5,120123
2022-05-19,783.25,106424
2022-05-20,778.75,88004
2022-05-23,786.25,88355
2022-05-24,771.75,147022
2022-05-25,772.25,127425
2022-05-26,765.0,104920
2022-05-27,777.25,101090
2022-05-31,753.5,175461
2022-06-01,731.25,210389
2022-06-02,730.25,127143
2022-06-03,727.0,105542
2022-06-06,742.5,131922
2022-06-07,757.0,227575
2022-06-08,764.5,223848
2022-06-09,773.0,226325
2022-06-10,773.25,156100
2022-06-13,769.25,170044
2022-06-14,768.25,125798
2022-06-15,774.0,105906
2022-06-16,788.25,121542
2022-06-17,784.5,116061
2022-06-21,760.75,192144
2022-06-22,768.0,167778
2022-06-23,746.75,215839
2022-06-24,750.25,155989
2022-06-27,744.25,121830
2022-06-28,759.5,86035
2022-06-29,770.25,63702
2022-06-30,743.75,14477
2022-07-01,754.5,5489
2022-07-05,736.0,3775
2022-07-06,744.25,2703
2022-07-07,747.0,784
2022-07-08,778.25,1438
2022-07-11,781.25,1344
2022-07-12,732.75,1320
2022-07-13,740.0,485
2022-07-14,695.0,102346
2022-07-15,604.25,81572
2022-07-18,612.25,75978
2022-07-19,596.75,94156
2022-07-20,592.25,76176
2022-07-21,575.75,76755
2022-07-22,564.25,95957
2022-07-25,580.0,103447
2022-07-26,597.0,95701
2022-07-27,600.25,80955
2022-07-28,615.0,72681
2022-07-29,616.25,99164
2022-08-01,607.0,91871
2022-08-02,591.25,107008
2022-08-03,591.5,101905
2022-08-04,602.25,83780
2022-08-05,610.25,125020
2022-08-08,608.5,155070
2022-08-09,615.5,142242
2022-08-10,621.25,134330
2022-08-11,629.25,112043
2022-08-12,639.75,98631
2022-08-15,626.75,56712
2022-08-16,611.0,67190
2022-08-17,615.0,49240
2022-08-18,619.75,52153
2022-08-19,626.0,51219
2022-08-22,633.5,67378
2022-08-23,660.0,95345
2022-08-24,665.75,76015
2022-08-25,657.5,78316
2022-08-26,668.75,75544
2022-08-29,683.75,86635
2022-08-30,679.75,48457
2022-08-31,673.75,7831
2022-09-01,658.25,9013
2022-09-02,669.0,2137
2022-09-06,680.75,1289
2022-09-07,676.75,1269
2022-09-08,674.5,1219
2022-09-09,698.5,1439
2022-09-12,712.25,1332
2022-09-13,709.0,607
2022-09-14,709.0,117138
2022-09-15,677.5,111789
2022-09-16,677.25,121327
2022-09-19,678.25,96685
2022-09-20,692.0,123234
2022-09-21,685.5,127215
2022-09-22,688.25,97065
2022-09-23,676.75,154393
2022-09-26,666.25,140725
2022-09-27,667.5,163167
2022-09-28,670.5,137430
2022-09-29,669.5,139450
2022-09-30,677.5,253847
2022-10-03,680.75,132393
2022-10-04,683.0,119212
2022-10-05,684.0,114315
2022-10-06,675.5,128778
2022-10-07,683.25,113581
2022-10-10,698.25,201817
2022-10-11,693.0,140432
2022-10-12,693.0,180209
2022-10-13,697.75,167244
2022-10-14,689.75,108816
2022-10-17,683.5,106164
2022-10-18,681.0,147455
2022-10-19,678.25,112233
2022-10-20,684.0,134819
2022-10-21,684.25,109021
2022-10-24,681.5,119463
2022-10-25,686.25,116661
2022-10-26,685.0,106226
2022-10-27,682.25,112300
2022-10-28,680.75,115074
2022-10-31,691.5,226696
2022-11-01,697.75,146466
2022-11-02,687.5,168334
2022-11-03,679.25,123352
2022-11-04,681.0,112564
2022-11-07,675.75,162563
2022-11-08,667.5,227158
2022-11-09,664.5,246968
2022-11-10,653.25,229081
2022-11-11,658.0,233358
2022-11-14,657.25,181567
2022-11-15,666.75,234097
2022-11-16,665.25,121435
2022-11-17,667.5,138561
2022-11-18,667.75,131275
2022-11-21,659.5,143717
2022-11-22,656.75,107549
2022-11-23,663.25,104569
2022-11-25,668.0,71244
2022-11-28,668.75,149233
2022-11-29,665.75,110381
2022-11-30,662.0,18198
2022-12-01,650.0,8565
2022-12-02,635.0,5678
2022-12-05,628.75,762
2022-12-06,625.5,512
2022-12-07,627.75,662
2022-12-08,632.0,425
2022-12-09,634.75,453
2022-12-12,641.25,263
2022-12-13,643.75,184
2022-12-14,639.0,92295
2022-12-15,653.5,93735
2022-12-16,653.0,66395
2022-12-19,647.25,83168
2022-12-20,652.0,91464
2022-12-21,662.25,125592
2022-12-22,660.5,79924
2022-12-23,666.25,94496
2022-12-27,674.75,123172
2022-12-28,682.75,122193
2022-12-29,679.5,104937
2022-12-30,678.5,90321
2023-01-03,670.5,155538
2023-01-04,653.75,175762
2023-01-05,652.75,138833
2023-01-06,654.0,114158
2023-01-09,652.75,112236
2023-01-10,655.0,181158
2023-01-11,656.0,110880
2023-01-12,671.0,242526
2023-01-13,675.0,158823
2023-01-17,685.25,179918
2023-01-18,681.25,175374
2023-01-19,677.25,149959
2023-01-20,676.25,134978
2023-01-23,666.25,184766
2023-01-24,677.0,165294
2023-01-25,674.75,126030
2023-01-26,682.5,146553
2023-01-27,683.0,141239
2023-01-30,683.75,127942
2023-01-31,679.75,161229
2023-02-01,681.0,144367
2023-02-02,675.25,149905
2023-02-03,677.5,124847
2023-02-06,679.0,123611
2023-02-07,674.0,149454
2023-02-08,678.5,223791
2023-02-09,670.75,214275
2023-02-10,680.5,226648
2023-02-13,685.0,193009
2023-02-14,682.25,137226
2023-02-15,676.25,116550
2023-02-16,676.0,134971
2023-02-17,677.75,144084
2023-02-21,680.5,156078
2023-02-22,674.0,114787
2023-02-23,660.25,173384
2023-02-24,650.0,146407
2023-02-27,642.75,105656
2023-02-28,629.5,15545
2023-03-01,640.5,5431
2023-03-02,637.75,1871
2023-03-03,645.25,1043
2023-03-06,644.5,369
2023-03-07,642.0,702
2023-03-08,634.5,808
2023-03-09,618.5,597
2023-03-10,624.25,540
2023-03-13,624.5,542
2023-03-14,627.5,153530
2023-03-15,626.5,156411
2023-03-16,632.75,167311
2023-03-17,634.25,141477
2023-03-20,633.0,115794
2023-03-21,630.0,133312
2023-03-22,633.5,154747
2023-03-23,631.75,186439
2023-03-24,643.0,191256
2023-03-27,648.25,145573
2023-03-28,647.25,135236
2023-03-29,650.5,156693
2023-03-30,649.5,119486
2023-03-31,660.5,201892
2023-04-03,657.75,153870
2023-04-04,653.75,140103
2023-04-05,652.75,143556
2023-04-06,643.5,0
2023-04-10,654.0,150098
2023-04-11,651.0,200256
2023-04-12,656.0,150111
2023-04-13,652.25,147150
2023-04-14,666.25,154000
2023-04-17,676.5,146895
2023-04-18,677.5,130891
2023-04-19,672.25,114514
2023-04-20,663.75,120915
2023-04-21,663.25,127468
2023-04-24,651.25,134977
2023-04-25,646.5,100633
2023-04-26,641.5,65293
2023-04-27,627.0,59707
2023-04-28,636.0,13722
2023-05-01,639.5,2753
2023-05-02,638.0,5508
2023-05-03,645.25,2081
2023-05-04,646.5,2272
2023-05-05,653.25,1223
2023-05-08,656.5,677
2023-05-09,642.25,1588
2023-05-10,645.5,1067
2023-05-11,632.5,987
2023-05-12,633.25,169418
2023-05-15,592.5,164174
2023-05-16,581.25,133849
2023-05-17,561.5,265000
2023-05-18,555.25,181018
2023-05-19,554.5,183019
2023-05-22,571.0,148542
2023-05-23,577.5,133375
2023-05-24,587.25,152816
2023-05-25,590.75,145545
2023-05-26,604.0,178644
2023-05-30,594.0,176207
2023-05-31,594.0,170159
2023-06-01,592.5,153589
2023-06-02,609.0,199864
2023-06-05,597.5,168376
2023-06-06,608.0,185929
2023-06-07,604.25,174301
2023-06-08,610.25,178765
2023-06-09,604.25,174688
2023-06-12,617.25,208159
2023-06-13,612.5,202991
2023-06-14,607.75,187535
2023-06-15,623.25,194030
2023-06-16,640.25,223694
2023-06-20,643.75,151986
2023-06-21,671.0,150762
2023-06-22,660.5,117760
2023-06-23,630.75,142972
2023-06-26,637.25,117529
2023-06-27,623.0,93042
2023-06-28,590.0,89617
2023-06-29,581.0,42588
2023-06-30,554.5,6458
2023-07-03,557.25,1610
2023-07-05,548.25,1921
2023-07-06,566.75,1410
2023-07-07,560.5,1322
2023-07-10,570.75,518
2023-07-11,571.75,789
2023-07-12,549.75,713
2023-07-13,593.5,129
2023-07-14,599.75,107632
2023-07-17,499.25,87969
2023-07-18,528.75,132495
2023-07-19,545.5,193393
2023-07-20,537.25,123962
2023-07-21,527.0,121026
2023-07-24,560.5,115440
2023-07-25,557.5,104803
2023-07-26,540.25,106980
2023-07-27,533.25,95908
2023-07-28,521.0,90547
2023-07-31,504.0,111158
2023-08-01,497.0,116230
2023-08-02,488.25,158406
2023-08-03,480.75,101378
2023-08-04,484.25,96911
2023-08-07,482.25,164880
2023-08-08,485.75,124554
2023-08-09,481.0,120224
2023-08-10,483.25,93318
2023-08-11,474.5,174425
2023-08-14,475.75,73606
2023-08-15,464.0,89967
2023-08-16,469.5,70843
2023-08-17,473.0,69172
2023-08-18,479.5,66477
2023-08-21,469.25,74711
2023-08-22,466.5,72976
2023-08-23,476.25,84523
2023-08-24,472.25,85162
2023-08-25,470.75,84408
2023-08-28,478.5,87576
2023-08-29,469.5,98795
2023-08-30,461.75,74605
2023-08-31,461.0,12073
2023-09-01,464.75,3311
2023-09-05,471.0,1553
2023-09-06,471.5,841
2023-09-07,470.75,741
2023-09-08,468.5,233
2023-09-11,471.25,430
2023-09-12,463.25,174
2023-09-13,464.0,120
2023-09-14,462.5,113552
2023-09-15,476.25,110377
2023-09-18,471.5,143316
2023-09-19,476.25,139647
2023-09-20,482.25,162298
2023-09-21,475.25,115196
2023-09-22,477.25,88610
2023-09-25,481.25,101591
2023-09-26,479.75,117585
2023-09-27,483.25,125713
2023-09-28,488.5,114318
2023-09-29,476.75,209423
2023-10-02,488.75,159224
2023-10-03,487.5,138101
2023-10-04,486.0,129880
2023-10-05,497.5,186342
2023-10-06,492.0,125225
2023-10-09,488.25,115532
2023-10-10,485.5,110081
2023-10-11,488.0,102590
2023-10-12,496.0,208365
2023-10-13,493.25,138232
2023-10-16,490.0,113486
2023-10-17,489.0,102031
2023-10-18,492.0,119274
2023-10-19,505.0,279440
2023-10-20,495.5,264540
2023-10-23,490.25,126442
2023-10-24,484.0,161081
2023-10-25,480.0,177281
2023-10-26,479.25,190730
2023-10-27,480.75,126300
2023-10-30,478.25,136565
2023-10-31,478.75,136045
2023-11-01,475.0,180119
2023-11-02,470.0,202193
2023-11-03,477.25,200217
2023-11-06,477.25,131646
2023-11-07,468.5,215810
2023-11-08,476.0,322782
2023-11-09,468.0,257163
2023-11-10,464.0,230543
2023-11-13,477.25,249727
2023-11-14,478.25,183143
2023-11-15,470.75,245509
2023-11-16,474.75,182325
2023-11-17,467.0,132235
2023-11-20,469.5,139825
2023-11-21,470.0,173228
2023-11-22,468.75,126935
2023-11-24,463.25,113555
2023-11-27,455.5,180939
2023-11-28,451.5,181371
2023-11-29,449.75,139560
2023-11-30,461.75,14188
2023-12-01,464.5,3312
2023-12-04,460.25,1925
2023-12-05,468.5,639
2023-12-06,464.75,347
2023-12-07,468.25,322
2023-12-08,465.75,319
2023-12-11,460.5,379
2023-12-12,462.5,265
2023-12-13,456.75,256
2023-12-14,456.75,106424
2023-12-15,483.0,108554
2023-12-18,477.0,129446
2023-12-19,472.75,130033
2023-12-20,469.75,131027
2023-12-21,472.5,108597
2023-12-22,473.0,80484
2023-12-26,480.25,114198
2023-12-27,476.5,107950
2023-12-28,474.25,99398
2023-12-29,471.25,109649
2024-01-02,463.75,187193
2024-01-03,465.25,147913
2024-01-04,466.5,127034
2024-01-05,460.75,151589
2024-01-08,455.0,214324
2024-01-09,459.25,215153
2024-01-10,459.5,193507
2024-01-11,457.75,165189
2024-01-12,447.0,314095
2024-01-16,443.5,175650
2024-01-17,442.25,205711
2024-01-18,444.0,180948
2024-01-19,445.5,148101
2024-01-22,445.75,112771
2024-01-23,446.5,152301
2024-01-24,452.25,156004
2024-01-25,451.75,169289
2024-01-26,446.25,135726
2024-01-29,440.25,203565
2024-01-30,447.75,194898
2024-01-31,448.25,135485
2024-02-01,447.25,153724
2024-02-02,442.75,129450
2024-02-05,442.75,137664
2024-02-06,438.75,193360
2024-02-07,434.25,245418
2024-02-08,433.25,222878
2024-02-09,429.0,206271
2024-02-12,430.5,198795
2024-02-13,430.75,182682
2024-02-14,424.25,230224
2024-02-15,417.75,217729
2024-02-16,416.5,176972
2024-02-20,418.75,217838
2024-02-21,411.0,180048
2024-02-22,406.0,199941
2024-02-23,399.75,218218
2024-02-26,407.0,227175
2024-02-27,408.25,139596
2024-02-28,413.25,118959
2024-02-29,415.75,8781
2024-03-01,412.25,3475
2024-03-04,417.5,2214
2024-03-05,413.5,1544
2024-03-06,418.0,2542
2024-03-07,426.0,1645
2024-03-08,426.25,755
2024-03-11,428.25,615
2024-03-12,429.0,527
2024-03-13,426.5,75
2024-03-14,422.5,153348
2024-03-15,436.75,140242
2024-03-18,436.0,121822
2024-03-19,439.5,115115
2024-03-20,439.0,131971
2024-03-21,440.75,158789
2024-03-22,439.25,132898
2024-03-25,437.75,118606
2024-03-26,432.5,155311
2024-03-27,426.75,165189
2024-03-28,442.0,360086
2024-04-01,435.5,200474
2024-04-02,426.5,235504
2024-04-03,431.75,187684
2024-04-04,435.25,153811
2024-04-05,434.25,192940
2024-04-08,435.5,215991
2024-04-09,431.25,219304
2024-04-10,434.25,210255
2024-04-11,428.75,250695
2024-04-12,435.5,202052
2024-04-15,431.5,152252
2024-04-16,431.0,148116
2024-04-17,430.25,139235
2024-04-18,426.75,180777
2024-04-19,433.5,163574
2024-04-22,439.75,192556
2024-04-23,443.0,144096
2024-04-24,437.75,161654
2024-04-25,441.0,168023
2024-04-26,440.0,165048
2024-04-29,439.25,117196
2024-04-30,439.5,14833
2024-05-01,443.25,4184
2024-05-02,452.0,2944
2024-05-03,447.0,2540
2024-05-06,457.0,1907
2024-05-07,453.75,1021
2024-05-08,445.5,634
2024-05-09,442.75,573
2024-05-10,455.75,316
2024-05-13,458.5,317
2024-05-14,453.75,246243
2024-05-15,462.5,222335
2024-05-16,457.0,200532
2024-05-17,452.5,217848
2024-05-20,460.5,185086
2024-05-21,458.0,168069
2024-05-22,461.25,175899
2024-05-23,464.0,166864
2024-05-24,464.75,169182
2024-05-28,462.5,166128
2024-05-29,455.25,166319
2024-05-30,448.75,225176
2024-05-31,446.25,174860
2024-06-03,443.5,262804
2024-06-04,442.5,221274
2024-06-05,439.25,183305
2024-06-06,452.0,261537
2024-06-07,448.75,238072
2024-06-10,451.75,230930
2024-06-11,449.5,271960
2024-06-12,454.25,276468
2024-06-13,458.5,296248
2024-06-14,450.0,228388
2024-06-17,443.75,172134
2024-06-18,450.0,191652
2024-06-20,439.75,229750
2024-06-21,435.0,217553
2024-06-24,433.5,203582
2024-06-25,425.5,172164
2024-06-26,420.0,161453
2024-06-27,413.75,142693
2024-06-28,397.25,15899
2024-07-01,398.25,1731
2024-07-02,402.0,764
2024-07-03,403.5,584
2024-07-05,411.25,398
2024-07-08,395.75,666
2024-07-09,400.25,585
2024-07-10,403.25,214
2024-07-11,406.75,65
2024-07-12,400.0,211323
2024-07-15,390.5,140155
2024-07-16,395.75,133849
2024-07-17,398.0,115086
2024-07-18,391.25,114790
2024-07-19,390.5,111883
2024-07-22,400.25,150907
2024-07-23,402.5,143835
2024-07-24,403.75,149625
2024-07-25,406.0,119013
2024-07-26,394.5,154397
2024-07-29,396.25,142225
2024-07-30,388.75,123321
2024-07-31,382.75,156261
2024-08-01,382.0,116742
2024-08-02,386.5,113751
2024-08-05,390.75,157029
2024-08-06,388.75,107227
2024-08-07,383.25,199142
2024-08-08,379.25,157714
2024-08-09,376.75,157231
2024-08-12,383.25,203695
2024-08-13,377.75,172577
2024-08-14,381.0,125031
2024-08-15,375.0,151990
2024-08-16,370.5,137465
2024-08-19,378.0,151084
2024-08-20,375.0,122507
2024-08-21,375.5,96191
2024-08-22,371.5,131932
2024-08-23,367.75,138358
2024-08-26,362.0,143588
2024-08-27,367.25,161618
2024-08-28,365.25,160784
2024-08-29,371.75,100531
2024-08-30,378.0,6393
2024-09-03,386.5,3017
2024-09-04,390.5,1519
2024-09-05,390.0,485
2024-09-06,383.75,504
2024-09-09,384.25,504
2024-09-10,379.5,296
2024-09-11,380.5,117
2024-09-12,386.25,123
2024-09-13,390.75,229028
2024-09-16,410.75,150818
2024-09-17,412.5,123973
2024-09-18,412.75,134644
2024-09-19,405.75,166204
2024-09-20,401.75,178231
2024-09-23,413.5,228072
2024-09-24,411.75,210496
2024-09-25,415.25,158957
2024-09-26,413.25,204872
2024-09-27,418.0,218578
2024-09-30,424.75,272926
2024-10-01,429.0,262757
2024-10-02,432.5,239747
2024-10-03,428.25,181331
2024-10-04,424.75,165354
2024-10-07,426.0,161439
2024-10-08,420.75,229659
2024-10-09,421.0,148815
2024-10-10,418.5,171360
2024-10-11,415.75,224069
2024-10-14,408.25,257782
2024-10-15,401.25,305403
2024-10-16,404.75,214285
2024-10-17,406.75,255482
2024-10-18,404.75,193538
2024-10-21,409.5,241760
2024-10-22,416.5,267224
2024-10-23,419.0,246005
2024-10-24,421.5,287987
2024-10-25,415.25,247609
2024-10-28,410.75,251359
2024-10-29,413.75,197431
2024-10-30,411.5,170092
2024-10-31,410.75,238814
2024-11-01,414.5,197406
2024-11-04,416.5,219138
2024-11-05,418.5,167928
2024-11-06,426.25,283193
2024-11-07,427.5,310584
2024-11-08,431.0,347310
2024-11-11,430.0,250205
2024-11-12,428.5,250503
2024-11-13,426.5,235165
2024-11-14,419.0,292267
2024-11-15,424.0,218570
2024-11-18,429.25,190964
2024-11-19,427.25,215160
2024-11-20,430.25,224875
2024-11-21,426.75,187445
2024-11-22,425.5,159873
2024-11-25,424.75,226269
2024-11-26,420.0,210241
2024-11-27,415.75,145009
2024-11-29,423.0,7903
2024-12-02,424.5,3895
2024-12-03,423.25,4091
2024-12-04,422.0,1723
2024-12-05,426.5,2566
2024-12-06,430.75,1372
2024-12-09,434.0,1586
2024-12-10,440.5,1685
2024-12-11,438.0,570
2024-12-12,431.75,334
2024-12-13,430.0,170867
2024-12-16,445.0,157167
2024-12-17,443.5,164416
2024-12-18,437.25,176178
2024-12-19,440.75,182519
2024-12-20,446.25,191422
2024-12-23,447.75,132878
2024-12-24,448.5,88153
2024-12-26,453.75,176165
2024-12-27,454.0,162024
2024-12-30,452.25,217069
2024-12-31,458.5,172882
2025-01-02,459.5,163449
2025-01-03,450.75,199340
2025-01-06,457.75,227403
2025-01-07,458.0,211629
2025-01-08,454.0,192588
2025-01-09,456.0,157712
2025-01-10,470.5,467086
2025-01-13,476.5,376883
2025-01-14,474.5,278017
2025-01-15,478.75,218140
2025-01-16,474.5,209824
2025-01-17,484.25,305007
2025-01-21,490.0,295105
2025-01-22,484.25,264538
2025-01-23,489.75,250550
2025-01-24,486.5,208959
2025-01-27,482.0,216234
2025-01-28,485.25,225855
2025-01-29,497.0,277207
2025-01-30,490.25,218110
2025-01-31,482.0,318483
2025-02-03,488.75,322166
2025-02-04,494.5,279780
2025-02-05,493.25,226004
2025-02-06,495.25,299134
2025-02-07,487.5,287303
2025-02-10,491.5,250904
2025-02-11,484.0,311257
2025-02-12,490.25,271391
2025-02-13,493.5,269316
2025-02-14,496.25,195600
2025-02-18,502.0,238775
2025-02-19,497.5,210080
2025-02-20,498.0,163804
2025-02-21,491.25,209485
2025-02-24,482.5,189315
2025-02-25,479.75,116438
2025-02-26,478.25,101750
2025-02-27,464.75,86413
2025-02-28,453.5,8178
2025-03-03,440.25,3364
2025-03-04,436.0,2273
2025-03-05,440.25,1169
2025-03-06,449.5,668
2025-03-07,455.25,311
2025-03-10,458.75,479
2025-03-11,456.5,76
2025-03-12,448.75,233
2025-03-13,453.5,101
2025-03-14,445.5,242039
2025-03-17,461.0,180875
2025-03-18,458.75,177170
2025-03-19,462.0,185225
2025-03-20,469.0,219751
2025-03-21,464.25,182427
2025-03-24,464.5,125182
2025-03-25,457.75,148189
2025-03-26,451.25,154487
2025-03-27,450.0,170192
2025-03-28,453.25,206960
2025-03-31,457.25,282804
2025-04-01,461.75,179571
2025-04-02,457.75,159591
2025-04-03,457.5,203152
2025-04-04,460.25,212888
2025-04-07,464.5,216782
2025-04-08,469.0,255177
2025-04-09,474.0,257173
2025-04-10,483.0,326270
2025-04-11,490.25,284335
2025-04-14,485.0,201393
2025-04-15,481.25,178411
2025-04-16,484.25,136221
2025-04-17,482.25,117566
2025-04-21,481.75,128840
2025-04-22,475.75,152079
2025-04-23,472.0,147853
2025-04-24,477.25,146915
2025-04-25,478.75,129454
2025-04-28,475.5,176588
2025-04-29,460.5,100359
2025-04-30,467.25,10991
2025-05-01,464.25,3008
2025-05-02,461.25,2624
2025-05-05,446.5,1098
2025-05-06,447.5,466
2025-05-07,441.0,617
2025-05-08,439.0,438
2025-05-09,441.5,240
2025-05-12,440.25,205
2025-05-13,436.0,66
2025-05-14,438.5,177064
2025-05-15,448.5,191182
2025-05-16,443.5,173410
2025-05-19,447.5,179623
2025-05-20,454.5,194894
2025-05-21,461.0,201425
2025-05-22,463.0,192800
2025-05-23,459.5,167356
2025-05-27,459.5,153148
2025-05-28,451.0,196402
2025-05-29,447.0,157586
2025-05-30,444.0,140113
2025-06-02,438.25,211154
2025-06-03,438.5,209493
2025-06-04,438.75,220751
2025-06-05,439.5,0
2025-06-06,442.5,229798
2025-06-09,433.5,228598
2025-06-10,438.75,245097
2025-06-11,437.0,201677
2025-06-12,438.5,190442
2025-06-13,444.5,179124
2025-06-16,434.75,177619
2025-06-17,431.5,231168
2025-06-18,433.5,0
2025-06-20,428.75,189743
2025-06-23,419.25,197265
2025-06-24,416.25,192057
2025-06-25,410.25,144137
2025-06-26,409.5,159014
2025-06-27,417.5,106238
2025-06-30,420.5,12555
2025-07-01,420.0,4103
2025-07-02,429.25,3639
2025-07-03,431.5,0
2025-07-07,418.0,709
2025-07-08,411.0,573
2025-07-09,412.5,349
2025-07-10,407.25,571
2025-07-11,403.0,315
2025-07-14,412.75,185262
2025-07-15,401.25,182568
2025-07-16,405.25,163241
2025-07-17,402.0,103691
2025-07-18,408.5,127464
2025-07-21,403.75,112066
2025-07-22,399.25,114958
2025-07-23,398.5,92982
2025-07-24,401.75,111447
2025-07-25,399.5,97166
2025-07-28,393.75,141670
2025-07-29,389.25,169994
2025-07-30,391.75,132091
2025-07-31,394.0,124175
2025-08-01,389.5,111475
2025-08-04,387.0,133486
2025-08-05,381.5,166267
2025-08-06,379.75,151730
2025-08-07,384.5,154983
2025-08-08,382.75,174531
2025-08-11,385.0,180486
2025-08-12,371.5,252732
2025-08-13,374.0,167774
2025-08-14,375.0,112000
2025-08-15,383.75,129521
2025-08-18,383.0,104730
2025-08-19,379.5,79845
2025-08-20,380.0,109776
2025-08-21,387.25,116898
2025-08-22,388.25,108358
2025-08-25,389.25,123992
2025-08-26,387.5,170218
2025-08-27,382.5,108482
2025-08-28,385.5,81216
2025-08-29,398.0,0
2025-09-02,403.0,1546
2025-09-03,397.75,1025
2025-09-04,399.75,863
2025-09-05,399.0,417
2025-09-08,403.0,549
2025-09-09,401.25,146
2025-09-10,397.25,57
2025-09-11,399.0,120
2025-09-12,399.0,363844
2025-09-15,423.25,192792
2025-09-16,429.5,178779
2025-09-17,426.75,146851
2025-09-18,423.75,113263
2025-09-19,424.0,162409
2025-09-22,421.75,189769
2025-09-23,426.25,145931
2025-09-24,424.25,134256
2025-09-25,425.75,146851
2025-09-26,422.0,131813
2025-09-29,421.5,146154
2025-09-30,415.5,279177
2025-10-01,416.5,285170
2025-10-02,421.75,192896
2025-10-03,419.0,179524
2025-10-06,421.75,141859
2025-10-07,419.75,219828
2025-10-08,422.0,167360
2025-10-09,418.25,207206
2025-10-10,413.0,233653
2025-10-13,410.75,233653
2025-10-14,413.0,192433
2025-10-15,416.75,195171
2025-10-16,421.75,304262
2025-10-17,422.5,185452
2025-10-20,423.25,179465
2025-10-21,419.75,181051
2025-10-22,423.0,186819
2025-10-23,428.0,206571
2025-10-24,423.25,211852
2025-10-27,428.75,295622
2025-10-28,432.0,378016
2025-10-29,434.0,239879
2025-10-30,430.25,301183
2025-10-31,431.5,214312
2025-11-03,434.25,0
2025-11-04,431.5,183033
2025-11-05,435.25,201307
2025-11-06,428.75,228266
2025-11-07,427.25,186066
2025-11-10,429.75,220392
2025-11-11,432.0,221848
2025-11-12,435.25,271699
2025-11-13,441.5,400924
2025-11-14,430.25,411585
2025-11-17,434.75,219642
2025-11-18,436.75,162294
2025-11-19,429.75,198902
2025-11-20,426.5,195292
2025-11-21,425.5,194578
2025-11-24,423.75,227312
2025-11-25,423.5,227795
2025-11-26,431.75,158325
2025-11-28,435.5,8642
2025-12-01,432.75,3265
2025-12-02,438.0,2267
2025-12-03,431.5,1340
2025-12-04,437.75,1242
2025-12-05,436.75,1038
2025-12-08,436.25,1738
2025-12-09,440.75,1093
2025-12-10,434.75,702
2025-12-11,435.25,257
2025-12-12,431.5,218646
2025-12-15,439.75,182672
2025-12-16,436.5,146742
2025-12-17,440.5,164256
2025-12-18,444.5,178974
2025-12-19,443.75,129516
2025-12-22,447.0,136615
2025-12-23,447.5,123702
2025-12-24,451.0,95803
2025-12-26,450.0,100523
2025-12-29,442.25,169679
2025-12-30,440.5,121253
2025-12-31,440.25,98189
2026-01-02,437.5,143948
2026-01-05,444.5,183496
2026-01-06,444.0,185037
2026-01-07,446.75,155458
2026-01-08,446.0,169477
2026-01-09,445.75,171304
2026-01-12,421.5,570230
2026-01-13,419.75,357198
2026-01-14,422.0,232729
2026-01-15,420.25,193927
2026-01-16,424.75,200728
2026-01-20,423.75,174838
2026-01-21,421.75,155623
2026-01-22,424.0,147104
2026-01-23,430.5,257317
2026-01-26,428.25,158114
2026-01-27,426.5,124209
2026-01-28,430.0,200201
2026-01-29,430.75,180152
2026-01-30,428.25,180152
2026-02-02,425.75,132524
